OrderInContainer, ChunkId, PackageId, PackageName, Filename, ContainerName, Offset, OffsetOnDisk, Size, CompressedSize, Hash, ChunkType, ClassType, PakChunk, Platform, InstallType, DeliveryType, PartitionIndex, OffsetInPartition
0, 0ff9ded9a527c16700000008, 0x67C127A5D9DEF90F, , ../../../TPSGunsDemo/Content/ShaderArchive-TPSGunsDemo_Chunk1-PCD3D_SM5-PCD3D_SM5.ushaderbytecode, pakchunk1-Windows, 0, 0, 2268, 2268, 0x6fd334a4cfce7ab1fcb29cd1ee9db58cedbb3ecd, ShaderCodeLibrary, , pakchunk1, Windows, Base, Installed, 0, 0
1, 4aeac10b3925a59600000008, 0x96A525390BC1EA4A, , ../../../TPSGunsDemo/Content/ShaderArchive-TPSGunsDemo_Chunk1-PCD3D_SM6-PCD3D_SM6.ushaderbytecode, pakchunk1-Windows, 65536, 4096, 4752, 4752, 0x7e51041bcb55322d5d9c48af20cb4a1bac22b5f3, ShaderCodeLibrary, , pakchunk1, Windows, Base, Installed, 0, 4096
2, 1fa2ac7c5324b9c700000008, 0xC7B924537CACA21F, , ../../../TPSGunsDemo/Content/ShaderArchive-TPSGunsDemo_Chunk1-SF_VULKAN_SM6-VULKAN_SM6.ushaderbytecode, pakchunk1-Windows, 131072, 10240, 4528, 4528, 0x22e5f18757c4fd0974aae98c4dd2f4ed125db6ff, ShaderCodeLibrary, , pakchunk1, Windows, Base, Installed, 0, 10240
3, cb652389d110156a00000009, 0x6A1510D1892365CB, , <ShaderCode>, pakchunk1-Windows, 196608, 14768, 1403, 1403, 0x76e2154a2831e24c6fa66d1370c40850f39f2fbe, ShaderCode, , pakchunk1, Windows, Base, Installed, 0, 14768
4, 7d97c38dcffd8e7d00000009, 0x7D8EFDCF8DC3977D, , <ShaderCode>, pakchunk1-Windows, 262144, 16384, 1870, 1870, 0x58e9b87c57f1d97dc0a733091e8f4beffbf7303a, ShaderCode, , pakchunk1, Windows, Base, Installed, 0, 16384
5, 15d343ad9f46900f00000009, 0xF90469FAD43D315, , <ShaderCode>, pakchunk1-Windows, 327680, 18432, 5924, 5924, 0xfc5b967d4906775d2cb579f0a6995db98c0ce6b4, ShaderCode, , pakchunk1, Windows, Base, Installed, 0, 18432
6, ede5ace7126c227d00000009, 0x7D226C12E7ACE5ED, , <ShaderCode>, pakchunk1-Windows, 393216, 24576, 67778, 67778, 0x29ae22a7b70d18df85dc58494cb6a535058213fe, ShaderCode, , pakchunk1, Windows, Base, Installed, 0, 24576
7, 3b8c330d43aee72c00000009, 0x2CE7AE430D338C3B, , <ShaderCode>, pakchunk1-Windows, 524288, 94208, 5692, 5692, 0x25bf44cb7d6f396371b92b852fec58c31abafc86, ShaderCode, , pakchunk1, Windows, Base, Installed, 0, 94208
8, 779e0737ff3e466200000009, 0x62463EFF37079E77, , <ShaderCode>, pakchunk1-Windows, 589824, 100352, 105434, 105434, 0xeb19462fbed49ff8e5d85a829722d4d0b83b865f, ShaderCode, , pakchunk1, Windows, Base, Installed, 0, 100352
9, d7624f9ba2256c6200000009, 0x626C25A29B4F62D7, , <ShaderCode>, pakchunk1-Windows, 720896, 206848, 3661, 3661, 0x4e5e40f0c7e136212a127bd36e6f1242aefa038e, ShaderCode, , pakchunk1, Windows, Base, Installed, 0, 206848
10, 3cc16d54507d0b3d00000009, 0x3D0B7D50546DC13C, , <ShaderCode>, pakchunk1-Windows, 786432, 210944, 2625, 2625, 0xec82ae33edb44828dc30f6bfa52f9b79cfa115c4, ShaderCode, , pakchunk1, Windows, Base, Installed, 0, 210944
11, 9b1a9b58b166db9e00000009, 0x9EDB66B1589B1A9B, , <ShaderCode>, pakchunk1-Windows, 851968, 215040, 3684, 3684, 0xc6184a7762b52eb5ae0ddc480080d12d4df219f2, ShaderCode, , pakchunk1, Windows, Base, Installed, 0, 215040
12, 4f75f89cf07514d300000009, 0xD31475F09CF8754F, , <ShaderCode>, pakchunk1-Windows, 917504, 219136, 65083, 65083, 0x8702c25c922622e6c949ebd8f3e2aa3e30f311f3, ShaderCode, , pakchunk1, Windows, Base, Installed, 0, 219136
13, d31d04728bc4c79400000009, 0x94C7C48B72041DD3, , <ShaderCode>, pakchunk1-Windows, 983040, 284672, 4005, 4005, 0xbfbc53cf242e6428d6f5124c5b390f1540962107, ShaderCode, , pakchunk1, Windows, Base, Installed, 0, 284672
14, da990b91b91ce37800000009, 0x78E31CB9910B99DA, , <ShaderCode>, pakchunk1-Windows, 1048576, 288768, 18520, 18520, 0x5009a2dc5cd42c0c3faa35fe407edf28bd01ec0a, ShaderCode, , pakchunk1, Windows, Base, Installed, 0, 288768
15, bb3b8fcbb7dd585a00000009, 0x5A58DDB7CB8F3BBB, , <ShaderCode>, pakchunk1-Windows, 1114112, 309248, 6889, 6889, 0xc63341230a9fd494e425f70b0c870a8da95e5eb8, ShaderCode, , pakchunk1, Windows, Base, Installed, 0, 309248
16, b9d15596382447a500000009, 0xA54724389655D1B9, , <ShaderCode>, pakchunk1-Windows, 1179648, 317440, 3671, 3671, 0x01656b4cc7d17113b075aefd1711ca54eb767a89, ShaderCode, , pakchunk1, Windows, Base, Installed, 0, 317440
17, 096b31849999014d00000009, 0x4D01999984316B09, , <ShaderCode>, pakchunk1-Windows, 1245184, 321536, 4491, 4491, 0xaa4b6eafa87dd96a9b70c569729d0732a8f6e812, ShaderCode, , pakchunk1, Windows, Base, Installed, 0, 321536
18, f43c1d0bb59e47b800000009, 0xB8479EB50B1D3CF4, , <ShaderCode>, pakchunk1-Windows, 1310720, 327680, 1967, 1967, 0x5dd91d95bf50be970d430b27bb4be23ad66a4f93, ShaderCode, , pakchunk1, Windows, Base, Installed, 0, 327680
19, efd46c0df2adea3600000009, 0x36EAADF20D6CD4EF, , <ShaderCode>, pakchunk1-Windows, 1376256, 329728, 2026, 2026, 0x6315953a9ea42fcad9d5739336afe71a39be8e00, ShaderCode, , pakchunk1, Windows, Base, Installed, 0, 329728
20, f111b3f3360cf86400000009, 0x64F80C36F3B311F1, , <ShaderCode>, pakchunk1-Windows, 1441792, 331776, 7730, 7730, 0x1eb955544bfefd9a970fc333192b63ff8313ecbf, ShaderCode, , pakchunk1, Windows, Base, Installed, 0, 331776
21, eb6d2f953d7136e900000009, 0xE936713D952F6DEB, , <ShaderCode>, pakchunk1-Windows, 1507328, 339968, 5646, 5646, 0x62bb36e7f802b00da76d243b4787f1802fb9f908, ShaderCode, , pakchunk1, Windows, Base, Installed, 0, 339968
22, 6559ef07ef6bdc8700000009, 0x87DC6BEF07EF5965, , <ShaderCode>, pakchunk1-Windows, 1572864, 346112, 3486, 3486, 0xa032966b44972b53e8a43bc951ffb0435b0f5408, ShaderCode, , pakchunk1, Windows, Base, Installed, 0, 346112
23, 8e50249202877edd00000009, 0xDD7E87029224508E, , <ShaderCode>, pakchunk1-Windows, 1638400, 350208, 24314, 24314, 0xeef1678c50e6be11e89bcb3d25a61771a1208e28, ShaderCode, , pakchunk1, Windows, Base, Installed, 0, 350208
24, 1212a1da06cf6f6000000009, 0x606FCF06DAA11212, , <ShaderCode>, pakchunk1-Windows, 1703936, 374784, 10429, 10429, 0x70b3a311bdcb2c1e90d8f1beeb6a6b25a9bf71c2, ShaderCode, , pakchunk1, Windows, Base, Installed, 0, 374784
25, d8d7a863ebd8e5f500000009, 0xF5E5D8EB63A8D7D8, , <ShaderCode>, pakchunk1-Windows, 1769472, 387072, 116070, 116070, 0x6eee52886a3dbceeb7349c94aaef2f1b134c1bab, ShaderCode, , pakchunk1, Windows, Base, Installed, 0, 387072
26, 9549ba8939903af700000009, 0xF73A903989BA4995, , <ShaderCode>, pakchunk1-Windows, 1900544, 503808, 3645, 3645, 0x0f2f3bd1bdfa02eed004e01556e29389bbb15005, ShaderCode, , pakchunk1, Windows, Base, Installed, 0, 503808
27, 7bc1c48237d8c6f200000009, 0xF2C6D83782C4C17B, , <ShaderCode>, pakchunk1-Windows, 1966080, 507904, 4005, 4005, 0x956df545292d95652b1753559b75c81cf77f6b4e, ShaderCode, , pakchunk1, Windows, Base, Installed, 0, 507904
28, e619de0c5908a26f00000009, 0x6FA208590CDE19E6, , <ShaderCode>, pakchunk1-Windows, 2031616, 512000, 12445, 12445, 0xba357344333db38f09997a3b0446391767cbb38d, ShaderCode, , pakchunk1, Windows, Base, Installed, 0, 512000
29, 257ddca34be0364500000009, 0x4536E04BA3DC7D25, , <ShaderCode>, pakchunk1-Windows, 2097152, 526336, 18106, 18106, 0xc5d2f36946eaca01916046adc50f330b04cf1e21, ShaderCode, , pakchunk1, Windows, Base, Installed, 0, 526336
30, 9d462a713479d95600000009, 0x56D97934712A469D, , <ShaderCode>, pakchunk1-Windows, 2162688, 544768, 5056, 5056, 0x665c62a0be458f600db96de312ffcbf41c44fa50, ShaderCode, , pakchunk1, Windows, Base, Installed, 0, 544768
31, f2660feeea57881a00000009, 0x1A8857EAEE0F66F2, , <ShaderCode>, pakchunk1-Windows, 2228224, 550912, 5410, 5410, 0x2898e0748091dbf72c3137d4407cbd3df6017f82, ShaderCode, , pakchunk1, Windows, Base, Installed, 0, 550912
32, 79d12121ebeeefd000000009, 0xD0EFEEEB2121D179, , <ShaderCode>, pakchunk1-Windows, 2293760, 557056, 4128, 4128, 0x6cbad77a2ea045bb93fe5550bd558e94ccc74a20, ShaderCode, , pakchunk1, Windows, Base, Installed, 0, 557056
33, 0d625b2c9490737700000009, 0x777390942C5B620D, , <ShaderCode>, pakchunk1-Windows, 2359296, 563200, 5828, 5828, 0x30db464e99d9253b8564639e3496c77e172b777d, ShaderCode, , pakchunk1, Windows, Base, Installed, 0, 563200
34, 0d91203d30de0bd900000009, 0xD90BDE303D20910D, , <ShaderCode>, pakchunk1-Windows, 2424832, 569344, 5744, 5744, 0xce6dfeddf98c3a66f089cdb3de220e264b94dc4b, ShaderCode, , pakchunk1, Windows, Base, Installed, 0, 569344
35, 033b6b33902af9f500000001, 0xF5F92A90336B3B03, , ../../../TPSGunsDemo/Plugins/GameFeatures/ShooterCore/Content/Input/Actions/IA_Grenade.uasset, pakchunk1-Windows, 2490368, 575488, 637, 637, 0x041e51411ea156fdba11070ea21b60896e28a577, ExportBundleData, , pakchunk1, Windows, Base, Installed, 0, 575488
36, c9b3c5131b9e5fe800000001, 0xE85F9E1B13C5B3C9, , ../../../TPSGunsDemo/Plugins/GameFeatures/ShooterCore/Content/Input/Actions/IA_QuickSlot2.uasset, pakchunk1-Windows, 2555904, 576128, 816, 816, 0x734a2a6c0e0bc150bb10cd73c3012730fc263429, ExportBundleData, , pakchunk1, Windows, Base, Installed, 0, 576128
37, f0a4ae6568c410e600000001, 0xE610C46865AEA4F0, , ../../../TPSGunsDemo/Plugins/GameFeatures/ShooterCore/Content/Input/Mappings/C_AimAssistTargetWeightCurve.uasset, pakchunk1-Windows, 2621440, 576944, 375, 375, 0xe1c41a0a8048defe9e1faf19ce4c94e7dfc12d84, ExportBundleData, , pakchunk1, Windows, Base, Installed, 0, 576944
38, 94e0dcd289a45be300000001, 0xE35BA489D2DCE094, , ../../../TPSGunsDemo/Plugins/GameFeatures/ShooterCore/Content/Input/Actions/IA_QuickSlot1.uasset, pakchunk1-Windows, 2686976, 577536, 816, 816, 0xb5d76b0c169cb8c80bedd0d4479d65396e8f2147, ExportBundleData, , pakchunk1, Windows, Base, Installed, 0, 577536
39, 70b6b22547db33da00000001, 0xDA33DB4725B2B670, , ../../../TPSGunsDemo/Plugins/GameFeatures/ShooterCore/Content/Experiences/Phases/GE_DamageImmunity_FromGameMode.uasset, pakchunk1-Windows, 2752512, 578352, 997, 997, 0x21c62ed81baa85bad53802a35b32ca5dd3a5e441, ExportBundleData, , pakchunk1, Windows, Base, Installed, 0, 578352
40, fbeaac0d438c04d800000001, 0xD8048C430DACEAFB, , ../../../TPSGunsDemo/Plugins/GameFeatures/ShooterCore/Content/Game/B_TeamColor_DeviceProperty.uasset, pakchunk1-Windows, 2818048, 579584, 4077, 1912, 0x78ac94d4bb3cef85350b17c7b1e205cd0473ec0c, ExportBundleData, , pakchunk1, Windows, Base, Installed, 0, 579584
41, 10b27f724ccd14d500000001, 0xD514CD4C727FB210, , ../../../TPSGunsDemo/Plugins/GameFeatures/ShooterCore/Content/Weapons/Grenade/Curve_GrenadeDamage.uasset, pakchunk1-Windows, 2883584, 581632, 421, 421, 0xcdd5bbfcecece3a6690b6138b405df43a8ee6d1c, ExportBundleData, , pakchunk1, Windows, Base, Installed, 0, 581632
42, 5bfcdc502d7f6ac200000001, 0xC26A7F2D50DCFC5B, , ../../../TPSGunsDemo/Plugins/GameFeatures/ShooterCore/Content/Input/Abilities/Struct_UIMessaging.uasset, pakchunk1-Windows, 2949120, 582064, 641, 641, 0xa383eb809b40a6fb5cacaba3b61deed08aea5719, ExportBundleData, , pakchunk1, Windows, Base, Installed, 0, 582064
43, cf8c8c2c2aaa6bb500000001, 0xB56BAA2A2C8C8CCF, , ../../../TPSGunsDemo/Plugins/GameFeatures/ShooterCore/Content/Input/Actions/IA_Emote.uasset, pakchunk1-Windows, 3014656, 582720, 621, 621, 0xefff6381027139a360de8dfa8997d079b030200e, ExportBundleData, , pakchunk1, Windows, Base, Installed, 0, 582720
44, 5dc9e3596bac10b200000001, 0xB210AC6B59E3C95D, , ../../../TPSGunsDemo/Plugins/GameFeatures/ShooterCore/Content/Input/Actions/IA_QuickSlot_CycleBackward.uasset, pakchunk1-Windows, 3080192, 583680, 696, 696, 0xedb51ba7d5156069c7b944931de2c137dbe85487, ExportBundleData, , pakchunk1, Windows, Base, Installed, 0, 583680
45, 51237de89cf8569900000001, 0x9956F89CE87D2351, , ../../../TPSGunsDemo/Plugins/GameFeatures/ShooterCore/Content/Game/GA_QuickbarSlots.uasset, pakchunk1-Windows, 3145728, 585728, 5514, 2289, 0x8be97dcebd80a5dc6f41b568c387ddc01d85c2a2, ExportBundleData, , pakchunk1, Windows, Base, Installed, 0, 585728
46, 7282b1f866c8958600000001, 0x8695C866F8B18272, , ../../../TPSGunsDemo/Plugins/GameFeatures/ShooterCore/Content/Weapons/Grenade/GE_Grenade_Cooldown.uasset, pakchunk1-Windows, 3211264, 588032, 989, 989, 0xfd98bbbf4e1507a3baf38ea2e4fbc01e7689c0fe, ExportBundleData, , pakchunk1, Windows, Base, Installed, 0, 588032
47, e79cd20ef3a06a7600000001, 0x766AA0F30ED29CE7, , ../../../TPSGunsDemo/Plugins/GameFeatures/ShooterCore/Content/Input/Actions/IA_QuickSlot3.uasset, pakchunk1-Windows, 3276800, 589824, 816, 816, 0xffa90154a2b4b9bb755c92d670cb90ffbfccc25d, ExportBundleData, , pakchunk1, Windows, Base, Installed, 0, 589824
48, b020d7265aeea36500000001, 0x65A3EE5A26D720B0, , ../../../TPSGunsDemo/Plugins/GameFeatures/ShooterCore/Content/Game/Respawn/GE_SpawnIn.uasset, pakchunk1-Windows, 3342336, 590640, 1132, 683, 0xc74f4ed8b7d294698e5d2aa4fa4f157a1f0640e2, ExportBundleData, , pakchunk1, Windows, Base, Installed, 0, 590640
49, 5854ddec89170c3900000001, 0x390C1789ECDD5458, , ../../../TPSGunsDemo/Plugins/GameFeatures/ShooterCore/Content/Input/Settings/GamepadAimSensitivity_Targeting.uasset, pakchunk1-Windows, 3407872, 591872, 910, 910, 0x641f45009c6d65129bfb098dbf41fd6807cba5c9, ExportBundleData, , pakchunk1, Windows, Base, Installed, 0, 591872
50, 7a9f75ae7c99322c00000001, 0x2C32997CAE759F7A, , ../../../TPSGunsDemo/Plugins/GameFeatures/ShooterCore/Content/Game/TagRelationships_ShooterHero.uasset, pakchunk1-Windows, 3473408, 592784, 1190, 579, 0x20822b92cb83421449313b7b40a0bf096d9877d5, ExportBundleData, , pakchunk1, Windows, Base, Installed, 0, 592784
51, a4a3bd8e5f159f2a00000001, 0x2A9F155F8EBDA3A4, , ../../../TPSGunsDemo/Plugins/GameFeatures/ShooterCore/Content/Input/Actions/IA_Melee.uasset, pakchunk1-Windows, 3538944, 593920, 621, 621, 0xb9d15311af2cc2744f5210e26853020bec8091da, ExportBundleData, , pakchunk1, Windows, Base, Installed, 0, 593920
52, a4a53240b1f96e2400000001, 0x246EF9B14032A5A4, , ../../../TPSGunsDemo/Plugins/GameFeatures/ShooterCore/Content/Input/Actions/IA_ADS.uasset, pakchunk1-Windows, 3604480, 594544, 622, 622, 0x0f4e0722afbe29dcd4c6714dac9bf14a68fc869e, ExportBundleData, , pakchunk1, Windows, Base, Installed, 0, 594544
53, 6180ed44986d392100000001, 0x21396D9844ED8061, , ../../../TPSGunsDemo/Plugins/GameFeatures/ShooterCore/Content/Input/Actions/IA_QuickSlot_CycleForward.uasset, pakchunk1-Windows, 3670016, 595168, 687, 687, 0xf948ceca5c7b70896013ccc81bea2c827a9ddf0f, ExportBundleData, , pakchunk1, Windows, Base, Installed, 0, 595168
54, 0dabe4677da0829c00000001, 0x9C82A07D67E4AB0D, , ../../../TPSGunsDemo/Plugins/GameFeatures/ShooterCore/Content/Weapons/Rifle/GE_Damage_RifleAuto.uasset, pakchunk1-Windows, 3735552, 595968, 1576, 869, 0x373b1f35043ec87aab7370e32869b569bc6f1018, ExportBundleData, , pakchunk1, Windows, Base, Installed, 0, 595968
55, cdeb9c8f8c26fd7d00000001, 0x7DFD268C8F9CEBCD, , ../../../TPSGunsDemo/Plugins/GameFeatures/ShooterCore/Content/Weapons/GE_Damage_Melee.uasset, pakchunk1-Windows, 3801088, 596848, 1748, 971, 0xa4fab9ebef45ac80001776c5fb53c16c62c7a378, ExportBundleData, , pakchunk1, Windows, Base, Installed, 0, 596848
56, 2d3bf281ba3c632e00000001, 0x2E633CBA81F23B2D, , ../../../TPSGunsDemo/Plugins/GameFeatures/ShooterCore/Content/Weapons/Grenade/GE_Damage_Grenade.uasset, pakchunk1-Windows, 3866624, 598016, 1685, 927, 0xe513ee052bc6cd1983985b581c103a0c0c8dc0f7, ExportBundleData, , pakchunk1, Windows, Base, Installed, 0, 598016
57, ee4b9faa10864f8e00000001, 0x8E4F8610AA9F4BEE, , ../../../TPSGunsDemo/Plugins/GameFeatures/ShooterCore/Content/Weapons/Rifle/GA_Weapon_Reload_Rifle.uasset, pakchunk1-Windows, 3932160, 598944, 925, 925, 0x3c4af5430452b78aa3c040852e0d1362016cf250, ExportBundleData, , pakchunk1, Windows, Base, Installed, 0, 598944
58, ecfdfe21c81f78c900000001, 0xC9781FC821FEFDEC, , ../../../TPSGunsDemo/Plugins/GameFeatures/ShooterCore/Content/Game/Respawn/GA_SpawnEffect.uasset, pakchunk1-Windows, 3997696, 600064, 7768, 2988, 0x1c6bc01878a655dcb2ed25eeb221404d00ec1a8a, ExportBundleData, , pakchunk1, Windows, Base, Installed, 0, 600064
59, 9c9d060ca1cd6a1300000001, 0x136ACDA10C069D9C, , ../../../TPSGunsDemo/Plugins/GameFeatures/ShooterCore/Content/Camera/ThirdPersonADSOffsetCurve.uasset, pakchunk1-Windows, 4063232, 603056, 425, 425, 0x6e91709b35e6748d9acf1bfda4008d49c3727168, ExportBundleData, , pakchunk1, Windows, Base, Installed, 0, 603056
60, f3a90624d79ce79500000001, 0x95E79CD72406A9F3, , ../../../TPSGunsDemo/Plugins/GameFeatures/ShooterCore/Content/Camera/CM_ThirdPersonADS.uasset, pakchunk1-Windows, 4128768, 603488, 1069, 643, 0x4773a8277fceaf40e970b58582fc49f0e717f78b, ExportBundleData, , pakchunk1, Windows, Base, Installed, 0, 603488
61, 4753d387b613da0b00000001, 0xBDA13B687D35347, , ../../../TPSGunsDemo/Plugins/GameFeatures/ShooterCore/Content/Input/Abilities/GA_DropWeapon.uasset, pakchunk1-Windows, 4194304, 604160, 3152, 1505, 0xbdb19afce077fe7fe10ae918db630b4389fe2286, ExportBundleData, , pakchunk1, Windows, Base, Installed, 0, 604160
62, c5e29d10b694935b00000001, 0x5B9394B6109DE2C5, , ../../../TPSGunsDemo/Plugins/GameFeatures/ShooterCore/Content/Input/Mappings/IMC_ADS_Speed.uasset, pakchunk1-Windows, 4259840, 606208, 1850, 1152, 0xc2cb2be2f955bdbba8195017c966fdd52f097b12, ExportBundleData, , pakchunk1, Windows, Base, Installed, 0, 606208
63, c7a830169ef5cef100000001, 0xF1CEF59E1630A8C7, , ../../../TPSGunsDemo/Plugins/GameFeatures/ShooterCore/Content/Game/Emote/W_EmoteTouchButton.uasset, pakchunk1-Windows, 4325376, 608256, 1789, 1028, 0x3a260b023375a5a2fcc541d08668fff289f83741, ExportBundleData, , pakchunk1, Windows, Base, Installed, 0, 608256
64, b7b7843a04bf824a00000001, 0x4A82BF043A84B7B7, , ../../../TPSGunsDemo/Plugins/GameFeatures/ShooterCore/Content/UserInterface/W_ToggleADSTouchButton.uasset, pakchunk1-Windows, 4390912, 610304, 1811, 1056, 0x7966fcaf8d6028a588e300435fdc6adfdcff71f7, ExportBundleData, , pakchunk1, Windows, Base, Installed, 0, 610304
65, 142183f66f7f12a000000001, 0xA0127F6FF6832114, , ../../../TPSGunsDemo/Plugins/GameFeatures/ShooterCore/Content/Input/Abilities/GA_ADS.uasset, pakchunk1-Windows, 4456448, 612352, 8605, 3704, 0x20d1d017a72a6cfeb527d2decd8fdf2569e6a44a, ExportBundleData, , pakchunk1, Windows, Base, Installed, 0, 612352
66, 77669b31263b5f6e00000001, 0x6E5F3B26319B6677, , ../../../TPSGunsDemo/Plugins/GameFeatures/ShooterCore/Content/Weapon/Grenade/B_Grenade.uasset, pakchunk1-Windows, 4521984, 616448, 21664, 7108, 0xf38ad839537c4036d9b8297c6ae5c901dca8a4e9, ExportBundleData, , pakchunk1, Windows, Base, Installed, 0, 616448
67, 0af4caedb277db5600000001, 0x56DB77B2EDCAF40A, , ../../../TPSGunsDemo/Plugins/GameFeatures/ShooterCore/Content/Weapons/Pistol/B_Pistol.uasset, pakchunk1-Windows, 4587520, 624640, 2641, 1412, 0x0bf5dfcffaef5c8c98aedc6ace1bcc55e0ffa573, ExportBundleData, , pakchunk1, Windows, Base, Installed, 0, 624640
68, 64012bf73116f91c00000001, 0x1CF91631F72B0164, , ../../../TPSGunsDemo/Plugins/GameFeatures/ShooterCore/Content/Weapons/Rifle/B_Rifle.uasset, pakchunk1-Windows, 4653056, 626688, 2639, 1409, 0x7997102d2a6c9a0b14619ed5bd0dff42327f736b, ExportBundleData, , pakchunk1, Windows, Base, Installed, 0, 626688
69, 380141f8b799ebcd00000001, 0xCDEB99B7F8410138, , ../../../TPSGunsDemo/Plugins/GameFeatures/ShooterCore/Content/Weapons/Rifle/GA_Weapon_Fire_Rifle_Auto.uasset, pakchunk1-Windows, 4718592, 628736, 1233, 742, 0xc898e13dc009c9131232ec9bc383a40179516368, ExportBundleData, , pakchunk1, Windows, Base, Installed, 0, 628736
70, 3cb3e3148bfdb29b00000001, 0x9BB2FD8B14E3B33C, , ../../../TPSGunsDemo/Plugins/GameFeatures/ShooterCore/Content/Weapons/Rifle/AbilitySet_ShooterRifle.uasset, pakchunk1-Windows, 4784128, 629488, 792, 792, 0x00c5c6e34458f389b4915d7bb75eaf186a5e19eb, ExportBundleData, , pakchunk1, Windows, Base, Installed, 0, 629488
71, 4de387097d75e94f00000001, 0x4FE9757D0987E34D, , ../../../TPSGunsDemo/Plugins/GameFeatures/ShooterCore/Content/Weapons/Pistol/GA_Weapon_Fire_Pistol.uasset, pakchunk1-Windows, 4849664, 630784, 1394, 828, 0xc161468189eaf96ca2bb1b7b66626ab70bf0f90f, ExportBundleData, , pakchunk1, Windows, Base, Installed, 0, 630784
72, 4928fabafdbd7e9600000001, 0x967EBDFDBAFA2849, , ../../../TPSGunsDemo/Plugins/GameFeatures/ShooterCore/Content/Weapons/Pistol/AbilitySet_ShooterPistol.uasset, pakchunk1-Windows, 4915200, 631616, 784, 784, 0x02ed01bce25a3aebbda324f47076a287de06053e, ExportBundleData, , pakchunk1, Windows, Base, Installed, 0, 631616
73, fa84f712b31f8cc400000001, 0xC48C1FB312F784FA, , ../../../TPSGunsDemo/Plugins/GameFeatures/ShooterCore/Content/Weapons/Rifle/W_Reticle_Rifle.uasset, pakchunk1-Windows, 4980736, 632832, 20801, 6780, 0xd229a8188dfb9c43dc6a8c7cc7527784ae1f3716, ExportBundleData, , pakchunk1, Windows, Base, Installed, 0, 632832
74, e90b5a512abcc6af00000001, 0xAFC6BC2A515A0BE9, , ../../../TPSGunsDemo/Plugins/GameFeatures/ShooterCore/Content/Game/Emote/GA_Emote.uasset, pakchunk1-Windows, 5046272, 641024, 6722, 2769, 0xd6d85386ac6d8e0a74bfb1cfc1d7b7c6e990c561, ExportBundleData, , pakchunk1, Windows, Base, Installed, 0, 641024
75, d91e28f6908c44f200000001, 0xF2448C90F6281ED9, , ../../../TPSGunsDemo/Plugins/GameFeatures/ShooterCore/Content/Game/Dash/W_DashCooldown.uasset, pakchunk1-Windows, 5111808, 645120, 23340, 7271, 0xbecdd0bfc2a1e3c0bafd2ebab78e1650e6f86427, ExportBundleData, , pakchunk1, Windows, Base, Installed, 0, 645120
76, b1f84ac0372583d800000001, 0xD8832537C04AF8B1, , ../../../TPSGunsDemo/Plugins/GameFeatures/ShooterCore/Content/Weapons/Rifle/W_AmmoCounter_Rifle.uasset, pakchunk1-Windows, 5177344, 653312, 8869, 3068, 0x53b9a5ebbfd2bb859aec6cdb8a48ad39dff23eaf, ExportBundleData, , pakchunk1, Windows, Base, Installed, 0, 653312
77, d46ed643bc82136900000001, 0x691382BC43D66ED4, , ../../../TPSGunsDemo/Plugins/GameFeatures/ShooterCore/Content/Weapons/Grenade/W_GrenadeCooldown.uasset, pakchunk1-Windows, 5242880, 657408, 2702, 1380, 0xcecca74270794f724e60510dc87fe3d92a1a451f, ExportBundleData, , pakchunk1, Windows, Base, Installed, 0, 657408
78, 1bbe1f671742de4800000001, 0x48DE4217671FBE1B, , ../../../TPSGunsDemo/Plugins/GameFeatures/ShooterCore/Content/Input/Abilities/GA_Grenade.uasset, pakchunk1-Windows, 5308416, 659456, 17454, 5358, 0xf38ce7b8cbad53a9eea3c6e7ab8bcdecf88f41c8, ExportBundleData, , pakchunk1, Windows, Base, Installed, 0, 659456
79, bd82f13556b85a6000000001, 0x605AB85635F182BD, , ../../../TPSGunsDemo/Plugins/GameFeatures/ShooterCore/Content/Game/Dash/W_DashTouchButton.uasset, pakchunk1-Windows, 5373952, 665600, 3156, 1623, 0xe9d3c2e54d37cd85adaad393cedeecd4929d8472, ExportBundleData, , pakchunk1, Windows, Base, Installed, 0, 665600
80, 517fa050d4bd0b5400000001, 0x540BBDD450A07F51, , ../../../TPSGunsDemo/Plugins/GameFeatures/ShooterCore/Content/Game/Dash/GA_Hero_Dash.uasset, pakchunk1-Windows, 5439488, 667648, 18200, 5569, 0x4393e4d84c5dc2699bcaf1eaee2878aa1f9efb98, ExportBundleData, , pakchunk1, Windows, Base, Installed, 0, 667648
81, 184dfa758c8ecce100000001, 0xE1CC8E8C75FA4D18, , ../../../TPSGunsDemo/Plugins/GameFeatures/ShooterCore/Content/Game/Melee/W_MeleeTouchButton.uasset, pakchunk1-Windows, 5505024, 673792, 1789, 1028, 0x6bf06ed1b603f1b76489db9042d7a90e01a77c43, ExportBundleData, , pakchunk1, Windows, Base, Installed, 0, 673792
82, 473fc31a86b9725c00000001, 0x5C72B9861AC33F47, , ../../../TPSGunsDemo/Plugins/GameFeatures/ShooterCore/Content/Weapons/Rifle/B_WeaponInstance_Rifle.uasset, pakchunk1-Windows, 5570560, 675840, 1919, 1015, 0xabfffc3f8fd13415944809d77bdaff7dd8c76e02, ExportBundleData, , pakchunk1, Windows, Base, Installed, 0, 675840
83, 9cbc1751562b5dcf00000001, 0xCF5D2B565117BC9C, , ../../../TPSGunsDemo/Plugins/GameFeatures/ShooterCore/Content/Weapons/Rifle/WID_Rifle.uasset, pakchunk1-Windows, 5636096, 676864, 1085, 654, 0xb6f4decf9855b95aba0850b6b0583772a3127544, ExportBundleData, , pakchunk1, Windows, Base, Installed, 0, 676864
84, 622969e25b5d67f600000001, 0xF6675D5BE2692962, , ../../../TPSGunsDemo/Plugins/GameFeatures/ShooterCore/Content/Weapons/Rifle/ID_Rifle.uasset, pakchunk1-Windows, 5701632, 677888, 2567, 1406, 0x950b8abfc148e9dcb355eeee2402d19c9d1229ed, ExportBundleData, , pakchunk1, Windows, Base, Installed, 0, 677888
85, b3497987cc3c9b5900000001, 0x599B3CCC877949B3, , ../../../TPSGunsDemo/Plugins/GameFeatures/ShooterCore/Content/Game/B_Hero_ShooterMannequin.uasset, pakchunk1-Windows, 5767168, 679936, 38663, 11347, 0xed654c036a743be1e36fb4bc986d2d0bbbc38ec3, ExportBundleData, , pakchunk1, Windows, Base, Installed, 0, 679936
86, b6826a88596c6a7800000001, 0x786A6C59886A82B6, , ../../../TPSGunsDemo/Plugins/GameFeatures/ShooterCore/Content/Weapons/B_WeaponInstance_Base.uasset, pakchunk1-Windows, 5832704, 692224, 12122, 3599, 0xdc7cd9078327a2f0b71446cdbc7fbdbd308b8a42, ExportBundleData, , pakchunk1, Windows, Base, Installed, 0, 692224
87, 28fd21fbb890795e00000001, 0x5E7990B8FB21FD28, , ../../../TPSGunsDemo/Plugins/GameFeatures/ShooterCore/Content/Weapons/Pistol/B_WeaponInstance_Pistol.uasset, pakchunk1-Windows, 5898240, 696320, 1642, 901, 0x350c036594b56d44c3394752a60f90ff424d9f6b, ExportBundleData, , pakchunk1, Windows, Base, Installed, 0, 696320
88, 503a1406a43b346100000001, 0x61343BA406143A50, , ../../../TPSGunsDemo/Plugins/GameFeatures/ShooterCore/Content/Weapons/Pistol/WID_Pistol.uasset, pakchunk1-Windows, 5963776, 697232, 1091, 659, 0x39544651ce304da421ca79f7df60e0a4a6e543cb, ExportBundleData, , pakchunk1, Windows, Base, Installed, 0, 697232
89, e4ab0026c05c648600000001, 0x86645CC02600ABE4, , ../../../TPSGunsDemo/Plugins/GameFeatures/ShooterCore/Content/Weapons/Rifle/B_WeaponInstance_Rifle_7.uasset, pakchunk1-Windows, 6029312, 698368, 1925, 1023, 0x7a36b62e7acc2a17d2b6661d5dc3c7edb0bf63d3, ExportBundleData, , pakchunk1, Windows, Base, Installed, 0, 698368
90, 0d9f982c42a2da3d00000001, 0x3DDAA2422C989F0D, , ../../../TPSGunsDemo/Plugins/GameFeatures/ShooterCore/Content/Weapons/Rifle/WID_Rifle_7.uasset, pakchunk1-Windows, 6094848, 699392, 1085, 655, 0x71d4cfe791a788b6230313a00faae91404cbeaa7, ExportBundleData, , pakchunk1, Windows, Base, Installed, 0, 699392
91, 2ea582e8a9e159b000000001, 0xB059E1A9E882A52E, , ../../../TPSGunsDemo/Plugins/GameFeatures/ShooterCore/Content/Weapons/Rifle/ID_Rifle_7.uasset, pakchunk1-Windows, 6160384, 700416, 2569, 1411, 0x79bddea25f88fcc16f6c991bf2e478685b697496, ExportBundleData, , pakchunk1, Windows, Base, Installed, 0, 700416
92, c9369217c2a14ffc00000001, 0xFC4FA1C2179236C9, , ../../../TPSGunsDemo/Plugins/GameFeatures/ShooterCore/Content/Game/Melee/GA_Melee.uasset, pakchunk1-Windows, 6225920, 702464, 21068, 6282, 0x8ffc897e2f8d4d58d3b05bef7eb1672748681df7, ExportBundleData, , pakchunk1, Windows, Base, Installed, 0, 702464
93, ff7d2c6b775df71900000001, 0x19F75D776B2C7DFF, , ../../../TPSGunsDemo/Plugins/GameFeatures/ShooterCore/Content/Game/AbilitySet_ShooterHero.uasset, pakchunk1-Windows, 6291456, 708752, 1880, 1093, 0x2bc25225fde0a30d11ecabd3765549af2d93e2cf, ExportBundleData, , pakchunk1, Windows, Base, Installed, 0, 708752
94, 66416cd689b8835f00000001, 0x5F83B889D66C4166, , ../../../TPSGunsDemo/Plugins/GameFeatures/ShooterCore/Content/Game/HeroData_ShooterGame.uasset, pakchunk1-Windows, 6356992, 710656, 1021, 1021, 0x3a265bd6e40b2d1cef26246c4df4cefbf8af2703, ExportBundleData, , pakchunk1, Windows, Base, Installed, 0, 710656
95, 1828248d8477aac500000001, 0xC5AA77848D242818, , ../../../TPSGunsDemo/Plugins/GameFeatures/ShooterCore/Content/Experiences/B_LyraShooterGame_ControlPoints.uasset, pakchunk1-Windows, 6422528, 712704, 3217, 1614, 0xe0a21cff94b95dec39473402d41896761fff9128, ExportBundleData, , pakchunk1, Windows, Base, Installed, 0, 712704
96, e3c896fa631c4bed00000001, 0xED4B1C63FA96C8E3, , ../../../TPSGunsDemo/Plugins/GameFeatures/ShooterCore/Content/Experiences/B_ShooterGame_Elimination.uasset, pakchunk1-Windows, 6488064, 714752, 3009, 1550, 0x085b0e6444626b730c34a5387b13f15caccfe1c2, ExportBundleData, , pakchunk1, Windows, Base, Installed, 0, 714752
97, f83e301e7292b99000000001, 0x90B992721E303EF8, , ../../../TPSGunsDemo/Plugins/GameFeatures/ShooterCore/Content/Items/HealthPickup/GE_InstantHeal_Part.uasset, pakchunk1-Windows, 6553600, 716800, 1360, 786, 0xd7a88bc7b886d52b533dc5288cc8ece3b4cbcb54, ExportBundleData, , pakchunk1, Windows, Base, Installed, 0, 716800
98, 35b0304abf42c94d00000001, 0x4DC942BF4A30B035, , ../../../TPSGunsDemo/Plugins/GameFeatures/ShooterCore/Content/Items/HealthPickup/GE_InstantHeal_Big.uasset, pakchunk1-Windows, 6619136, 717600, 1360, 781, 0xdf980a57b453c791f36f831eab17716fea9d3703, ExportBundleData, , pakchunk1, Windows, Base, Installed, 0, 717600
99, 24d609e5a038fa3e00000001, 0x3EFA38A0E509D624, , ../../../TPSGunsDemo/Plugins/GameFeatures/ShooterCore/Content/Blueprint/B_Launcher.uasset, pakchunk1-Windows, 6684672, 718848, 10179, 4116, 0xdbfe5aa26de7519ac42aea63091996de6528ed0d, ExportBundleData, , pakchunk1, Windows, Base, Installed, 0, 718848
100, 7abebf54b211ccad00000001, 0xADCC11B254BFBE7A, , ../../../TPSGunsDemo/Plugins/GameFeatures/ShooterCore/Content/Blueprint/B_Launcher_Push.uasset, pakchunk1-Windows, 6750208, 724992, 8431, 2829, 0xcc9b28daacffd45a2bc8f9a7a4c24577cbb0ae54, ExportBundleData, , pakchunk1, Windows, Base, Installed, 0, 724992
101, c449c30d86f10d2600000001, 0x260DF1860DC349C4, , ../../../TPSGunsDemo/Plugins/GameFeatures/ShooterCore/Content/Weapons/Pistol/W_Reticle_Pistol.uasset, pakchunk1-Windows, 6815744, 729088, 20906, 6828, 0x97def2f8876c9e2f5ae7d610a16eb6612faa7b49, ExportBundleData, , pakchunk1, Windows, Base, Installed, 0, 729088
102, 77153b06503d150700000001, 0x7153D50063B1577, , ../../../TPSGunsDemo/Plugins/GameFeatures/ShooterCore/Content/Weapons/Pistol/W_AmmoCounter_Pistol.uasset, pakchunk1-Windows, 6881280, 737280, 8880, 3067, 0x789bf1d447a1a4902c44727fff7080c89f137b4a, ExportBundleData, , pakchunk1, Windows, Base, Installed, 0, 737280
103, 32dc3cc8bb3b3b8000000001, 0x803B3BBBC83CDC32, , ../../../TPSGunsDemo/Plugins/GameFeatures/ShooterCore/Content/Blueprint/B_WeaponSpawner.uasset, pakchunk1-Windows, 6946816, 741376, 19876, 7193, 0x6e16d5f9e87aa646497fb21c30a10d76c326227b, ExportBundleData, , pakchunk1, Windows, Base, Installed, 0, 741376
104, 9e5931dbadc0eaa000000001, 0xA0EAC0ADDB31599E, , ../../../TPSGunsDemo/Plugins/GameFeatures/ShooterCore/Content/Blueprint/B_AbilitySpawner.uasset, pakchunk1-Windows, 7012352, 749568, 6740, 3165, 0x845d8c90db9d28b6316d964dbab381fcde7ff330, ExportBundleData, , pakchunk1, Windows, Base, Installed, 0, 749568
105, 1bb77d8df989781600000001, 0x167889F98D7DB71B, , ../../../TPSGunsDemo/Plugins/GameFeatures/ShooterCore/Content/Weapons/Pistol/ID_Pistol.uasset, pakchunk1-Windows, 7077888, 753664, 2575, 1401, 0x6e308f734fb5602e00389411643fd80a52abeac5, ExportBundleData, , pakchunk1, Windows, Base, Installed, 0, 753664
106, 4d5492347560822600000001, 0x268260753492544D, , ../../../TPSGunsDemo/Plugins/GameFeatures/ShooterCore/Content/Items/HealthPickup/WeaponPickupData_Heal_Big.uasset, pakchunk1-Windows, 7143424, 755712, 914, 914, 0xdcb76f9cd539b70f1e1a3d687f77b6ea579a88a0, ExportBundleData, , pakchunk1, Windows, Base, Installed, 0, 755712
107, 7c743cdd8e48450c00000001, 0xC45488EDD3C747C, , ../../../TPSGunsDemo/Plugins/GameFeatures/ShooterMaps/Content/Maps/L_Expanse_Blockout/_Generated_/1XV84RPZ855KKWXYLN7DP0GBN.umap, pakchunk1-Windows, 7208960, 757760, 19498, 5650, 0xd209f5f32ea57728614222c12343fb3a797f11e1, ExportBundleData, , pakchunk1, Windows, Base, Installed, 0, 757760
108, cb45647fe8c0cd9500000001, 0x95CDC0E87F6445CB, , ../../../TPSGunsDemo/Plugins/GameFeatures/ShooterCore/Content/Blueprint/B_Launcher_Up.uasset, pakchunk1-Windows, 7274496, 763904, 4432, 2125, 0x07385a0a2889041c28a1bc800aa2d13f83db18d6, ExportBundleData, , pakchunk1, Windows, Base, Installed, 0, 763904
109, 9bdd465b76754d1d00000001, 0x1D4D75765B46DD9B, , ../../../TPSGunsDemo/Plugins/GameFeatures/ShooterMaps/Content/Maps/L_Expanse_Blockout/_Generated_/E4ZNW69C7H1OIDD9AY7VXMISG.umap, pakchunk1-Windows, 7340032, 768000, 7588, 3270, 0xaf9dc232485683b11f28df989e7224bc7ecbf0b3, ExportBundleData, , pakchunk1, Windows, Base, Installed, 0, 768000
110, 50d17530021e4c3000000001, 0x304C1E023075D150, , ../../../TPSGunsDemo/Plugins/GameFeatures/ShooterMaps/Content/Maps/L_Expanse_Blockout/_Generated_/62A4A8EUJVI1A11DXKNYR3BDM.umap, pakchunk1-Windows, 7405568, 772096, 7587, 3265, 0x1c09e5578e17ab7f94ae3120465cc072ff052f61, ExportBundleData, , pakchunk1, Windows, Base, Installed, 0, 772096
111, 530a03ea569d0ed000000001, 0xD00E9D56EA030A53, , ../../../TPSGunsDemo/Plugins/GameFeatures/ShooterCore/Content/Experiences/Phases/GE_PregameLobby.uasset, pakchunk1-Windows, 7471104, 775376, 1180, 699, 0x5679663e91282d96d755072a31273c90a5010560, ExportBundleData, , pakchunk1, Windows, Base, Installed, 0, 775376
112, 3de2ed50e5b06da400000001, 0xA46DB0E550EDE23D, , ../../../TPSGunsDemo/Plugins/GameFeatures/ShooterCore/Content/Effects/Material/MT_ControlPoint.uasset, pakchunk1-Windows, 7536640, 776192, 16696, 3334, 0x2732fd0900c340f4c633b96c7aa973ad5aca6501, ExportBundleData, , pakchunk1, Windows, Base, Installed, 0, 776192
113, 30e3cadd14671f6200000001, 0x621F6714DDCAE330, , ../../../TPSGunsDemo/Plugins/GameFeatures/ShooterCore/Content/Experiences/Phases/Phase_Playing.uasset, pakchunk1-Windows, 7602176, 780288, 2016, 1110, 0xbf86cdd0b02428807e34af976ad7331ab7f33d5e, ExportBundleData, , pakchunk1, Windows, Base, Installed, 0, 780288
114, a3f0e7d34f55055800000001, 0x5805554FD3E7F0A3, , ../../../TPSGunsDemo/Plugins/GameFeatures/ShooterCore/Content/Experiences/Phases/Phase_Warmup.uasset, pakchunk1-Windows, 7667712, 782336, 8773, 3472, 0x801dec9381f1b88ed23118b4ac691ec11b937920, ExportBundleData, , pakchunk1, Windows, Base, Installed, 0, 782336
115, 874fb0913f904e5800000001, 0x584E903F91B04F87, , ../../../TPSGunsDemo/Plugins/GameFeatures/ShooterCore/Content/Effects/Mesh/capturepoint_ring_corner.uasset, pakchunk1-Windows, 7733248, 786432, 18572, 5145, 0xfc89c50f767586496ed0b0356a17dab39abe0558, ExportBundleData, , pakchunk1, Windows, Base, Installed, 0, 786432
116, 880fa65620a5114b00000001, 0x4B11A52056A60F88, , ../../../TPSGunsDemo/Plugins/GameFeatures/ShooterCore/Content/Effects/Environmental/NS_CapturePoint.uasset, pakchunk1-Windows, 7798784, 792576, 26679, 9044, 0x37379a350d4fd4f740bfe8f94200f691bd6f78af, ExportBundleData, , pakchunk1, Windows, Base, Installed, 0, 792576
117, 15f081e32d33271700000001, 0x1727332DE381F015, , ../../../TPSGunsDemo/Plugins/GameFeatures/ShooterCore/Content/Weapons/Shotgun/GE_Damage_Shotgun.uasset, pakchunk1-Windows, 7864320, 801632, 1568, 865, 0x1f58f28ef0621222d27140b4924fc418e9ef791b, ExportBundleData, , pakchunk1, Windows, Base, Installed, 0, 801632
118, 9d22be9bc4f26d1e00000001, 0x1E6DF2C49BBE229D, , ../../../TPSGunsDemo/Plugins/GameFeatures/ShooterCore/Content/Weapons/Shotgun/GA_Weapon_Reload_Shotgun.uasset, pakchunk1-Windows, 7929856, 802816, 937, 937, 0x23583cd19d42b311fb88b65972a5588e1f15cca4, ExportBundleData, , pakchunk1, Windows, Base, Installed, 0, 802816
119, 713fa37eb0a3b60e00000001, 0xEB6A3B07EA33F71, , ../../../TPSGunsDemo/Plugins/GameFeatures/ShooterCore/Content/Experiences/Phases/Phase_PostGame.uasset, pakchunk1-Windows, 7995392, 804864, 2439, 1466, 0xd2bf93d9871367f0e5f7c0f0f634cd7e181d14b3, ExportBundleData, , pakchunk1, Windows, Base, Installed, 0, 804864
120, d373a8523a6e3a7300000001, 0x733A6E3A52A873D3, , ../../../TPSGunsDemo/Plugins/GameFeatures/ShooterCore/Content/Weapons/Shotgun/B_Shotgun.uasset, pakchunk1-Windows, 8060928, 806912, 2675, 1408, 0xb8ff09ccf4c88a248b43bd66e1e18656894033c7, ExportBundleData, , pakchunk1, Windows, Base, Installed, 0, 806912
121, afc622a2b2f8790900000001, 0x979F8B2A222C6AF, , ../../../TPSGunsDemo/Plugins/GameFeatures/ShooterCore/Content/Weapons/Shotgun/W_Reticle_Shotgun.uasset, pakchunk1-Windows, 8126464, 808960, 22574, 7154, 0xd51368795d1fc81c5ce68c71e80f15c7e037e956, ExportBundleData, , pakchunk1, Windows, Base, Installed, 0, 808960
122, 2055d9f7d0044f9700000001, 0x974F04D0F7D95520, , ../../../TPSGunsDemo/Plugins/GameFeatures/ShooterCore/Content/Weapons/Shotgun/W_AmmoCounter_Shotgun.uasset, pakchunk1-Windows, 8192000, 817152, 8895, 3083, 0x4d3020a51c80c1c5686238845e60bfa3baf66d00, ExportBundleData, , pakchunk1, Windows, Base, Installed, 0, 817152
123, bb3f2823fd98bbf400000001, 0xF4BB98FD23283FBB, , ../../../TPSGunsDemo/Plugins/GameFeatures/ShooterCore/Content/Effects/Environmental/NS_CapturePointCounter.uasset, pakchunk1-Windows, 8257536, 821248, 35067, 12178, 0x6c1b445671132c22cf213b7ace6c18d460b7b822, ExportBundleData, , pakchunk1, Windows, Base, Installed, 0, 821248
124, 08c32c6fcc6cff2e00000001, 0x2EFF6CCC6F2CC308, , ../../../TPSGunsDemo/Plugins/GameFeatures/ShooterCore/Content/Game/B_ShooterGameScoring_Base.uasset, pakchunk1-Windows, 8323072, 833536, 13604, 4198, 0xf8ac1756f1017ac84b2b83d57b781b62205b5dfe, ExportBundleData, , pakchunk1, Windows, Base, Installed, 0, 833536
125, fbb0d2a4dc073c6400000001, 0x643C07DCA4D2B0FB, , ../../../TPSGunsDemo/Plugins/GameFeatures/ShooterCore/Content/ControlPoint/B_ControlPointScoring.uasset, pakchunk1-Windows, 8388608, 839680, 22182, 6304, 0x84db5d967c90db13f37d8cdb53c6a6dc80afbd60, ExportBundleData, , pakchunk1, Windows, Base, Installed, 0, 839680
126, 29db7fca128809b100000001, 0xB1098812CA7FDB29, , ../../../TPSGunsDemo/Plugins/GameFeatures/ShooterCore/Content/Blueprint/B_ControlPointVolume.uasset, pakchunk1-Windows, 8454144, 847872, 38173, 10625, 0x1a7095f9faa7f068c84bfc0b5c18f450fa5d2645, ExportBundleData, , pakchunk1, Windows, Base, Installed, 0, 847872
127, edbc0268dbd0d4aa00000001, 0xAAD4D0DB6802BCED, , ../../../TPSGunsDemo/Plugins/GameFeatures/ShooterCore/Content/Weapons/Shotgun/GA_Weapon_Fire_Shotgun.uasset, pakchunk1-Windows, 8519680, 858512, 1390, 844, 0xb3314b9d336247e2d697ee01a2755b15295a4c30, ExportBundleData, , pakchunk1, Windows, Base, Installed, 0, 858512
128, 9d39a7ce8609595c00000001, 0x5C590986CEA7399D, , ../../../TPSGunsDemo/Plugins/GameFeatures/ShooterCore/Content/Weapons/Shotgun/AbilitySet_ShooterShotgun.uasset, pakchunk1-Windows, 8585216, 860160, 803, 803, 0x5538ad84d9fe01e6568c718b3d0ae25e939e21a1, ExportBundleData, , pakchunk1, Windows, Base, Installed, 0, 860160
129, 47c63d360e81277f00000001, 0x7F27810E363DC647, , ../../../TPSGunsDemo/Plugins/GameFeatures/ShooterCore/Content/Weapons/Rifle/WeaponPickupData_Rifle.uasset, pakchunk1-Windows, 8650752, 860976, 858, 858, 0xdf7fe4a59fcd0ee1532a7b1daf0444f85a1b0a85, ExportBundleData, , pakchunk1, Windows, Base, Installed, 0, 860976
130, b2c231ebb16612d900000001, 0xD91266B1EB31C2B2, , ../../../TPSGunsDemo/Plugins/GameFeatures/ShooterCore/Content/Weapons/Shotgun/B_WeaponInstance_Shotgun.uasset, pakchunk1-Windows, 8716288, 862208, 2052, 1110, 0x36432b09d6fc359a96a06df596398cbeb9ed8ec2, ExportBundleData, , pakchunk1, Windows, Base, Installed, 0, 862208
131, 98c37e9bd20a0e9f00000001, 0x9F0E0AD29B7EC398, , ../../../TPSGunsDemo/Plugins/GameFeatures/ShooterCore/Content/Weapons/Shotgun/WID_Shotgun.uasset, pakchunk1-Windows, 8781824, 863328, 1121, 680, 0x9b2fb18a3f8c79d49adc92c4b65d198960bd1fc0, ExportBundleData, , pakchunk1, Windows, Base, Installed, 0, 863328
132, af9133adef48607500000001, 0x756048EFAD3391AF, , ../../../TPSGunsDemo/Plugins/GameFeatures/ShooterCore/Content/Weapons/Shotgun/ID_Shotgun.uasset, pakchunk1-Windows, 8847360, 864256, 2597, 1400, 0xfaf97072e710da95f5cc175bc183a9f7ec16987f, ExportBundleData, , pakchunk1, Windows, Base, Installed, 0, 864256
133, bc4797c30a82f8e900000001, 0xE9F8820AC39747BC, , ../../../TPSGunsDemo/Plugins/GameFeatures/ShooterCore/Content/Weapons/Shotgun/WeaponPickupData_Shotgun.uasset, pakchunk1-Windows, 8912896, 866304, 874, 874, 0x31ebfeaa7544a7922c1ad472ae8172a5064c6525, ExportBundleData, , pakchunk1, Windows, Base, Installed, 0, 866304
134, 9dd9c95da8664c9500000001, 0x954C66A85DC9D99D, , ../../../TPSGunsDemo/Plugins/GameFeatures/ShooterMaps/Content/Maps/L_Expanse_Blockout/_Generated_/AEAT2GKRBEJE1UQB4BK18YOY1.umap, pakchunk1-Windows, 8978432, 868352, 21620, 6490, 0xc0569ba89555e5456de89dfd9d7453ea51027981, ExportBundleData, , pakchunk1, Windows, Base, Installed, 0, 868352
135, f30d3094d505ddf800000001, 0xF8DD05D594300DF3, , ../../../TPSGunsDemo/Plugins/LyraExampleContent/Content/Materials/M_Metal.uasset, pakchunk1-Windows, 9043968, 876544, 15332, 3148, 0x7ed7cf2d476fca7f3ef0a3cd7451e3dbf394c502, ExportBundleData, , pakchunk1, Windows, Base, Installed, 0, 876544
136, 3c6f881ea872aa9900000009, 0x99AA72A81E886F3C, , <ShaderCode>, pakchunk1-Windows, 9109504, 880640, 74685, 74685, 0xc57e0a42ef228ddf2cab19bc9811b3725a92923a, ShaderCode, , pakchunk1, Windows, Base, Installed, 0, 880640
137, be04576b01881c7000000009, 0x701C88016B5704BE, , <ShaderCode>, pakchunk1-Windows, 9240576, 956416, 92157, 92157, 0x6607cae8c5c1e6432eae57d237ec6151c6d413a0, ShaderCode, , pakchunk1, Windows, Base, Installed, 0, 956416
138, 00b8b0716f39931600000009, 0x1693396F71B0B800, , <ShaderCode>, pakchunk1-Windows, 9371648, 1048576, 2476, 2476, 0xf6a197d19c0b86633d791b5297433b8ec123317e, ShaderCode, , pakchunk1, Windows, Base, Installed, 0, 1048576
139, 2ca84b47a227f7fc00000001, 0xFCF727A2474BA82C, , ../../../TPSGunsDemo/Plugins/GameFeatures/ShooterMaps/Content/Meshes/Expanse/Mesh_A_2_6A12A8.uasset, pakchunk1-Windows, 9437184, 1052672, 43983, 10576, 0x0b9276ca3803d0a546a06308f4d1974744c5c770, ExportBundleData, , pakchunk1, Windows, Base, Installed, 0, 1052672
140, 629e6ec7e2eb98fc00000001, 0xFC98EBE2C76E9E62, , ../../../TPSGunsDemo/Plugins/GameFeatures/ShooterMaps/Content/Meshes/Expanse/Mesh_A_2_7869F3.uasset, pakchunk1-Windows, 9502720, 1064960, 15965, 3761, 0x87d2baafb0ede51488feef7cfe00c5b76bd0ccf9, ExportBundleData, , pakchunk1, Windows, Base, Installed, 0, 1064960
141, 06e73cb3ed165efa00000001, 0xFA5E16EDB33CE706, , ../../../TPSGunsDemo/Plugins/GameFeatures/ShooterMaps/Content/Meshes/Expanse/Mesh_A_2_02F4BA.uasset, pakchunk1-Windows, 9568256, 1069056, 73023, 21226, 0x7151b3fc21bcdc258b86a62001e4579beda0bfbc, ExportBundleData, , pakchunk1, Windows, Base, Installed, 0, 1069056
142, 09afb86d611b4ef100000001, 0xF14E1B616DB8AF09, , ../../../TPSGunsDemo/Plugins/GameFeatures/ShooterMaps/Content/Meshes/Expanse/Mesh_A_2_AC8176.uasset, pakchunk1-Windows, 9699328, 1091584, 101885, 38322, 0x93e65a997d4a6f5c5417dff9b26e9a9ca4754aba, ExportBundleData, , pakchunk1, Windows, Base, Installed, 0, 1091584
143, a1981e2b58c8f3e200000001, 0xE2F3C8582B1E98A1, , ../../../TPSGunsDemo/Plugins/GameFeatures/ShooterMaps/Content/Meshes/Expanse/Mesh_A_2_5FC924.uasset, pakchunk1-Windows, 9830400, 1130496, 19841, 5774, 0xb43bef3e98751425a38b8bc91c5fdc24ab701e03, ExportBundleData, , pakchunk1, Windows, Base, Installed, 0, 1130496
144, 5edf3b87279080de00000001, 0xDE809027873BDF5E, , ../../../TPSGunsDemo/Plugins/GameFeatures/ShooterMaps/Content/Meshes/Expanse/Mesh_A_2_D6B253.uasset, pakchunk1-Windows, 9895936, 1136640, 14933, 3878, 0x6c2a1a22ce58961383fce817438d76242a198f96, ExportBundleData, , pakchunk1, Windows, Base, Installed, 0, 1136640
145, bf8cbe320b6f37db00000001, 0xDB376F0B32BE8CBF, , ../../../TPSGunsDemo/Plugins/GameFeatures/ShooterMaps/Content/Meshes/Expanse/Mesh_A_2_A5F894.uasset, pakchunk1-Windows, 9961472, 1140736, 76033, 24807, 0xbd731e0c23fb85ae7511a4d62d21b26a653eb094, ExportBundleData, , pakchunk1, Windows, Base, Installed, 0, 1140736
146, 7fece7191ea3f4d700000001, 0xD7F4A31E19E7EC7F, , ../../../TPSGunsDemo/Plugins/LyraExampleContent/Content/Materials/Textures/T_Rough_Concrete_Floor_ulmmbiuo_4K_N.uasset, pakchunk1-Windows, 10092544, 1165568, 6583, 1076, 0x8bbb73751af6ba069e3ef78e8218bbe31b92b64b, ExportBundleData, , pakchunk1, Windows, Base, Installed, 0, 1165568
147, efcd74ff615485cb00000001, 0xCB855461FF74CDEF, , ../../../TPSGunsDemo/Plugins/LyraExampleContent/Content/Materials/Textures/T_Concrete_Normal.uasset, pakchunk1-Windows, 10158080, 1166656, 6542, 547, 0x8c79d1b3d92cb74a225f59786514aff132be5184, ExportBundleData, , pakchunk1, Windows, Base, Installed, 0, 1166656
148, 56b9e5dd0e84aec100000001, 0xC1AE840EDDE5B956, , ../../../TPSGunsDemo/Plugins/GameFeatures/ShooterMaps/Content/Meshes/Expanse/Mesh_A_2_C56B37.uasset, pakchunk1-Windows, 10223616, 1167360, 18577, 4120, 0x8f595a7db6937f6bdd92ade510f66d072ede6ed6, ExportBundleData, , pakchunk1, Windows, Base, Installed, 0, 1167360
149, 80e65ad83be192bf00000001, 0xBF92E13BD85AE680, , ../../../TPSGunsDemo/Plugins/LyraExampleContent/Content/Megascans/Surfaces/Dirty_Painted_Concrete_Wall_vdqfcg3/T_Dirty_Painted_Concrete_Wall_vdqfcg3_4K_D.uasset, pakchunk1-Windows, 10289152, 1171488, 3884, 1381, 0xb98c3c8d4f541d22962627dffc3c3a31f4148732, ExportBundleData, , pakchunk1, Windows, Base, Installed, 0, 1171488
150, f1235a6b7c126ebf00000001, 0xBF6E127C6B5A23F1, , ../../../TPSGunsDemo/Plugins/GameFeatures/ShooterMaps/Content/Meshes/Expanse/Mesh_A_2_EF0EBF.uasset, pakchunk1-Windows, 10354688, 1173504, 96337, 37177, 0xa0b1073c9ed9e70200cf90529c67c3ee72908bdd, ExportBundleData, , pakchunk1, Windows, Base, Installed, 0, 1173504
151, 34efbc263a1110bb00000001, 0xBB10113A26BCEF34, , ../../../TPSGunsDemo/Plugins/LyraExampleContent/Content/Megascans/Surfaces/Dirty_Painted_Concrete_Wall_vdqfcg3/T_Dirty_Painted_Concrete_Wall_vdqfcg3_4K_N.uasset, pakchunk1-Windows, 10485760, 1210688, 6631, 868, 0xa6181b4c768379afa92a1960bbd9bcd526261926, ExportBundleData, , pakchunk1, Windows, Base, Installed, 0, 1210688
152, 34c77a25db222faf00000001, 0xAF2F22DB257AC734, , ../../../TPSGunsDemo/Plugins/GameFeatures/ShooterMaps/Content/Meshes/Expanse/Mesh_A_2_B281E9.uasset, pakchunk1-Windows, 10551296, 1212416, 67430, 18703, 0xdba482f48268ebcff7f42e3c5680a07fbac9687a, ExportBundleData, , pakchunk1, Windows, Base, Installed, 0, 1212416
153, c26fc8252b68fb9f00000001, 0x9FFB682B25C86FC2, , ../../../TPSGunsDemo/Plugins/LyraExampleContent/Content/Materials/Textures/T_Paint_Opacity.uasset, pakchunk1-Windows, 10682368, 1231136, 3790, 496, 0x3b7d4a9ac388316ac33a3c421340ee10d594aad5, ExportBundleData, , pakchunk1, Windows, Base, Installed, 0, 1231136
154, 63321513fc5bd99a00000001, 0x9AD95BFC13153263, , ../../../TPSGunsDemo/Plugins/LyraExampleContent/Content/Megascans/Surfaces/Fortified_Shelter_Wall_ubimbhrdy/T_FortifiedShelterWall_ubimbhrdy_4K_ORDp.uasset, pakchunk1-Windows, 10747904, 1232896, 3880, 1480, 0x94b8739272eca72169ca7c63a936886b10ce55f6, ExportBundleData, , pakchunk1, Windows, Base, Installed, 0, 1232896
155, 7de26341a477629700000001, 0x976277A44163E27D, , ../../../TPSGunsDemo/Plugins/GameFeatures/ShooterMaps/Content/Meshes/Expanse/Mesh_A_2_EE66FF.uasset, pakchunk1-Windows, 10813440, 1234944, 22219, 6048, 0xfc78459d3f7c91b6d556af738f57979bafd824b4, ExportBundleData, , pakchunk1, Windows, Base, Installed, 0, 1234944
156, b7dc257c06d8029600000001, 0x9602D8067C25DCB7, , ../../../TPSGunsDemo/Plugins/GameFeatures/ShooterMaps/Content/Meshes/Expanse/Mesh_A_2_9964B7.uasset, pakchunk1-Windows, 10878976, 1241088, 72875, 20937, 0x5bdc16619db8bc1ca308085f90c105c81474620a, ExportBundleData, , pakchunk1, Windows, Base, Installed, 0, 1241088
157, 4553b27bc775ce8b00000001, 0x8BCE75C77BB25345, , ../../../TPSGunsDemo/Plugins/GameFeatures/ShooterMaps/Content/Maps/L_Expanse_BuiltData.uasset, pakchunk1-Windows, 11010048, 1263616, 12583300, 6494343, 0x0cf23f189847b1383442650e63ae410fbbcf0e7e, ExportBundleData, , pakchunk1, Windows, Base, Installed, 0, 1263616
158, 7fd439780a23878b00000001, 0x8B87230A7839D47F, , ../../../TPSGunsDemo/Plugins/GameFeatures/ShooterMaps/Content/Meshes/Expanse/Mesh_A_2_4E3294.uasset, pakchunk1-Windows, 23658496, 7759872, 72692, 26010, 0xd8ab772b0f6efea03a7ab1a36612d12c49969b90, ExportBundleData, , pakchunk1, Windows, Base, Installed, 0, 7759872
159, c7d956fc4e650b8900000001, 0x890B654EFC56D9C7, , ../../../TPSGunsDemo/Plugins/GameFeatures/ShooterMaps/Content/Meshes/Expanse/Mesh_A_2_94ED4E.uasset, pakchunk1-Windows, 23789568, 7786496, 22505, 6290, 0x531fe5676c39107f196f7e13a37a008e1330ef3e, ExportBundleData, , pakchunk1, Windows, Base, Installed, 0, 7786496
160, df700b64d8c8d77c00000001, 0x7CD7C8D8640B70DF, , ../../../TPSGunsDemo/Plugins/GameFeatures/ShooterMaps/Content/Meshes/Expanse/Mesh_A_2_87783F.uasset, pakchunk1-Windows, 23855104, 7794688, 21631, 7003, 0xa3aee0b27c6839cded3301ce4c61b605b61fa9e5, ExportBundleData, , pakchunk1, Windows, Base, Installed, 0, 7794688
161, 65d3fea7c3173f7100000001, 0x713F17C3A7FED365, , ../../../TPSGunsDemo/Plugins/GameFeatures/ShooterMaps/Content/Meshes/Expanse/Mesh_A_2_4C3618.uasset, pakchunk1-Windows, 23920640, 7802880, 97793, 37153, 0xa7842aca7ec5f6caf56067b68af15f90378e0959, ExportBundleData, , pakchunk1, Windows, Base, Installed, 0, 7802880
162, fed8c131bb72306800000001, 0x683072BB31C1D8FE, , ../../../TPSGunsDemo/Plugins/GameFeatures/ShooterCore/Content/Effects/Material/M_Launcher.uasset, pakchunk1-Windows, 24051712, 7841792, 14945, 3114, 0x50dc6888054f0439f8a0ac95bb882efc34a2258b, ExportBundleData, , pakchunk1, Windows, Base, Installed, 0, 7841792
163, d83586f26baa8ece00000001, 0xCE8EAA6BF28635D8, , ../../../TPSGunsDemo/Plugins/GameFeatures/ShooterCore/Content/Effects/Material/M_Launcher_Inst1_4.uasset, pakchunk1-Windows, 24117248, 7844912, 573, 573, 0xd32273a33d1a639c666e43923af550a240313ebc, ExportBundleData, , pakchunk1, Windows, Base, Installed, 0, 7844912
164, 8b7309be4276f08400000001, 0x84F07642BE09738B, , ../../../TPSGunsDemo/Plugins/GameFeatures/ShooterMaps/Content/Meshes/Expanse/Mesh_A_2_7C67E5.uasset, pakchunk1-Windows, 24182784, 7845888, 42502, 11690, 0x18ff40e496123a5a16ca7e3f9032b8db3c80fccf, ExportBundleData, , pakchunk1, Windows, Base, Installed, 0, 7845888
165, f734e78bfd53917f00000001, 0x7F9153FD8BE734F7, , ../../../TPSGunsDemo/Plugins/GameFeatures/ShooterCore/Content/Effects/Material/M_Launcher_Inst1_3.uasset, pakchunk1-Windows, 24248320, 7857584, 573, 573, 0xb3398e9f2f34ecb574f08c9bd12d8c57dda00ebc, ExportBundleData, , pakchunk1, Windows, Base, Installed, 0, 7857584
166, 38759b2f26df1c6700000001, 0x671CDF262F9B7538, , ../../../TPSGunsDemo/Plugins/GameFeatures/ShooterMaps/Content/Meshes/Expanse/Mesh_A_2_8FB4DA.uasset, pakchunk1-Windows, 24313856, 7858176, 93117, 33537, 0x4e6b70a67616886b3314ffb73681dc68834f65b6, ExportBundleData, , pakchunk1, Windows, Base, Installed, 0, 7858176
167, 3902dc067336995f00000001, 0x5F99367306DC0239, , ../../../TPSGunsDemo/Plugins/GameFeatures/ShooterMaps/Content/Meshes/Expanse/Mesh_A_2_8C8BA9.uasset, pakchunk1-Windows, 24444928, 7892992, 14933, 3738, 0x8491327dfc138e75ffa256d113746c3fcdfacead, ExportBundleData, , pakchunk1, Windows, Base, Installed, 0, 7892992
168, 2a35cd2bff0f225e00000001, 0x5E220FFF2BCD352A, , ../../../TPSGunsDemo/Plugins/LyraExampleContent/Content/Materials/Textures/T_GrungySurface_slnneipc_4K_MR.uasset, pakchunk1-Windows, 24510464, 7897088, 3876, 2532, 0xd72334963eb0501a2138e4d61d3f01eaf2815027, ExportBundleData, , pakchunk1, Windows, Base, Installed, 0, 7897088
169, 50b1a510fcc3f65400000001, 0x54F6C3FC10A5B150, , ../../../TPSGunsDemo/Plugins/LyraExampleContent/Content/Materials/MF/MF_NormalStrength.uasset, pakchunk1-Windows, 24576000, 7899632, 342, 342, 0xd2e9443ef97a9df19800ecca06d6e6d8b8ce94fa, ExportBundleData, , pakchunk1, Windows, Base, Installed, 0, 7899632
170, daf08214408ab04c00000001, 0x4CB08A401482F0DA, , ../../../TPSGunsDemo/Plugins/GameFeatures/ShooterMaps/Content/Meshes/Expanse/Mesh_A_2_D8DF11.uasset, pakchunk1-Windows, 24641536, 7901184, 71880, 25936, 0x95cfc5b43d84e6497ca3487fa737d1b0f1411c79, ExportBundleData, , pakchunk1, Windows, Base, Installed, 0, 7901184
171, a782dc374e0b6b4c00000001, 0x4C6B0B4E37DC82A7, , ../../../TPSGunsDemo/Plugins/GameFeatures/ShooterMaps/Content/Meshes/Expanse/Mesh_A_2_C963E5.uasset, pakchunk1-Windows, 24772608, 7927808, 27349, 8136, 0xaa9e7297fe813e38780413490693a9ba19499509, ExportBundleData, , pakchunk1, Windows, Base, Installed, 0, 7927808
172, 8d3689f0f69d484b00000001, 0x4B489DF6F089368D, , ../../../TPSGunsDemo/Plugins/GameFeatures/ShooterMaps/Content/Meshes/Expanse/Mesh_A_2_541EAC.uasset, pakchunk1-Windows, 24838144, 7936000, 25619, 6587, 0xbdc5faba883a3ee1b50c29bab5b301f81f90e85c, ExportBundleData, , pakchunk1, Windows, Base, Installed, 0, 7936000
173, b05311956f7f304200000001, 0x42307F6F951153B0, , ../../../TPSGunsDemo/Plugins/LyraExampleContent/Content/Materials/M_GlassEdge.uasset, pakchunk1-Windows, 24903680, 7944192, 20149, 3870, 0x95d9ddd7ca05ba85a8ffb2eef131cb4764e9eec9, ExportBundleData, , pakchunk1, Windows, Base, Installed, 0, 7944192
174, ff6a6ac5e6e818f500000009, 0xF518E8E6C56A6AFF, , <ShaderCode>, pakchunk1-Windows, 24969216, 7948288, 98308, 98308, 0x2902136c9b1fe244fddd131f582aa7322fbffa49, ShaderCode, , pakchunk1, Windows, Base, Installed, 0, 7948288
175, 3e136a030126a37300000009, 0x73A32601036A133E, , <ShaderCode>, pakchunk1-Windows, 25100288, 8048640, 83195, 83195, 0xbda979071426e3086c691f46502846d1c384b354, ShaderCode, , pakchunk1, Windows, Base, Installed, 0, 8048640
176, 7cf514841a4a204500000009, 0x45204A1A8414F57C, , <ShaderCode>, pakchunk1-Windows, 25231360, 8132608, 4941, 4941, 0x93a2f408b9711dd6516078c0e0eb4baa34c8d4d3, ShaderCode, , pakchunk1, Windows, Base, Installed, 0, 8132608
177, f4d5090a25e9113a00000001, 0x3A11E9250A09D5F4, , ../../../TPSGunsDemo/Plugins/GameFeatures/ShooterMaps/Content/Meshes/Expanse/Mesh_A_2_47675F.uasset, pakchunk1-Windows, 25296896, 8138752, 47331, 10661, 0x320f4bd2cc831ba712656813616d952b2633e407, ExportBundleData, , pakchunk1, Windows, Base, Installed, 0, 8138752
178, d289476144afee3700000001, 0x37EEAF44614789D2, , ../../../TPSGunsDemo/Plugins/GameFeatures/ShooterCore/Content/Effects/Material/M_Launcher_Inst1.uasset, pakchunk1-Windows, 25362432, 8149424, 573, 573, 0xeda2c8eb9f18b9656e7b746626d06ea6ab9a178e, ExportBundleData, , pakchunk1, Windows, Base, Installed, 0, 8149424
179, 53b831650a6a90c100000001, 0xC1906A0A6531B853, , ../../../TPSGunsDemo/Plugins/GameFeatures/ShooterMaps/Content/Meshes/Expanse/Mesh_A_2_18CF0C.uasset, pakchunk1-Windows, 25427968, 8151040, 68942, 20573, 0x567ba1924f4c49f895c0da59b9c40abc9b82f6e1, ExportBundleData, , pakchunk1, Windows, Base, Installed, 0, 8151040
180, 6fcfdbfa5c37919f00000001, 0x9F91375CFADBCF6F, , ../../../TPSGunsDemo/Plugins/GameFeatures/ShooterMaps/Content/Meshes/Expanse/Mesh_A_2_C1120D.uasset, pakchunk1-Windows, 25559040, 8173568, 65609, 21444, 0xcf92f1974e5e0d9437b410934fdd1f6c8108c989, ExportBundleData, , pakchunk1, Windows, Base, Installed, 0, 8173568
181, 88621e42d0f80b3700000001, 0x370BF8D0421E6288, , ../../../TPSGunsDemo/Plugins/GameFeatures/ShooterMaps/Content/Meshes/Expanse/Mesh_A_2_0E6029.uasset, pakchunk1-Windows, 25690112, 8196096, 60110, 21725, 0xeca98fadf48f5fb9b23951a7f0af36fe144b5d4b, ExportBundleData, , pakchunk1, Windows, Base, Installed, 0, 8196096
182, 918f5cd73cb8713200000001, 0x3271B83CD75C8F91, , ../../../TPSGunsDemo/Plugins/GameFeatures/ShooterMaps/Content/Meshes/Expanse/Mesh_A_2_3F45BD.uasset, pakchunk1-Windows, 25755648, 8218624, 49911, 12082, 0x78058762335d1d562a65149ecd9f279ceed95cfd, ExportBundleData, , pakchunk1, Windows, Base, Installed, 0, 8218624
183, 45b1ff694bb5222d00000001, 0x2D22B54B69FFB145, , ../../../TPSGunsDemo/Plugins/LyraExampleContent/Content/Megascans/Surfaces/Dirty_Painted_Concrete_Wall_vdqfcg3/T_DirtyPaintedConcreteWall_vdqfcg3_4K_ORDp.uasset, pakchunk1-Windows, 25821184, 8230912, 3840, 1322, 0x0e387c85a26e58ee26c1686c24adc2fab75a5074, ExportBundleData, , pakchunk1, Windows, Base, Installed, 0, 8230912
184, a9f58ab74282fa2c00000001, 0x2CFA8242B78AF5A9, , ../../../TPSGunsDemo/Plugins/LyraExampleContent/Content/Materials/MI_GlassEdge.uasset, pakchunk1-Windows, 25886720, 8232240, 650, 650, 0xb7b49ccb961778adfad907700ee8f055a5504bc1, ExportBundleData, , pakchunk1, Windows, Base, Installed, 0, 8232240
185, 44a7ad8f19fca72b00000001, 0x2BA7FC198FADA744, , ../../../TPSGunsDemo/Plugins/GameFeatures/ShooterMaps/Content/Meshes/Expanse/Mesh_A_2_9940C7.uasset, pakchunk1-Windows, 25952256, 8232960, 67410, 18670, 0x4f7acf81f6d9acfb7e614a13110e647eebf8d226, ExportBundleData, , pakchunk1, Windows, Base, Installed, 0, 8232960
186, cc85be6f6e79c82700000001, 0x27C8796E6FBE85CC, , ../../../TPSGunsDemo/Plugins/LyraExampleContent/Content/Materials/Textures/T_ReflectorHexagon_N.uasset, pakchunk1-Windows, 26083328, 8251648, 6358, 1790, 0x2d4685da22d7f9e21ce20aeb249e710a785591a7, ExportBundleData, , pakchunk1, Windows, Base, Installed, 0, 8251648
187, d03f16508977a72600000001, 0x26A7778950163FD0, , ../../../TPSGunsDemo/Plugins/GameFeatures/ShooterMaps/Content/Meshes/Expanse/Mesh_A_2_7AAD47.uasset, pakchunk1-Windows, 26148864, 8253440, 76677, 25026, 0x9d13c90b496367292b0e5e2fdb61b8ce5bf626b2, ExportBundleData, , pakchunk1, Windows, Base, Installed, 0, 8253440
188, b45aa76341fb79e900000001, 0xE979FB4163A75AB4, , ../../../TPSGunsDemo/Plugins/LyraExampleContent/Content/Materials/M_Glass_Panels_NM.uasset, pakchunk1-Windows, 26279936, 8280064, 25129, 4947, 0x9ae4cbba32138fb1c05c7159521c59cef8742d4a, ExportBundleData, , pakchunk1, Windows, Base, Installed, 0, 8280064
189, 0c540fc18a09f78b00000009, 0x8BF7098AC10F540C, , <ShaderCode>, pakchunk1-Windows, 26345472, 8286208, 77910, 77910, 0x6fccf12da1bbb260a235a8852bd75f36f97307a7, ShaderCode, , pakchunk1, Windows, Base, Installed, 0, 8286208
190, 60bd98503be433d000000009, 0xD033E43B5098BD60, , <ShaderCode>, pakchunk1-Windows, 26476544, 8366080, 21131, 21131, 0xafe611507c7ce74bf506bb811d458248fb3f5b8d, ShaderCode, , pakchunk1, Windows, Base, Installed, 0, 8366080
191, 77e71426468a149600000009, 0x96148A462614E777, , <ShaderCode>, pakchunk1-Windows, 26542080, 8388608, 92414, 92414, 0xf7b157eecfb86e29a00281f1d8a1e0cb2349bd69, ShaderCode, , pakchunk1, Windows, Base, Installed, 0, 8388608
192, 12ffc2fd7d495f6000000001, 0x605F497DFDC2FF12, , ../../../TPSGunsDemo/Plugins/LyraExampleContent/Content/Materials/MI_Glass_Panels_2.uasset, pakchunk1-Windows, 26673152, 8481024, 1124, 799, 0x7f67e06d5962302e584f6ccc57566de1ba2bfed6, ExportBundleData, , pakchunk1, Windows, Base, Installed, 0, 8481024
193, 51e12f039659efbe00000001, 0xBEEF5996032FE151, , ../../../TPSGunsDemo/Plugins/GameFeatures/ShooterMaps/Content/Meshes/Expanse/Mesh_A_2_040F71.uasset, pakchunk1-Windows, 26738688, 8482816, 83262, 17449, 0x3787be281ea56c6900cb7778ff42bad829d553e2, ExportBundleData, , pakchunk1, Windows, Base, Installed, 0, 8482816
194, 93c1d5005b947ca300000001, 0xA37C945B00D5C193, , ../../../TPSGunsDemo/Plugins/GameFeatures/ShooterMaps/Content/Meshes/Expanse/Mesh_A_2_58DDD6.uasset, pakchunk1-Windows, 26869760, 8501248, 60332, 11653, 0xe68f7a5a034714aa921fe6a6545848c6fea69d3e, ExportBundleData, , pakchunk1, Windows, Base, Installed, 0, 8501248
195, 5828624676b5c98b00000001, 0x8BC9B57646622858, , ../../../TPSGunsDemo/Plugins/GameFeatures/ShooterMaps/Content/Meshes/Expanse/Mesh_A_2_C6565E.uasset, pakchunk1-Windows, 26935296, 8513536, 149504, 28978, 0xb28f8cd95b9c897363b9649d35c0f659dbd03e69, ExportBundleData, , pakchunk1, Windows, Base, Installed, 0, 8513536
196, 5a09fd38e44fd28a00000001, 0x8AD24FE438FD095A, , ../../../TPSGunsDemo/Plugins/GameFeatures/ShooterMaps/Content/Meshes/Expanse/Mesh_A_2_6475C0.uasset, pakchunk1-Windows, 27131904, 8544256, 70296, 15601, 0x5f704fb9585ddcda1b8ed4f1e4b962c42e09bc57, ExportBundleData, , pakchunk1, Windows, Base, Installed, 0, 8544256
197, 2fecdbc8dcf8857700000001, 0x7785F8DCC8DBEC2F, , ../../../TPSGunsDemo/Plugins/GameFeatures/ShooterMaps/Content/Meshes/Expanse/Mesh_A_2_E97F0D.uasset, pakchunk1-Windows, 27262976, 8560640, 102718, 23356, 0x780b8b9182c780430fc17247b28c126c5910cc20, ExportBundleData, , pakchunk1, Windows, Base, Installed, 0, 8560640
198, f0871e060099816800000001, 0x68819900061E87F0, , ../../../TPSGunsDemo/Plugins/GameFeatures/ShooterMaps/Content/Meshes/Expanse/Mesh_A_2_47DB7C.uasset, pakchunk1-Windows, 27394048, 8585216, 74392, 16410, 0x000d3d80add2d09df87f88f36d6cd415e43afc8a, ExportBundleData, , pakchunk1, Windows, Base, Installed, 0, 8585216
199, a8bcd255a145336300000001, 0x633345A155D2BCA8, , ../../../TPSGunsDemo/Plugins/GameFeatures/ShooterMaps/Content/Meshes/Expanse/Mesh_A_2_E0939C.uasset, pakchunk1-Windows, 27525120, 8603648, 101164, 21610, 0x68da35c8325aa995dc262772dc6573bbf50e5a70, ExportBundleData, , pakchunk1, Windows, Base, Installed, 0, 8603648
200, 4538221d1610f12c00000001, 0x2CF110161D223845, , ../../../TPSGunsDemo/Plugins/GameFeatures/ShooterMaps/Content/Meshes/Expanse/Mesh_A_2_9AA9E2.uasset, pakchunk1-Windows, 27656192, 8626176, 101116, 19124, 0x32c980fc1d612c6b700e5a2f195352391c39309c, ExportBundleData, , pakchunk1, Windows, Base, Installed, 0, 8626176
201, 3da1834ca8be472600000001, 0x2647BEA84C83A13D, , ../../../TPSGunsDemo/Plugins/GameFeatures/ShooterMaps/Content/Meshes/Expanse/Mesh_A_2_24B46A.uasset, pakchunk1-Windows, 27787264, 8646656, 238726, 54932, 0x71f9bde66d92498a8b3fda4c20f7b7c44649f3f6, ExportBundleData, , pakchunk1, Windows, Base, Installed, 0, 8646656
202, 0fdfe3a38e1f072500000001, 0x25071F8EA3E3DF0F, , ../../../TPSGunsDemo/Plugins/GameFeatures/ShooterMaps/Content/Meshes/Expanse/Mesh_A_2_71F876.uasset, pakchunk1-Windows, 28049408, 8701952, 75040, 14495, 0x41a801bdf37341260052fb55e145769b488028e3, ExportBundleData, , pakchunk1, Windows, Base, Installed, 0, 8701952
203, 88b75d3bca05431f00000001, 0x1F4305CA3B5DB788, , ../../../TPSGunsDemo/Plugins/LyraExampleContent/Content/Materials/Textures/T_Concrete_Diffuse.uasset, pakchunk1-Windows, 28180480, 8716464, 3798, 1480, 0xeda677a1c66cd77df681933a6dd1ae36fbc45a1e, ExportBundleData, , pakchunk1, Windows, Base, Installed, 0, 8716464
204, 63083cf775517e1e00000001, 0x1E7E5175F73C0863, , ../../../TPSGunsDemo/Plugins/GameFeatures/ShooterCore/Content/Effects/Material/M_Launcher_Inst5.uasset, pakchunk1-Windows, 28246016, 8718336, 573, 573, 0x5bd2580340f741cfe7007511e40273bc01e0ec27, ExportBundleData, , pakchunk1, Windows, Base, Installed, 0, 8718336
205, f0d6faf18af97aee00000001, 0xEE7AF98AF1FAD6F0, , ../../../TPSGunsDemo/Plugins/GameFeatures/ShooterMaps/Content/Meshes/Expanse/Mesh_A_2_AB2B07.uasset, pakchunk1-Windows, 28311552, 8720384, 60200, 20418, 0x7738bfb0d508e502573b2ff11d5c1ff3b26c3c54, ExportBundleData, , pakchunk1, Windows, Base, Installed, 0, 8720384
206, a7b1e1d726cb3cee00000001, 0xEE3CCB26D7E1B1A7, , ../../../TPSGunsDemo/Plugins/GameFeatures/ShooterMaps/Content/Meshes/Expanse/Mesh_A_2_DEA3E4.uasset, pakchunk1-Windows, 28377088, 8740864, 65228, 20594, 0x78418870a22b71e32e02206b53f3cb170f2368d4, ExportBundleData, , pakchunk1, Windows, Base, Installed, 0, 8740864
207, 9224461cff43a99900000001, 0x99A943FF1C462492, , ../../../TPSGunsDemo/Plugins/GameFeatures/ShooterMaps/Content/Meshes/Expanse/Mesh_A_2_F2FEC3.uasset, pakchunk1-Windows, 28442624, 8763392, 60200, 20426, 0xdda414f2ba4c6bac73746ce814597afb181e76e9, ExportBundleData, , pakchunk1, Windows, Base, Installed, 0, 8763392
208, 771dd459e6bc598500000001, 0x8559BCE659D41D77, , ../../../TPSGunsDemo/Plugins/GameFeatures/ShooterMaps/Content/Meshes/Expanse/Mesh_A_2_88BCCF.uasset, pakchunk1-Windows, 28508160, 8783872, 60038, 17604, 0x4023a5850ac50c406daac0bfe9daca475da49287, ExportBundleData, , pakchunk1, Windows, Base, Installed, 0, 8783872
209, 6c46b42c14621e1c00000001, 0x1C1E62142CB4466C, , ../../../TPSGunsDemo/Plugins/GameFeatures/ShooterMaps/Content/Meshes/Expanse/Mesh_A_2_F7BB75.uasset, pakchunk1-Windows, 28573696, 8802304, 22447, 5988, 0x73f2bef4281c82228b9978718bfc916d45409ba7, ExportBundleData, , pakchunk1, Windows, Base, Installed, 0, 8802304
210, bda3bf8bb84bbf1400000001, 0x14BF4BB88BBFA3BD, , ../../../TPSGunsDemo/Plugins/GameFeatures/ShooterCore/Content/Effects/Material/M_Launcher_Inst.uasset, pakchunk1-Windows, 28639232, 8808448, 565, 565, 0xc4667913b7e0ef2c3232a3a8b240d1d1b6d38655, ExportBundleData, , pakchunk1, Windows, Base, Installed, 0, 8808448
211, 876a4b49daa637cf00000001, 0xCF37A6DA494B6A87, , ../../../TPSGunsDemo/Plugins/LyraExampleContent/Content/Materials/M_Tile.uasset, pakchunk1-Windows, 28704768, 8810496, 18456, 4123, 0xc5aea070f8241378438812f79211b581d7c83073, ExportBundleData, , pakchunk1, Windows, Base, Installed, 0, 8810496
212, c805a40acf371d3200000009, 0x321D37CF0AA405C8, , <ShaderCode>, pakchunk1-Windows, 28770304, 8816640, 96867, 96867, 0xc791fa65f04783e5558a02c11008675f89002bbe, ShaderCode, , pakchunk1, Windows, Base, Installed, 0, 8816640
213, ba77e7b8844072c300000009, 0xC3724084B8E777BA, , <ShaderCode>, pakchunk1-Windows, 28901376, 8914944, 82864, 82864, 0x7a41e8b06344d49ac6ca2186613347886e1ed18a, ShaderCode, , pakchunk1, Windows, Base, Installed, 0, 8914944
214, d9b4b69436fcbf2600000009, 0x26BFFC3694B6B4D9, , <ShaderCode>, pakchunk1-Windows, 29032448, 8998912, 2771, 2771, 0x904c7a7f24cacae10140a872f29770fb11d0d237, ShaderCode, , pakchunk1, Windows, Base, Installed, 0, 8998912
215, 56525a318ddc5ae500000001, 0xE55ADC8D315A5256, , ../../../TPSGunsDemo/Plugins/LyraExampleContent/Content/Materials/MI_Tile_1.uasset, pakchunk1-Windows, 29097984, 9001696, 743, 743, 0x252e831708037f79140cf417b63b3c29c1b3aa92, ExportBundleData, , pakchunk1, Windows, Base, Installed, 0, 9001696
216, 1889281ef5e65fe400000001, 0xE45FE6F51E288918, , ../../../TPSGunsDemo/Plugins/GameFeatures/ShooterMaps/Content/Meshes/Expanse/Mesh_A_2_75A17D.uasset, pakchunk1-Windows, 29163520, 9003008, 80787, 28096, 0xcf22aa7fda12c082e507cf917bd2628ba8eaa217, ExportBundleData, , pakchunk1, Windows, Base, Installed, 0, 9003008
217, f71dee29781dabdb00000001, 0xDBAB1D7829EE1DF7, , ../../../TPSGunsDemo/Plugins/GameFeatures/ShooterMaps/Content/Meshes/Expanse/Mesh_A_2_62EDBC.uasset, pakchunk1-Windows, 29294592, 9031680, 73523, 21777, 0xf4c97da955e253ba18c5db046b782e0ba2d69416, ExportBundleData, , pakchunk1, Windows, Base, Installed, 0, 9031680
218, 44e332b3667134c100000001, 0xC1347166B332E344, , ../../../TPSGunsDemo/Plugins/GameFeatures/ShooterMaps/Content/Meshes/Expanse/Mesh_A_2_86B8FC.uasset, pakchunk1-Windows, 29425664, 9054208, 77991, 26153, 0x05d057ea8954d10689e8d660898a80f155a535a2, ExportBundleData, , pakchunk1, Windows, Base, Installed, 0, 9054208
219, 9be3e4e2534c24b900000001, 0xB9244C53E2E4E39B, , ../../../TPSGunsDemo/Plugins/GameFeatures/ShooterMaps/Content/Meshes/Expanse/Mesh_A_2_1A1A13.uasset, pakchunk1-Windows, 29556736, 9080832, 67065, 20549, 0x635fc639157782c1d17ecfa17a3e18313f426850, ExportBundleData, , pakchunk1, Windows, Base, Installed, 0, 9080832
220, 9d9de1e8448029a400000001, 0xA4298044E8E19D9D, , ../../../TPSGunsDemo/Plugins/GameFeatures/ShooterMaps/Content/Meshes/Expanse/Mesh_A_2_D725FD.uasset, pakchunk1-Windows, 29687808, 9103360, 66537, 20408, 0x48bf4a888eea3725d2eb756ecc0256ab87c57ee2, ExportBundleData, , pakchunk1, Windows, Base, Installed, 0, 9103360
221, 4848a671ca18638e00000001, 0x8E6318CA71A64848, , ../../../TPSGunsDemo/Plugins/GameFeatures/ShooterMaps/Content/Meshes/Expanse/Mesh_A_2_518C36.uasset, pakchunk1-Windows, 29818880, 9123840, 65135, 17042, 0x57ea6482d48d3a47f75c3a06d54dd0638289a16a, ExportBundleData, , pakchunk1, Windows, Base, Installed, 0, 9123840
222, 06b50ef2d71d016400000001, 0x64011DD7F20EB506, , ../../../TPSGunsDemo/Plugins/GameFeatures/ShooterMaps/Content/Meshes/Expanse/Mesh_A_2_57FA6B.uasset, pakchunk1-Windows, 29884416, 9142272, 66681, 21167, 0x3c100b9ca4dbffa64073b1a9be1d0cd3ca9b8f81, ExportBundleData, , pakchunk1, Windows, Base, Installed, 0, 9142272
223, 3f4a98db7eaf325200000001, 0x5232AF7EDB984A3F, , ../../../TPSGunsDemo/Plugins/GameFeatures/ShooterMaps/Content/Meshes/Expanse/Mesh_A_2_9CD27F.uasset, pakchunk1-Windows, 30015488, 9164800, 59243, 16276, 0xfe395ee7b7a74f71e80e80ea10027abf039a1c24, ExportBundleData, , pakchunk1, Windows, Base, Installed, 0, 9164800
224, 81cff4f4a770114f00000001, 0x4F1170A7F4F4CF81, , ../../../TPSGunsDemo/Plugins/GameFeatures/ShooterMaps/Content/Meshes/Expanse/Mesh_A_2_C2CE57.uasset, pakchunk1-Windows, 30081024, 9181184, 76715, 25935, 0x3d02890b6cc7827c9b213a0e5aaab5f098be8dea, ExportBundleData, , pakchunk1, Windows, Base, Installed, 0, 9181184
225, 3a0403b31d74833400000001, 0x3483741DB303043A, , ../../../TPSGunsDemo/Plugins/GameFeatures/ShooterMaps/Content/Meshes/Expanse/Mesh_A_2_A98BBB.uasset, pakchunk1-Windows, 30212096, 9207808, 82997, 30138, 0x823b044ddb5f9a421e00cc60ae3513eab2ab7e57, ExportBundleData, , pakchunk1, Windows, Base, Installed, 0, 9207808
226, f7271f1257c4642400000001, 0x2464C457121F27F7, , ../../../TPSGunsDemo/Plugins/GameFeatures/ShooterMaps/Content/Meshes/Expanse/Mesh_A_2_B94F97.uasset, pakchunk1-Windows, 30343168, 9238528, 46707, 10636, 0xa1bdbf2341e78ab43bc095d6c307aeb495d89dfe, ExportBundleData, , pakchunk1, Windows, Base, Installed, 0, 9238528
227, fee67469b064499c00000001, 0x9C4964B06974E6FE, , ../../../TPSGunsDemo/Plugins/LyraExampleContent/Content/Materials/M_GlassA.uasset, pakchunk1-Windows, 30408704, 9250816, 25027, 4865, 0xbb0e01b2b0251ec4257f71b5772a795d59df0735, ExportBundleData, , pakchunk1, Windows, Base, Installed, 0, 9250816
228, cef22427c9d10eaa00000009, 0xAA0ED1C92724F2CE, , <ShaderCode>, pakchunk1-Windows, 30474240, 9256960, 72863, 72863, 0xecfea098401aaf041b99aad752d018e7d2ad12c7, ShaderCode, , pakchunk1, Windows, Base, Installed, 0, 9256960
229, 1ab21adc9a93f2e600000009, 0xE6F2939ADC1AB21A, , <ShaderCode>, pakchunk1-Windows, 30605312, 9330688, 14468, 14468, 0x5714fd7d741763e6cfa3b207b8c268363a9d313d, ShaderCode, , pakchunk1, Windows, Base, Installed, 0, 9330688
230, 28d52041e88656f700000009, 0xF75686E84120D528, , <ShaderCode>, pakchunk1-Windows, 30670848, 9347072, 64313, 64313, 0x555f50eaa1ca38e2b053033dfebe967538a94351, ShaderCode, , pakchunk1, Windows, Base, Installed, 0, 9347072
231, c0120fd6aa2619fa00000001, 0xFA1926AAD60F12C0, , ../../../TPSGunsDemo/Plugins/LyraExampleContent/Content/Materials/MI_GlassA_3.uasset, pakchunk1-Windows, 30736384, 9411392, 1578, 1091, 0xa15f22a7d11c7b34c2f1c9c89f0a1c835ac1f82a, ExportBundleData, , pakchunk1, Windows, Base, Installed, 0, 9411392
232, caae2b4dfe72870d00000001, 0xD8772FE4D2BAECA, , ../../../TPSGunsDemo/Plugins/GameFeatures/ShooterMaps/Content/Meshes/Expanse/Mesh_A_2_9C9CCA.uasset, pakchunk1-Windows, 30801920, 9412608, 101216, 19803, 0x767f0860abdd6a9ef4060f0681feb347d1c7a6ef, ExportBundleData, , pakchunk1, Windows, Base, Installed, 0, 9412608
233, dae5b34ab70e64c200000001, 0xC2640EB74AB3E5DA, , ../../../TPSGunsDemo/Plugins/LyraExampleContent/Content/Materials/MI_MS_Surface_13.uasset, pakchunk1-Windows, 30932992, 9433088, 1996, 1324, 0xa5762a9e57396c0680b97f36cb87e9a6236447df, ExportBundleData, , pakchunk1, Windows, Base, Installed, 0, 9433088
234, 38397707a900b6e800000001, 0xE8B600A907773938, , ../../../TPSGunsDemo/Plugins/GameFeatures/ShooterMaps/Content/Meshes/Expanse/Mesh_A_2_CD4CE4.uasset, pakchunk1-Windows, 30998528, 9435136, 67763, 20503, 0xe828a0202c8e1446332f199474e2ed18cc0a87b0, ExportBundleData, , pakchunk1, Windows, Base, Installed, 0, 9435136
235, ee6b44f2680472cc00000001, 0xCC720468F2446BEE, , ../../../TPSGunsDemo/Plugins/GameFeatures/ShooterMaps/Content/Meshes/Expanse/Mesh_A_2_5D2634.uasset, pakchunk1-Windows, 31129600, 9457664, 66321, 26037, 0x5521ee915f70635ac332025944d4fe8d7848d51f, ExportBundleData, , pakchunk1, Windows, Base, Installed, 0, 9457664
236, ce28bb1f486f63c300000001, 0xC3636F481FBB28CE, , ../../../TPSGunsDemo/Plugins/GameFeatures/ShooterMaps/Content/Meshes/Expanse/Mesh_A_2_FD27FC.uasset, pakchunk1-Windows, 31260672, 9484288, 69228, 26778, 0x0171a1afef30f4546734beb606b2778b026c2710, ExportBundleData, , pakchunk1, Windows, Base, Installed, 0, 9484288
237, 4ce3e5b6b4ed155400000001, 0x5415EDB4B6E5E34C, , ../../../TPSGunsDemo/Plugins/LyraExampleContent/Content/Materials/MI_MS_Surface_2.uasset, pakchunk1-Windows, 31391744, 9511088, 1656, 1096, 0xcdcb5d0d33250fbf9e7d674a88e522056036ad5a, ExportBundleData, , pakchunk1, Windows, Base, Installed, 0, 9511088
238, 8c1eca53c896e3d900000001, 0xD9E396C853CA1E8C, , ../../../TPSGunsDemo/Plugins/GameFeatures/ShooterMaps/Content/Meshes/Expanse/Mesh_A_2_CED0F7.uasset, pakchunk1-Windows, 31457280, 9512960, 84587, 22377, 0x342e3fad1522481221455e38f6c166f9011f43f4, ExportBundleData, , pakchunk1, Windows, Base, Installed, 0, 9512960
239, 4070850cca494b4d00000001, 0x4D4B49CA0C857040, , ../../../TPSGunsDemo/Plugins/LyraExampleContent/Content/Materials/MI_MS_Surface_7.uasset, pakchunk1-Windows, 31588352, 9535488, 28300, 5587, 0x4816f1cc2f040e874e8190ab43ac2cd2454d3376, ExportBundleData, , pakchunk1, Windows, Base, Installed, 0, 9535488
240, 13fbe9fda23735f100000001, 0xF13537A2FDE9FB13, , ../../../TPSGunsDemo/Plugins/GameFeatures/ShooterMaps/Content/Meshes/Expanse/Mesh_A_2_CCF258.uasset, pakchunk1-Windows, 31653888, 9541632, 70007, 24841, 0x7951cf17098ff2fa46b3d072607ba1b2ce295c75, ExportBundleData, , pakchunk1, Windows, Base, Installed, 0, 9541632
241, b070ad6ecf229c6e00000001, 0x6E9C22CF6EAD70B0, , ../../../TPSGunsDemo/Plugins/GameFeatures/ShooterMaps/Content/Meshes/Expanse/Mesh_A_2_6C9462.uasset, pakchunk1-Windows, 31784960, 9568256, 62399, 20149, 0x3b52e7ebd9cb3317905e572750bb45b620076add, ExportBundleData, , pakchunk1, Windows, Base, Installed, 0, 9568256
242, 239a38008d26606700000001, 0x6760268D00389A23, , ../../../TPSGunsDemo/Plugins/GameFeatures/ShooterMaps/Content/Meshes/Expanse/Mesh_A_2_B451E3.uasset, pakchunk1-Windows, 31850496, 9588736, 70923, 26321, 0xd1cfbf5ad2e92f1e5ebc529696ddb7f2cf78600d, ExportBundleData, , pakchunk1, Windows, Base, Installed, 0, 9588736
243, 2e5b19f5f26cb54100000001, 0x41B56CF2F5195B2E, , ../../../TPSGunsDemo/Plugins/LyraExampleContent/Content/Materials/MI_MS_Surface_4.uasset, pakchunk1-Windows, 31981568, 9615360, 25720, 5148, 0xc4a71de93258c3b4132860e0bf44a36fd6cb23b1, ExportBundleData, , pakchunk1, Windows, Base, Installed, 0, 9615360
244, d1ee4b6b4b0bef7900000009, 0x79EF0B4B6B4BEED1, , <ShaderCode>, pakchunk1-Windows, 32047104, 9621504, 119873, 119873, 0x7e3993f43266213ecc8f60f99ffb1dc711f74dce, ShaderCode, , pakchunk1, Windows, Base, Installed, 0, 9621504
245, d90445a2bd6fb32e00000001, 0x2EB36FBDA24504D9, , ../../../TPSGunsDemo/Plugins/LyraExampleContent/Content/MSPresets/M_MS_Surface_Material/MI_SurfaceGridBase.uasset, pakchunk1-Windows, 32178176, 9742336, 24850, 4568, 0xf270a9bad09de8d5b2c496dd17f38aa949a31f29, ExportBundleData, , pakchunk1, Windows, Base, Installed, 0, 9742336
246, 9957e662bc70d3fa00000001, 0xFAD370BC62E65799, , ../../../TPSGunsDemo/Plugins/LyraExampleContent/Content/Materials/MI_MS_Surface_14.uasset, pakchunk1-Windows, 32243712, 9746912, 1983, 1327, 0x1875052888272b2d546e6788955254a8c1faea71, ExportBundleData, , pakchunk1, Windows, Base, Installed, 0, 9746912
247, 5038b68a78094dbe00000001, 0xBE4D09788AB63850, , ../../../TPSGunsDemo/Plugins/LyraExampleContent/Content/Materials/MI_MS_Surface_3.uasset, pakchunk1-Windows, 32309248, 9748480, 1643, 1097, 0x95efc1956151b9afcc3783e749c89291377cec78, ExportBundleData, , pakchunk1, Windows, Base, Installed, 0, 9748480
248, 6521d9d53036feff00000001, 0xFFFE3630D5D92165, , ../../../TPSGunsDemo/Plugins/GameFeatures/ShooterMaps/Content/Meshes/Expanse/Mesh_A_2_FD9682.uasset, pakchunk1-Windows, 32374784, 9750528, 377527, 87270, 0xd8a10099f133f539f2fc419f1c356e06151d6284, ExportBundleData, , pakchunk1, Windows, Base, Installed, 0, 9750528
249, ee5a537ecbc1667100000001, 0x7166C1CB7E535AEE, , ../../../TPSGunsDemo/Plugins/GameFeatures/ShooterMaps/Content/Meshes/Expanse/Mesh_A_2_6150F1.uasset, pakchunk1-Windows, 32768000, 9838592, 294376, 55734, 0x10baf0ab790c78f7d9cbb6a44cdc963e3700be2b, ExportBundleData, , pakchunk1, Windows, Base, Installed, 0, 9838592
250, b4eb58f5fe61c36700000001, 0x67C361FEF558EBB4, , ../../../TPSGunsDemo/Plugins/GameFeatures/ShooterMaps/Content/Meshes/Expanse/Mesh_A_2_AEB1AF.uasset, pakchunk1-Windows, 33095680, 9895936, 79067, 26608, 0xd631ae8a74c0fcf10cc017c400b6ed35a50c00fa, ExportBundleData, , pakchunk1, Windows, Base, Installed, 0, 9895936
251, 8f3f2def0daa4e9700000001, 0x974EAA0DEF2D3F8F, , ../../../TPSGunsDemo/Plugins/LyraExampleContent/Content/Materials/MI_MS_Surface_Wall_1.uasset, pakchunk1-Windows, 33226752, 9922560, 28200, 5445, 0x723b6b0f1ad0cd2b7952a1babc60c8e193f12a47, ExportBundleData, , pakchunk1, Windows, Base, Installed, 0, 9922560
252, 5fe1909478de1e7600000009, 0x761EDE789490E15F, , <ShaderCode>, pakchunk1-Windows, 33292288, 9928704, 4438, 4438, 0xa6e00e9023099f33294aed3b77a0196dd8938ecf, ShaderCode, , pakchunk1, Windows, Base, Installed, 0, 9928704
253, bb58edf08e8095eb00000001, 0xEB95808EF0ED58BB, , ../../../TPSGunsDemo/Plugins/GameFeatures/ShooterMaps/Content/Meshes/Expanse/Mesh_A_2_FABDB7.uasset, pakchunk1-Windows, 33357824, 9934848, 66876, 24749, 0x072ed21e90552a4baf9a3e4dc48d4f0e9b63ceb9, ExportBundleData, , pakchunk1, Windows, Base, Installed, 0, 9934848
254, 9f34b788ea93a3e100000001, 0xE1A393EA88B7349F, , ../../../TPSGunsDemo/Plugins/GameFeatures/ShooterMaps/Content/Meshes/Expanse/Mesh_A_2_90A919.uasset, pakchunk1-Windows, 33488896, 9961472, 79726, 25807, 0xbadaee716e0757488ed558ff2ed46efe4807bcf6, ExportBundleData, , pakchunk1, Windows, Base, Installed, 0, 9961472
255, 6ee6d7403a3633e100000001, 0xE133363A40D7E66E, , ../../../TPSGunsDemo/Plugins/GameFeatures/ShooterMaps/Content/Meshes/Expanse/Mesh_A_2_25F7B2.uasset, pakchunk1-Windows, 33619968, 9988096, 47318, 14342, 0x1ad8b603f457dc45f3528038ffd8a4b3c776864b, ExportBundleData, , pakchunk1, Windows, Base, Installed, 0, 9988096
256, 5de407b0d5176cd700000001, 0xD76C17D5B007E45D, , ../../../TPSGunsDemo/Plugins/GameFeatures/ShooterMaps/Content/Meshes/Expanse/Mesh_A_2_544E9B.uasset, pakchunk1-Windows, 33685504, 10004480, 22182, 5909, 0x1c503724035aba4926972dc40ddccca63d36add7, ExportBundleData, , pakchunk1, Windows, Base, Installed, 0, 10004480
257, 54e5bd0650096bc600000001, 0xC66B095006BDE554, , ../../../TPSGunsDemo/Plugins/GameFeatures/ShooterMaps/Content/Meshes/Expanse/Mesh_A_2_0B5F2E.uasset, pakchunk1-Windows, 33751040, 10010624, 68572, 19136, 0x71409634c1b54d7cdfeba3fcdce12b3828d0ee48, ExportBundleData, , pakchunk1, Windows, Base, Installed, 0, 10010624
258, d05e55df7fcabbc000000001, 0xC0BBCA7FDF555ED0, , ../../../TPSGunsDemo/Plugins/GameFeatures/ShooterMaps/Content/Meshes/Expanse/Mesh_A_2_31388C.uasset, pakchunk1-Windows, 33882112, 10031104, 66072, 19610, 0x65b96aff6dbc3adef347dae4320e4aff04641415, ExportBundleData, , pakchunk1, Windows, Base, Installed, 0, 10031104
259, a9365e9e17cc18a700000001, 0xA718CC179E5E36A9, , ../../../TPSGunsDemo/Plugins/GameFeatures/ShooterMaps/Content/Meshes/Expanse/Mesh_A_2_3B823E.uasset, pakchunk1-Windows, 34013184, 10051584, 71276, 21036, 0x23b6b32682d85cb4c2d6cb1927da971cf7fd212d, ExportBundleData, , pakchunk1, Windows, Base, Installed, 0, 10051584
260, a7ec022ce9b0fd9c00000001, 0x9CFDB0E92C02ECA7, , ../../../TPSGunsDemo/Plugins/GameFeatures/ShooterMaps/Content/Meshes/Expanse/Mesh_A_2_6533F5.uasset, pakchunk1-Windows, 34144256, 10074112, 67674, 25889, 0x6b4633df0e3f5b57202596506f0980f5f3826d9e, ExportBundleData, , pakchunk1, Windows, Base, Installed, 0, 10074112
261, 9f8d8a10b0a1ac9700000001, 0x97ACA1B0108A8D9F, , ../../../TPSGunsDemo/Plugins/GameFeatures/ShooterMaps/Content/Meshes/Expanse/Mesh_A_2_BC948F.uasset, pakchunk1-Windows, 34275328, 10100736, 62424, 21328, 0x08832f169d0e6acc5e113d923c2729f6e09aa00e, ExportBundleData, , pakchunk1, Windows, Base, Installed, 0, 10100736
262, db2d51491089804300000001, 0x4380891049512DDB, , ../../../TPSGunsDemo/Plugins/GameFeatures/ShooterMaps/Content/Meshes/Expanse/Mesh_A_2_ADBD2B.uasset, pakchunk1-Windows, 34340864, 10123264, 80422, 26968, 0x5c7919225a41aec443db29e8c1eeeefbbebc5220, ExportBundleData, , pakchunk1, Windows, Base, Installed, 0, 10123264
263, e7dae19b48bb602d00000001, 0x2D60BB489BE1DAE7, , ../../../TPSGunsDemo/Plugins/GameFeatures/ShooterMaps/Content/Meshes/Expanse/Mesh_A_2_300D10.uasset, pakchunk1-Windows, 34471936, 10151936, 62018, 16461, 0x6be74487128a1449840c4912da34d5b8bf275c66, ExportBundleData, , pakchunk1, Windows, Base, Installed, 0, 10151936
264, f7b4bfd55c69921c00000001, 0x1C92695CD5BFB4F7, , ../../../TPSGunsDemo/Plugins/GameFeatures/ShooterMaps/Content/Meshes/Expanse/Mesh_A_2_6EC5BE.uasset, pakchunk1-Windows, 34537472, 10170368, 18298, 5638, 0x41dc83d1df4e15ef2612f79af36da1f71de1af4e, ExportBundleData, , pakchunk1, Windows, Base, Installed, 0, 10170368
265, f8924e1e6f07840f00000001, 0xF84076F1E4E92F8, , ../../../TPSGunsDemo/Plugins/GameFeatures/ShooterMaps/Content/Meshes/Expanse/Mesh_A_2_BB5906.uasset, pakchunk1-Windows, 34603008, 10176512, 73748, 23301, 0xa9c32a70bc5dc37335edbaac85ed8c8ff7bc1fe0, ExportBundleData, , pakchunk1, Windows, Base, Installed, 0, 10176512
266, be2fa12d23cc318d00000001, 0x8D31CC232DA12FBE, , ../../../TPSGunsDemo/Plugins/LyraExampleContent/Content/Materials/MI_MS_Surface_Wall_2.uasset, pakchunk1-Windows, 34734080, 10201088, 25763, 5099, 0x5398636c9ecfd707c4cb48540048f71359ea3421, ExportBundleData, , pakchunk1, Windows, Base, Installed, 0, 10201088
267, e0a5de6a2adaa89c00000009, 0x9CA8DA2A6ADEA5E0, , <ShaderCode>, pakchunk1-Windows, 34799616, 10207232, 3059, 3059, 0xaca59d26808b1a3609dc8e1ea4d72b8badc3dd5a, ShaderCode, , pakchunk1, Windows, Base, Installed, 0, 10207232
268, d29389138ad16cff00000001, 0xFF6CD18A138993D2, , ../../../TPSGunsDemo/Plugins/GameFeatures/ShooterMaps/Content/Meshes/Expanse/Mesh_A_2_1EE512.uasset, pakchunk1-Windows, 34865152, 10211328, 60649, 20539, 0x53a701ea0e1095babea3936e58b8097cb33bfe3a, ExportBundleData, , pakchunk1, Windows, Base, Installed, 0, 10211328
269, b04feda45ce978fa00000001, 0xFA78E95CA4ED4FB0, , ../../../TPSGunsDemo/Plugins/GameFeatures/ShooterMaps/Content/Meshes/Expanse/Mesh_A_2_16ABA8.uasset, pakchunk1-Windows, 34930688, 10233856, 78296, 27690, 0xcdb5d8f0523f8297a0c6a2f51cd15497e1924a5e, ExportBundleData, , pakchunk1, Windows, Base, Installed, 0, 10233856
270, d67f9cd456d796f400000001, 0xF496D756D49C7FD6, , ../../../TPSGunsDemo/Plugins/GameFeatures/ShooterMaps/Content/Meshes/Expanse/Mesh_A_2_CB38AF.uasset, pakchunk1-Windows, 35061760, 10262528, 15816, 3934, 0x5794f178a5944da70cd2366cdc20a009caa43a28, ExportBundleData, , pakchunk1, Windows, Base, Installed, 0, 10262528
271, d8ba794d47badff200000001, 0xF2DFBA474D79BAD8, , ../../../TPSGunsDemo/Plugins/GameFeatures/ShooterMaps/Content/Meshes/Expanse/Mesh_A_2_C33CFB.uasset, pakchunk1-Windows, 35127296, 10266624, 91796, 24307, 0x056198cce68d8b4a86f972a5c1aa97288dd9b86e, ExportBundleData, , pakchunk1, Windows, Base, Installed, 0, 10266624
272, 37ab6b9767382ff200000001, 0xF22F3867976BAB37, , ../../../TPSGunsDemo/Plugins/GameFeatures/ShooterMaps/Content/Meshes/Expanse_Blockout/RampA_084DE2.uasset, pakchunk1-Windows, 35258368, 10291200, 95052, 27968, 0xcff755c394e75e0f8e41dd82d891d9b7e759bee1, ExportBundleData, , pakchunk1, Windows, Base, Installed, 0, 10291200
273, d2299199e5b5eaee00000001, 0xEEEAB5E5999129D2, , ../../../TPSGunsDemo/Plugins/GameFeatures/ShooterMaps/Content/Meshes/Expanse/Mesh_A_2_5028E3.uasset, pakchunk1-Windows, 35389440, 10319872, 72498, 27947, 0x02c3f34b83e3ceabb0316a4d1709adcf873bc029, ExportBundleData, , pakchunk1, Windows, Base, Installed, 0, 10319872
274, ffeab77767cde2ea00000001, 0xEAE2CD6777B7EAFF, , ../../../TPSGunsDemo/Plugins/GameFeatures/ShooterMaps/Content/Meshes/Expanse/Mesh_A_2_0F7966.uasset, pakchunk1-Windows, 35520512, 10348544, 80114, 26790, 0x1fa3cca70d71ca70643e1c5970f4d45e5c6b975b, ExportBundleData, , pakchunk1, Windows, Base, Installed, 0, 10348544
275, 538688996548c0e900000001, 0xE9C0486599888653, , ../../../TPSGunsDemo/Plugins/GameFeatures/ShooterMaps/Content/Meshes/Expanse/Mesh_A_2_75A15E.uasset, pakchunk1-Windows, 35651584, 10377216, 64829, 20761, 0xe2c6b63cd6b3d13473dde143e46ecf4fc5e995cb, ExportBundleData, , pakchunk1, Windows, Base, Installed, 0, 10377216
276, 782112cb3790b6e400000001, 0xE4B69037CB122178, , ../../../TPSGunsDemo/Plugins/GameFeatures/ShooterMaps/Content/Meshes/Expanse/Mesh_A_2_4B5953.uasset, pakchunk1-Windows, 35717120, 10399744, 342776, 79351, 0xafe5bae633b57ba8e09bf241395218b46702ed89, ExportBundleData, , pakchunk1, Windows, Base, Installed, 0, 10399744
277, 72eb1e0ded22a3e300000001, 0xE3A322ED0D1EEB72, , ../../../TPSGunsDemo/Plugins/GameFeatures/ShooterMaps/Content/Meshes/Expanse/Mesh_A_2_390AC5.uasset, pakchunk1-Windows, 36110336, 10479616, 64222, 18242, 0xfeea7d1d1c0255cc07e0ff6988aa60520a452ad5, ExportBundleData, , pakchunk1, Windows, Base, Installed, 0, 10479616
278, f7b159b6efb989e200000001, 0xE289B9EFB659B1F7, , ../../../TPSGunsDemo/Plugins/GameFeatures/ShooterMaps/Content/Meshes/Expanse/Mesh_A_2_D99A95.uasset, pakchunk1-Windows, 36175872, 10498048, 80402, 26869, 0xf7e994d899bf143e97b63ad0d20709e8226f2dbe, ExportBundleData, , pakchunk1, Windows, Base, Installed, 0, 10498048
279, 9b8b1e5ce06cb4e000000001, 0xE0B46CE05C1E8B9B, , ../../../TPSGunsDemo/Plugins/GameFeatures/ShooterMaps/Content/Meshes/Expanse/Mesh_A_2_F81362.uasset, pakchunk1-Windows, 36306944, 10526720, 79132, 31201, 0x0e4c8602e732a16426fdf79ab94a38e539a5144c, ExportBundleData, , pakchunk1, Windows, Base, Installed, 0, 10526720
280, 8606de55938a01de00000001, 0xDE018A9355DE0686, , ../../../TPSGunsDemo/Plugins/GameFeatures/ShooterMaps/Content/Meshes/Expanse/Mesh_A_2_16E57E.uasset, pakchunk1-Windows, 36438016, 10559488, 77069, 29881, 0x8cf9d996dfbdcf643b37e6be09cd6bb5a2ae1d25, ExportBundleData, , pakchunk1, Windows, Base, Installed, 0, 10559488
281, c73268b2e36236db00000001, 0xDB3662E3B26832C7, , ../../../TPSGunsDemo/Plugins/GameFeatures/ShooterMaps/Content/Meshes/Expanse/Mesh_A_2_00B92E.uasset, pakchunk1-Windows, 36569088, 10590208, 74262, 13570, 0x3125a6c1b6e35564f9c10a54611c3b84476deee5, ExportBundleData, , pakchunk1, Windows, Base, Installed, 0, 10590208
282, 9133c33f08bc45da00000001, 0xDA45BC083FC33391, , ../../../TPSGunsDemo/Plugins/GameFeatures/ShooterMaps/Content/Meshes/Expanse/Mesh_A_2_57D463.uasset, pakchunk1-Windows, 36700160, 10604544, 103457, 22961, 0x248d7d0f40029ea5cf5122892b31858a38e1e5a4, ExportBundleData, , pakchunk1, Windows, Base, Installed, 0, 10604544
283, ad7c7e1bc0d0e6d800000001, 0xD8E6D0C01B7E7CAD, , ../../../TPSGunsDemo/Plugins/GameFeatures/ShooterMaps/Content/Meshes/Expanse_Blockout/WallG_12E713.uasset, pakchunk1-Windows, 36831232, 10629120, 109996, 21601, 0x345e086e78236df2a878a93d81f72ba72196e7da, ExportBundleData, , pakchunk1, Windows, Base, Installed, 0, 10629120
284, 9a5c80681725e3ca00000001, 0xCAE3251768805C9A, , ../../../TPSGunsDemo/Plugins/GameFeatures/ShooterMaps/Content/Meshes/Expanse/Mesh_A_2_46A34E.uasset, pakchunk1-Windows, 36962304, 10651648, 62375, 17132, 0xebe7ce587bc7b8b93057e6b5b9b992ea676b36f1, ExportBundleData, , pakchunk1, Windows, Base, Installed, 0, 10651648
285, 8ef1ad77de40cdca00000001, 0xCACD40DE77ADF18E, , ../../../TPSGunsDemo/Plugins/GameFeatures/ShooterMaps/Content/Meshes/Expanse/Mesh_A_2_ED9231.uasset, pakchunk1-Windows, 37027840, 10670080, 249808, 60460, 0x525a025ee3c187133b4dcd62473bb900dc777140, ExportBundleData, , pakchunk1, Windows, Base, Installed, 0, 10670080
286, 4920ca954f3859c800000001, 0xC859384F95CA2049, , ../../../TPSGunsDemo/Plugins/GameFeatures/ShooterMaps/Content/Meshes/Expanse/Mesh_A_2_E2B5F0.uasset, pakchunk1-Windows, 37289984, 10731520, 109644, 21744, 0xd15168889fb0abc329931112e3facd7507f0efaf, ExportBundleData, , pakchunk1, Windows, Base, Installed, 0, 10731520
287, 6546a89c97af61c500000001, 0xC561AF979CA84665, , ../../../TPSGunsDemo/Plugins/GameFeatures/ShooterMaps/Content/Meshes/Expanse/Mesh_A_2_5A3D39.uasset, pakchunk1-Windows, 37421056, 10754048, 25126, 6487, 0x1f515368487016ff7754fa91e4547bbb4b5b2ec2, ExportBundleData, , pakchunk1, Windows, Base, Installed, 0, 10754048
288, bb59af45b785cbc400000001, 0xC4CB85B745AF59BB, , ../../../TPSGunsDemo/Plugins/GameFeatures/ShooterMaps/Content/Meshes/Expanse/Mesh_A_2_28DD2C.uasset, pakchunk1-Windows, 37486592, 10762240, 203898, 47506, 0x1bb3f64a613e6db43e1e68359817a27d7aad2d05, ExportBundleData, , pakchunk1, Windows, Base, Installed, 0, 10762240
289, 189ddc7971310fc300000001, 0xC30F317179DC9D18, , ../../../TPSGunsDemo/Plugins/GameFeatures/ShooterMaps/Content/Meshes/Expanse/Mesh_A_2_5C9C02.uasset, pakchunk1-Windows, 37748736, 10811392, 26706, 6780, 0x4f5086c402dae59135d22bc4a21088e5d9e45142, ExportBundleData, , pakchunk1, Windows, Base, Installed, 0, 10811392
290, b36c7f69c3ce75c100000001, 0xC175CEC3697F6CB3, , ../../../TPSGunsDemo/Plugins/GameFeatures/ShooterMaps/Content/Meshes/Expanse/Mesh_A_2_967D3A.uasset, pakchunk1-Windows, 37814272, 10819584, 58608, 17351, 0xde0ae9bbc7a4c8799f7639b7fe866f3b70ba43e3, ExportBundleData, , pakchunk1, Windows, Base, Installed, 0, 10819584
291, 2df7b8d59ba98fc000000001, 0xC08FA99BD5B8F72D, , ../../../TPSGunsDemo/Plugins/GameFeatures/ShooterMaps/Content/Meshes/Expanse/Mesh_A_2_F46025.uasset, pakchunk1-Windows, 37879808, 10838016, 96724, 23851, 0x01a281ca211bd9e94ca2001509bf8b434f6d8698, ExportBundleData, , pakchunk1, Windows, Base, Installed, 0, 10838016
292, f7e176828b76c5ba00000001, 0xBAC5768B8276E1F7, , ../../../TPSGunsDemo/Plugins/GameFeatures/ShooterMaps/Content/Meshes/Expanse/Mesh_A_2_B61E45.uasset, pakchunk1-Windows, 38010880, 10862592, 24842, 5199, 0xfc6017c4704c398811d9cf360a7e02f71562108e, ExportBundleData, , pakchunk1, Windows, Base, Installed, 0, 10862592
293, 0ce86c75356c89b900000001, 0xB9896C35756CE80C, , ../../../TPSGunsDemo/Plugins/GameFeatures/ShooterMaps/Content/Meshes/Expanse/Mesh_A_2_6D8992.uasset, pakchunk1-Windows, 38076416, 10868736, 41638, 11906, 0x7b48debcf15f6be727c1403cc2ab3477bada562a, ExportBundleData, , pakchunk1, Windows, Base, Installed, 0, 10868736
294, 843577da9ed587b900000001, 0xB987D59EDA773584, , ../../../TPSGunsDemo/Plugins/GameFeatures/ShooterMaps/Content/Meshes/Expanse/Mesh_A_2_64C304.uasset, pakchunk1-Windows, 38141952, 10881024, 96772, 23527, 0xc8d07fc626e3dffa8c92581b7697ba4995108323, ExportBundleData, , pakchunk1, Windows, Base, Installed, 0, 10881024
295, 6155db6736a908ae00000001, 0xAE08A93667DB5561, , ../../../TPSGunsDemo/Plugins/GameFeatures/ShooterMaps/Content/Meshes/Expanse/Mesh_A_2_12F2EB.uasset, pakchunk1-Windows, 38273024, 10905600, 83838, 28995, 0xfee86c96999ff15b966b5a79057b8361cd23f7a8, ExportBundleData, , pakchunk1, Windows, Base, Installed, 0, 10905600
296, da7b7aa5bbc13eab00000001, 0xAB3EC1BBA57A7BDA, , ../../../TPSGunsDemo/Plugins/GameFeatures/ShooterMaps/Content/Meshes/Expanse/Mesh_A_2_CA7E79.uasset, pakchunk1-Windows, 38404096, 10936320, 57666, 10955, 0xc6e9f19e20ae0c62874fd5892e72590cdf3ff3f5, ExportBundleData, , pakchunk1, Windows, Base, Installed, 0, 10936320
297, 8efd6582bbc3efaa00000001, 0xAAEFC3BB8265FD8E, , ../../../TPSGunsDemo/Plugins/GameFeatures/ShooterMaps/Content/Meshes/Expanse/Mesh_A_2_565B55.uasset, pakchunk1-Windows, 38469632, 10948608, 87868, 34429, 0xab3ebe805ac69adccb1d60c199c3895523b374ff, ExportBundleData, , pakchunk1, Windows, Base, Installed, 0, 10948608
298, d66275b862282daa00000001, 0xAA2D2862B87562D6, , ../../../TPSGunsDemo/Plugins/GameFeatures/ShooterMaps/Content/Meshes/Expanse/Mesh_A_2_76B214.uasset, pakchunk1-Windows, 38600704, 10983424, 68900, 17874, 0x988d8830b1ac65e64987a4e1868ae917588c18e0, ExportBundleData, , pakchunk1, Windows, Base, Installed, 0, 10983424
299, 497ab13365e226a600000001, 0xA626E26533B17A49, , ../../../TPSGunsDemo/Plugins/GameFeatures/ShooterMaps/Content/Meshes/Expanse/Mesh_A_2_0F799A.uasset, pakchunk1-Windows, 38731776, 11001856, 32742, 8698, 0x63213998b48ba989e449fef8134005ff7185b4e0, ExportBundleData, , pakchunk1, Windows, Base, Installed, 0, 11001856
300, d3b02670cd8d86a100000001, 0xA1868DCD7026B0D3, , ../../../TPSGunsDemo/Plugins/GameFeatures/ShooterMaps/Content/Meshes/Expanse/Mesh_A_2_40429E.uasset, pakchunk1-Windows, 38797312, 11012096, 85658, 32529, 0x1ddc7f68f58046c088041d06608504ec18234561, ExportBundleData, , pakchunk1, Windows, Base, Installed, 0, 11012096
301, 55b6e10a1522819c00000001, 0x9C8122150AE1B655, , ../../../TPSGunsDemo/Plugins/GameFeatures/ShooterMaps/Content/Meshes/Expanse/Mesh_A_2_B12CED.uasset, pakchunk1-Windows, 38928384, 11044864, 21946, 5960, 0xcea8adaf170e473d1e68c783269b553be09fbd59, ExportBundleData, , pakchunk1, Windows, Base, Installed, 0, 11044864
302, 94896fa64393f19600000001, 0x96F19343A66F8994, , ../../../TPSGunsDemo/Plugins/GameFeatures/ShooterMaps/Content/Meshes/Expanse/Mesh_A_2_3F085E.uasset, pakchunk1-Windows, 38993920, 11051008, 55990, 14322, 0xc5d4d3f0a26dbf9cb6189aebba0652f792d00dcb, ExportBundleData, , pakchunk1, Windows, Base, Installed, 0, 11051008
303, ab13b92eb7898d9500000001, 0x958D89B72EB913AB, , ../../../TPSGunsDemo/Plugins/GameFeatures/ShooterMaps/Content/Meshes/Expanse/Mesh_A_2_1ECB09.uasset, pakchunk1-Windows, 39059456, 11065344, 80913, 29277, 0x8409da3bc1dd76daa99bd1bb4dc9fa499f79e12c, ExportBundleData, , pakchunk1, Windows, Base, Installed, 0, 11065344
304, 4c923446a864b79400000001, 0x94B764A84634924C, , ../../../TPSGunsDemo/Plugins/GameFeatures/ShooterMaps/Content/Meshes/Expanse/Mesh_A_2_A7D0BC.uasset, pakchunk1-Windows, 39190528, 11096064, 55614, 16854, 0x6691fad9f9a30070cb50a39b0930c3f555239ab5, ExportBundleData, , pakchunk1, Windows, Base, Installed, 0, 11096064
305, 35e6c2a480f0f08c00000001, 0x8CF0F080A4C2E635, , ../../../TPSGunsDemo/Plugins/GameFeatures/ShooterMaps/Content/Meshes/Expanse/Mesh_A_2_A522DA.uasset, pakchunk1-Windows, 39256064, 11114496, 82293, 22003, 0x28f4e9df25919d08e456d3ae477b78cc2d8008ac, ExportBundleData, , pakchunk1, Windows, Base, Installed, 0, 11114496
306, 615bd898bfd7278900000001, 0x8927D7BF98D85B61, , ../../../TPSGunsDemo/Plugins/GameFeatures/ShooterMaps/Content/Meshes/Expanse/Mesh_A_2_BBFF8B.uasset, pakchunk1-Windows, 39387136, 11137024, 30226, 5253, 0x562adb9411f78c4822066c689535cac0511434a0, ExportBundleData, , pakchunk1, Windows, Base, Installed, 0, 11137024
307, 4a6c56dbee97f28100000001, 0x81F297EEDB566C4A, , ../../../TPSGunsDemo/Plugins/GameFeatures/ShooterMaps/Content/Meshes/Expanse/Mesh_A_2_300F08.uasset, pakchunk1-Windows, 39452672, 11143168, 77033, 20698, 0x78a5e239175007c928d8fe0cc2995d3b5870df31, ExportBundleData, , pakchunk1, Windows, Base, Installed, 0, 11143168
308, ea470bda2e3e2d7d00000001, 0x7D2D3E2EDA0B47EA, , ../../../TPSGunsDemo/Plugins/GameFeatures/ShooterMaps/Content/Meshes/Expanse/Mesh_A_2_1A257F.uasset, pakchunk1-Windows, 39583744, 11165696, 86194, 32708, 0xacadeefacc8c663d53f4074cd5a94c3053fdaaf6, ExportBundleData, , pakchunk1, Windows, Base, Installed, 0, 11165696
309, eeabdc4ae684fd7900000001, 0x79FD84E64ADCABEE, , ../../../TPSGunsDemo/Plugins/GameFeatures/ShooterMaps/Content/Meshes/Expanse/Mesh_A_2_3A9D55.uasset, pakchunk1-Windows, 39714816, 11198464, 68177, 22675, 0x21867af2106aba45e2ccde169baee1d744931f2b, ExportBundleData, , pakchunk1, Windows, Base, Installed, 0, 11198464
310, cda0c7c90e556b7900000001, 0x796B550EC9C7A0CD, , ../../../TPSGunsDemo/Plugins/GameFeatures/ShooterMaps/Content/Meshes/Expanse/Mesh_A_2_1016B8.uasset, pakchunk1-Windows, 39845888, 11223040, 51514, 12427, 0x4bddb45c8fd4d01231f7b27514251f22f343962f, ExportBundleData, , pakchunk1, Windows, Base, Installed, 0, 11223040
311, 80fcb9b6652f577600000001, 0x76572F65B6B9FC80, , ../../../TPSGunsDemo/Plugins/GameFeatures/ShooterMaps/Content/Meshes/Expanse/Mesh_A_2_EE7365.uasset, pakchunk1-Windows, 39911424, 11237376, 49878, 12336, 0xb3e5bce9ec08aadbfd2845b163d1909fa20e397f, ExportBundleData, , pakchunk1, Windows, Base, Installed, 0, 11237376
312, 0a9aef7602393b7500000001, 0x753B390276EF9A0A, , ../../../TPSGunsDemo/Plugins/GameFeatures/ShooterMaps/Content/Meshes/Expanse/Mesh_A_2_CF8333.uasset, pakchunk1-Windows, 39976960, 11251712, 21806, 4123, 0xdca2ecdf79008183a0a4442bee7ee370a6f2bf8f, ExportBundleData, , pakchunk1, Windows, Base, Installed, 0, 11251712
313, f321b2bf8a482a7200000001, 0x722A488ABFB221F3, , ../../../TPSGunsDemo/Plugins/GameFeatures/ShooterMaps/Content/Meshes/Expanse/Mesh_A_2_3C64E8.uasset, pakchunk1-Windows, 40042496, 11257856, 102750, 37674, 0x1a9f18ac8c49790024405005c1570fb0e81c2c45, ExportBundleData, , pakchunk1, Windows, Base, Installed, 0, 11257856
314, fd5a3e1632de1d7200000001, 0x721DDE32163E5AFD, , ../../../TPSGunsDemo/Plugins/GameFeatures/ShooterMaps/Content/Meshes/Expanse/Mesh_A_2_B0D608.uasset, pakchunk1-Windows, 40173568, 11296768, 51938, 11744, 0x0a53001a33b6387269055dda5bca4c9fdbd8aac1, ExportBundleData, , pakchunk1, Windows, Base, Installed, 0, 11296768
315, 142807befd5af26600000001, 0x66F25AFDBE072814, , ../../../TPSGunsDemo/Plugins/GameFeatures/ShooterMaps/Content/Meshes/Expanse/Mesh_A_2_44EBD6.uasset, pakchunk1-Windows, 40239104, 11309056, 340380, 78723, 0xaabdf155b9abea8b37d76a64c7ecb69137bbc7c1, ExportBundleData, , pakchunk1, Windows, Base, Installed, 0, 11309056
316, e618969bf1aa2a6300000001, 0x632AAAF19B9618E6, , ../../../TPSGunsDemo/Plugins/GameFeatures/ShooterMaps/Content/Meshes/Expanse/Mesh_A_2_2E79BE.uasset, pakchunk1-Windows, 40632320, 11388928, 18860, 5043, 0xcd24de39a440f05ec233688ab352bda00d559351, ExportBundleData, , pakchunk1, Windows, Base, Installed, 0, 11388928
317, 87ff65fe59dc656000000001, 0x6065DC59FE65FF87, , ../../../TPSGunsDemo/Plugins/GameFeatures/ShooterMaps/Content/Meshes/Expanse/Mesh_A_2_B91A4B.uasset, pakchunk1-Windows, 40697856, 11395072, 88166, 32298, 0xc1e87d8c6a1374a3bfb732f1613f8647e514b7c2, ExportBundleData, , pakchunk1, Windows, Base, Installed, 0, 11395072
318, 4f58773b2c67556000000001, 0x6055672C3B77584F, , ../../../TPSGunsDemo/Plugins/GameFeatures/ShooterMaps/Content/Meshes/Expanse/Mesh_A_2_E7028D.uasset, pakchunk1-Windows, 40828928, 11427840, 30398, 8999, 0x3d2ea9aea92e77aae29bf2ce86ccedc007ac3a98, ExportBundleData, , pakchunk1, Windows, Base, Installed, 0, 11427840
319, f7222d09b634315b00000001, 0x5B3134B6092D22F7, , ../../../TPSGunsDemo/Plugins/GameFeatures/ShooterMaps/Content/Meshes/Expanse/Mesh_A_2_4935AE.uasset, pakchunk1-Windows, 40894464, 11438080, 45371, 13901, 0x89a0982105ff1eb9fe333fafc49d450e5a5e491e, ExportBundleData, , pakchunk1, Windows, Base, Installed, 0, 11438080
320, f19d42b8e4c6005a00000001, 0x5A00C6E4B8429DF1, , ../../../TPSGunsDemo/Plugins/GameFeatures/ShooterMaps/Content/Meshes/Expanse/Mesh_A_2_515FD9.uasset, pakchunk1-Windows, 40960000, 11452416, 72116, 21226, 0x1eb163c6eafafda346aed5365d3bfea04d091422, ExportBundleData, , pakchunk1, Windows, Base, Installed, 0, 11452416
321, 02074e7a77257c5700000001, 0x577C25777A4E0702, , ../../../TPSGunsDemo/Plugins/GameFeatures/ShooterMaps/Content/Meshes/Expanse/Mesh_A_2_D8FC82.uasset, pakchunk1-Windows, 41091072, 11474944, 138336, 31973, 0x419e73f28b3d46956137fb5bd01c27220d23116d, ExportBundleData, , pakchunk1, Windows, Base, Installed, 0, 11474944
322, a558cdcc683efb5500000001, 0x55FB3E68CCCD58A5, , ../../../TPSGunsDemo/Plugins/GameFeatures/ShooterMaps/Content/Meshes/Expanse/Mesh_A_2_7350B6.uasset, pakchunk1-Windows, 41287680, 11507712, 65272, 19990, 0x2a60a9215924b3d70dc5c3ca66450a9ae3ef8e13, ExportBundleData, , pakchunk1, Windows, Base, Installed, 0, 11507712
323, 0da845a66ad8a94f00000001, 0x4FA9D86AA645A80D, , ../../../TPSGunsDemo/Plugins/GameFeatures/ShooterMaps/Content/Meshes/Expanse/Mesh_A_2_7B0F50.uasset, pakchunk1-Windows, 41353216, 11528192, 28001, 5440, 0x9fadeb01cb5e9b34919ceff2d830bb9144c21b98, ExportBundleData, , pakchunk1, Windows, Base, Installed, 0, 11528192
324, 7636fd8a8021fa4e00000001, 0x4EFA21808AFD3676, , ../../../TPSGunsDemo/Plugins/GameFeatures/ShooterMaps/Content/Meshes/Expanse/Mesh_A_2_6E6D31.uasset, pakchunk1-Windows, 41418752, 11534336, 25190, 6631, 0x2750c89a46feb0438703b3fc4c605a10f298d438, ExportBundleData, , pakchunk1, Windows, Base, Installed, 0, 11534336
325, 8f5dc24389ed044b00000001, 0x4B04ED8943C25D8F, , ../../../TPSGunsDemo/Plugins/GameFeatures/ShooterMaps/Content/Meshes/Expanse/Mesh_A_2_B50523.uasset, pakchunk1-Windows, 41484288, 11542528, 87450, 32021, 0xd555dbd2766e538722376763a17a84aecbe42297, ExportBundleData, , pakchunk1, Windows, Base, Installed, 0, 11542528
326, ead93fe99896b04900000001, 0x49B09698E93FD9EA, , ../../../TPSGunsDemo/Plugins/GameFeatures/ShooterMaps/Content/Meshes/Expanse/Mesh_A_2_68F12D.uasset, pakchunk1-Windows, 41615360, 11575296, 79518, 26097, 0xde3f888ae67741f5849172931ccc500000de9b46, ExportBundleData, , pakchunk1, Windows, Base, Installed, 0, 11575296
327, b1c7e81a3e430b4800000001, 0x480B433E1AE8C7B1, , ../../../TPSGunsDemo/Plugins/GameFeatures/ShooterMaps/Content/Meshes/Expanse/Mesh_A_2_778EF5.uasset, pakchunk1-Windows, 41746432, 11601920, 21806, 4044, 0x298262fe47356b1386ce04c5224b19f794d2e414, ExportBundleData, , pakchunk1, Windows, Base, Installed, 0, 11601920
328, 0714878b8c2e384700000001, 0x47382E8C8B871407, , ../../../TPSGunsDemo/Plugins/GameFeatures/ShooterMaps/Content/Meshes/Expanse/Mesh_A_2_BF565B.uasset, pakchunk1-Windows, 41811968, 11606016, 77968, 27638, 0xb1fdae906dd88a1c1af31cd2da6be17ac3b680a5, ExportBundleData, , pakchunk1, Windows, Base, Installed, 0, 11606016
329, 761dde4107e4334700000001, 0x4733E40741DE1D76, , ../../../TPSGunsDemo/Plugins/GameFeatures/ShooterMaps/Content/Meshes/Expanse/Mesh_A_2_CB0246.uasset, pakchunk1-Windows, 41943040, 11634688, 82680, 28123, 0x919db8e18bcebc16b6057af6acabfa6cd72592b9, ExportBundleData, , pakchunk1, Windows, Base, Installed, 0, 11634688
330, d3e62889f421e24300000001, 0x43E221F48928E6D3, , ../../../TPSGunsDemo/Plugins/GameFeatures/ShooterMaps/Content/Meshes/Expanse/Mesh_A_2_93E969.uasset, pakchunk1-Windows, 42074112, 11663360, 46436, 8009, 0xfeac9b05594579fe8c524867724cdb2639e42d38, ExportBundleData, , pakchunk1, Windows, Base, Installed, 0, 11663360
331, 6bc41ded03292a4200000001, 0x422A2903ED1DC46B, , ../../../TPSGunsDemo/Plugins/GameFeatures/ShooterMaps/Content/Meshes/Expanse/Mesh_A_2_FA0294.uasset, pakchunk1-Windows, 42139648, 11671552, 79552, 27218, 0x97dd67e6af67d2be95488192cc34a2c25daba6fd, ExportBundleData, , pakchunk1, Windows, Base, Installed, 0, 11671552
332, 78f1fed6108e0e4100000001, 0x410E8E10D6FEF178, , ../../../TPSGunsDemo/Plugins/GameFeatures/ShooterMaps/Content/Meshes/Expanse/Mesh_A_2_42BFF1.uasset, pakchunk1-Windows, 42270720, 11700224, 66964, 20156, 0xd8f994d20467eeac410b3ea60a945b297c1f5ddc, ExportBundleData, , pakchunk1, Windows, Base, Installed, 0, 11700224
333, befe5edf3502063c00000001, 0x3C060235DF5EFEBE, , ../../../TPSGunsDemo/Plugins/GameFeatures/ShooterMaps/Content/Meshes/Expanse/Mesh_A_2_A14CD1.uasset, pakchunk1-Windows, 42401792, 11720704, 49374, 11424, 0xae740f19afb14913ec2cae796d10a538856dd6a4, ExportBundleData, , pakchunk1, Windows, Base, Installed, 0, 11720704
334, 1ee71fdf17d2aa3b00000001, 0x3BAAD217DF1FE71E, , ../../../TPSGunsDemo/Plugins/GameFeatures/ShooterMaps/Content/Meshes/Expanse/Mesh_A_2_412B3D.uasset, pakchunk1-Windows, 42467328, 11732992, 68726, 18748, 0x8b2cb48131546e31a313e6e21c286ab0f290d419, ExportBundleData, , pakchunk1, Windows, Base, Installed, 0, 11732992
335, 2fef96b8d63ddd3a00000001, 0x3ADD3DD6B896EF2F, , ../../../TPSGunsDemo/Plugins/GameFeatures/ShooterMaps/Content/Meshes/Expanse/Mesh_A_2_B329AD.uasset, pakchunk1-Windows, 42598400, 11753472, 47374, 10869, 0x31a14379fb72c48f79b007c6a47a96a6142e1e76, ExportBundleData, , pakchunk1, Windows, Base, Installed, 0, 11753472
336, 291bee9aa53d153900000001, 0x39153DA59AEE1B29, , ../../../TPSGunsDemo/Plugins/GameFeatures/ShooterMaps/Content/Meshes/Expanse/Mesh_A_2_287C2A.uasset, pakchunk1-Windows, 42663936, 11765760, 67362, 17135, 0xe7b860699043c3055643df33594aed87bfb0d810, ExportBundleData, , pakchunk1, Windows, Base, Installed, 0, 11765760
337, 4833ee91a0e6003800000001, 0x3800E6A091EE3348, , ../../../TPSGunsDemo/Plugins/GameFeatures/ShooterMaps/Content/Meshes/Expanse/Mesh_A_2_5B464C.uasset, pakchunk1-Windows, 42795008, 11784192, 71661, 19885, 0xe4758209bb03abe54a82996fe86b0747c9c3264c, ExportBundleData, , pakchunk1, Windows, Base, Installed, 0, 11784192
338, 20ed6de1b0cf253200000001, 0x3225CFB0E16DED20, , ../../../TPSGunsDemo/Plugins/GameFeatures/ShooterMaps/Content/Meshes/Expanse/Mesh_A_2_D6817D.uasset, pakchunk1-Windows, 42926080, 11804672, 23662, 4233, 0x68e17571cd3365189fbe808aa88db861d4075690, ExportBundleData, , pakchunk1, Windows, Base, Installed, 0, 11804672
339, efc32b7802cfa53100000001, 0x31A5CF02782BC3EF, , ../../../TPSGunsDemo/Plugins/GameFeatures/ShooterMaps/Content/Meshes/Expanse/Mesh_A_2_BBA547.uasset, pakchunk1-Windows, 42991616, 11810816, 81537, 21552, 0x7c1db9307069e4275571640b5404be14dd4af67a, ExportBundleData, , pakchunk1, Windows, Base, Installed, 0, 11810816
340, aafad4dff340d12900000001, 0x29D140F3DFD4FAAA, , ../../../TPSGunsDemo/Plugins/GameFeatures/ShooterMaps/Content/Meshes/Expanse/Mesh_A_2_9AA6C7.uasset, pakchunk1-Windows, 43122688, 11833344, 86148, 32890, 0xcabeb2732331abe8eb05416dfb456f7272624786, ExportBundleData, , pakchunk1, Windows, Base, Installed, 0, 11833344
341, b387b90bde00c72200000001, 0x22C700DE0BB987B3, , ../../../TPSGunsDemo/Plugins/GameFeatures/ShooterMaps/Content/Meshes/Expanse/Mesh_A_2_6AA72B.uasset, pakchunk1-Windows, 43253760, 11868160, 53114, 11427, 0x07ddbe8f769ae224fc328051c31cab698ce07038, ExportBundleData, , pakchunk1, Windows, Base, Installed, 0, 11868160
342, 2e81d84d2dd2c32100000001, 0x21C3D22D4DD8812E, , ../../../TPSGunsDemo/Plugins/GameFeatures/ShooterMaps/Content/Meshes/Expanse/Mesh_A_2_E4871D.uasset, pakchunk1-Windows, 43319296, 11880448, 21926, 4499, 0x725531d500bcec60c803d43f4848f4b3e8c90ba7, ExportBundleData, , pakchunk1, Windows, Base, Installed, 0, 11880448
343, c98ba9b2cba0cd2000000001, 0x20CDA0CBB2A98BC9, , ../../../TPSGunsDemo/Plugins/GameFeatures/ShooterMaps/Content/Meshes/Expanse/Mesh_A_2_75CE0F.uasset, pakchunk1-Windows, 43384832, 11886592, 48958, 12357, 0x71cd84e7247b2ef7dc7ea98bc100f22f8caf0906, ExportBundleData, , pakchunk1, Windows, Base, Installed, 0, 11886592
344, 7e08b4ef0d6aa81900000001, 0x19A86A0DEFB4087E, , ../../../TPSGunsDemo/Plugins/GameFeatures/ShooterMaps/Content/Meshes/Expanse/Mesh_A_2_B9133A.uasset, pakchunk1-Windows, 43450368, 11900928, 17678, 4242, 0x6748bcff8f73f08b783010a861ddadbb80d84cda, ExportBundleData, , pakchunk1, Windows, Base, Installed, 0, 11900928
345, 5b040ac8343da51900000001, 0x19A53D34C80A045B, , ../../../TPSGunsDemo/Plugins/GameFeatures/ShooterMaps/Content/Meshes/Expanse/Mesh_A_2_29959A.uasset, pakchunk1-Windows, 43515904, 11907072, 66668, 19052, 0x9ea8e2f6b6b2e72abce5302aab0af9a4c687894e, ExportBundleData, , pakchunk1, Windows, Base, Installed, 0, 11907072
346, 6e4947c9c3790e1700000001, 0x170E79C3C947496E, , ../../../TPSGunsDemo/Plugins/GameFeatures/ShooterMaps/Content/Meshes/Expanse/Mesh_A_2_0B8D9F.uasset, pakchunk1-Windows, 43646976, 11927552, 57542, 17252, 0x5220262befda9522aee142533117e5c77080c447, ExportBundleData, , pakchunk1, Windows, Base, Installed, 0, 11927552
347, 783921318831ec1500000001, 0x15EC318831213978, , ../../../TPSGunsDemo/Plugins/GameFeatures/ShooterMaps/Content/Meshes/Expanse/Mesh_A_2_87DE16.uasset, pakchunk1-Windows, 43712512, 11945984, 26194, 6507, 0x7ba55fc44218a8aed25beaebd6153e5f57e0e7bb, ExportBundleData, , pakchunk1, Windows, Base, Installed, 0, 11945984
348, df8361e8cd4f091400000001, 0x14094FCDE86183DF, , ../../../TPSGunsDemo/Plugins/GameFeatures/ShooterMaps/Content/Meshes/Expanse/Mesh_A_2_A82418.uasset, pakchunk1-Windows, 43778048, 11954176, 309760, 75257, 0x8fc623f7fef695a9db171a6ba66677576495b502, ExportBundleData, , pakchunk1, Windows, Base, Installed, 0, 11954176
349, b74c3b98c656421300000001, 0x134256C6983B4CB7, , ../../../TPSGunsDemo/Plugins/GameFeatures/ShooterMaps/Content/Meshes/Expanse/Mesh_A_2_1AC7F7.uasset, pakchunk1-Windows, 44105728, 12029952, 53134, 14340, 0xd9dfce2fb0eaf65d0110bdabb009094dbc3071c2, ExportBundleData, , pakchunk1, Windows, Base, Installed, 0, 12029952
350, c824b2242de2341300000001, 0x1334E22D24B224C8, , ../../../TPSGunsDemo/Plugins/GameFeatures/ShooterMaps/Content/Meshes/Expanse/Mesh_A_2_46ACC7.uasset, pakchunk1-Windows, 44171264, 12046336, 89477, 27732, 0x1961ea959fdc011a48433f0a7830811151a668e5, ExportBundleData, , pakchunk1, Windows, Base, Installed, 0, 12046336
351, 4e7531c446d5081100000001, 0x1108D546C431754E, , ../../../TPSGunsDemo/Plugins/GameFeatures/ShooterMaps/Content/Meshes/Expanse/Mesh_A_2_BCAFE2.uasset, pakchunk1-Windows, 44302336, 12075008, 15098, 3973, 0x0b5d524dcf2d8cc7eb74098b7efafdb989397a49, ExportBundleData, , pakchunk1, Windows, Base, Installed, 0, 12075008
352, e15d1265a83ecc0f00000001, 0xFCC3EA865125DE1, , ../../../TPSGunsDemo/Plugins/GameFeatures/ShooterMaps/Content/Meshes/Expanse_Blockout/WallH_3749AE.uasset, pakchunk1-Windows, 44367872, 12079104, 67304, 19133, 0x4b5df5d9f0c11dc1dc1d7890634b0b84215f955f, ExportBundleData, , pakchunk1, Windows, Base, Installed, 0, 12079104
353, b8babe7b4722a78100000001, 0x81A722477BBEBAB8, , ../../../TPSGunsDemo/Plugins/LyraExampleContent/Content/Materials/MI_MS_Surface_8.uasset, pakchunk1-Windows, 44498944, 12099584, 25773, 5181, 0x5c4f8632d1f90ffc6ea7c9716768c8900e0b3e3f, ExportBundleData, , pakchunk1, Windows, Base, Installed, 0, 12099584
354, 1e8310b552cd6d7100000001, 0x716DCD52B510831E, , ../../../TPSGunsDemo/Plugins/GameFeatures/ShooterMaps/Content/Meshes/Expanse/Mesh_A_2_B9732E.uasset, pakchunk1-Windows, 44564480, 12105728, 70516, 21096, 0xa9a9c4bb0a7f9fa561cb555344a55329906d0a14, ExportBundleData, , pakchunk1, Windows, Base, Installed, 0, 12105728
355, 96acc8e815b98d6b00000001, 0x6B8DB915E8C8AC96, , ../../../TPSGunsDemo/Plugins/GameFeatures/ShooterMaps/Content/Meshes/Expanse/Mesh_A_2_674F70.uasset, pakchunk1-Windows, 44695552, 12128256, 35775, 10000, 0xa364dd13bbb51fd1f6da51b87b5c5385d6b82514, ExportBundleData, , pakchunk1, Windows, Base, Installed, 0, 12128256
356, 26e6bc15303c585600000001, 0x56583C3015BCE626, , ../../../TPSGunsDemo/Plugins/GameFeatures/ShooterMaps/Content/Meshes/Expanse/Mesh_A_2_4EA8AE.uasset, pakchunk1-Windows, 44761088, 12138496, 16117, 4069, 0xd666b28eb561ceb74254967d6d465a82100e8c65, ExportBundleData, , pakchunk1, Windows, Base, Installed, 0, 12138496
357, 4fde39e8de0bce7800000001, 0x78CE0BDEE839DE4F, , ../../../TPSGunsDemo/Plugins/LyraExampleContent/Content/Materials/MI_MS_Surface_Wall_3.uasset, pakchunk1-Windows, 44826624, 12142592, 1744, 1079, 0x2e45d03d339e5ca3d2cb19aaa49ef333c2cf298f, ExportBundleData, , pakchunk1, Windows, Base, Installed, 0, 12142592
358, c3d4430b7a2e32dc00000001, 0xDC322E7A0B43D4C3, , ../../../TPSGunsDemo/Plugins/GameFeatures/ShooterMaps/Content/Meshes/Expanse/Mesh_A_2_A6AC56.uasset, pakchunk1-Windows, 44892160, 12144640, 197307, 47974, 0x5e5fef5fe27fcb9f3b1bbdc899fe8c8300b46fed, ExportBundleData, , pakchunk1, Windows, Base, Installed, 0, 12144640
359, 2b817ec6d127f5c800000001, 0xC8F527D1C67E812B, , ../../../TPSGunsDemo/Plugins/GameFeatures/ShooterMaps/Content/Meshes/Expanse/Mesh_A_2_C3E13A.uasset, pakchunk1-Windows, 45154304, 12193792, 64228, 16310, 0xb8ed531dc8969bb5ac05ac112bedc74abc4fbf6b, ExportBundleData, , pakchunk1, Windows, Base, Installed, 0, 12193792
360, e1f966c022095ba100000001, 0xA15B0922C066F9E1, , ../../../TPSGunsDemo/Plugins/GameFeatures/ShooterMaps/Content/Meshes/Expanse/Mesh_A_2_E6A5E5.uasset, pakchunk1-Windows, 45219840, 12210176, 86398, 32685, 0x1ccf7b962ce78d296d9ba914fd01779ea1f5b5c1, ExportBundleData, , pakchunk1, Windows, Base, Installed, 0, 12210176
361, 5a805f704e667c9500000001, 0x957C664E705F805A, , ../../../TPSGunsDemo/Plugins/GameFeatures/ShooterMaps/Content/Meshes/Expanse/Mesh_A_2_F00149.uasset, pakchunk1-Windows, 45350912, 12242944, 84737, 31579, 0xc5fe27674653e4e01a271e1c3190eb2b9998d760, ExportBundleData, , pakchunk1, Windows, Base, Installed, 0, 12242944
362, 01abd699ea0f378b00000001, 0x8B370FEA99D6AB01, , ../../../TPSGunsDemo/Plugins/GameFeatures/ShooterMaps/Content/Meshes/Expanse/Mesh_A_2_C5005E.uasset, pakchunk1-Windows, 45481984, 12275712, 59162, 19950, 0xa3fe5466bc61f529d0e120d62f667c590b833fda, ExportBundleData, , pakchunk1, Windows, Base, Installed, 0, 12275712
363, 884caca33616308a00000001, 0x8A301636A3AC4C88, , ../../../TPSGunsDemo/Plugins/GameFeatures/ShooterMaps/Content/Meshes/Expanse/Mesh_A_2_D29BDA.uasset, pakchunk1-Windows, 45547520, 12296192, 72964, 25808, 0xba1d645cd9287bb369ec0df6a64f9ebfcc8775fd, ExportBundleData, , pakchunk1, Windows, Base, Installed, 0, 12296192
364, 67ace4dd7c6fc28100000001, 0x81C26F7CDDE4AC67, , ../../../TPSGunsDemo/Plugins/GameFeatures/ShooterMaps/Content/Meshes/Expanse/Mesh_A_2_1D0ED8.uasset, pakchunk1-Windows, 45678592, 12322816, 59154, 20537, 0xc13a727d1f224969f5a12261077003b513698a42, ExportBundleData, , pakchunk1, Windows, Base, Installed, 0, 12322816
365, 52fa5cdf501ea37600000001, 0x76A31E50DF5CFA52, , ../../../TPSGunsDemo/Plugins/GameFeatures/ShooterMaps/Content/Meshes/Expanse/Mesh_A_2_3BFC77.uasset, pakchunk1-Windows, 45744128, 12345344, 73762, 20018, 0xf5e27fd4403bece962d594a9624dc44ba0afac35, ExportBundleData, , pakchunk1, Windows, Base, Installed, 0, 12345344
366, 9bcc35ae4b39af5f00000001, 0x5FAF394BAE35CC9B, , ../../../TPSGunsDemo/Plugins/GameFeatures/ShooterMaps/Content/Meshes/Expanse/Mesh_A_2_435A42.uasset, pakchunk1-Windows, 45875200, 12365824, 88794, 33172, 0xce3e4b67298cb1fa35fafe28e63a9bb368934219, ExportBundleData, , pakchunk1, Windows, Base, Installed, 0, 12365824
367, d8e39e939899925700000001, 0x57929998939EE3D8, , ../../../TPSGunsDemo/Plugins/GameFeatures/ShooterMaps/Content/Meshes/Expanse/Mesh_A_2_2C0BF7.uasset, pakchunk1-Windows, 46006272, 12400640, 30194, 5190, 0x41f73d7e39730285d23d184d13edc9aeff05d081, ExportBundleData, , pakchunk1, Windows, Base, Installed, 0, 12400640
368, ae889cd1b29a873f00000001, 0x3F879AB2D19C88AE, , ../../../TPSGunsDemo/Plugins/GameFeatures/ShooterMaps/Content/Meshes/Expanse/Mesh_A_2_219EDE.uasset, pakchunk1-Windows, 46071808, 12406784, 87002, 33316, 0x3deefa6d8b5ce7715578d7f584932ca7d974030b, ExportBundleData, , pakchunk1, Windows, Base, Installed, 0, 12406784
369, 432ad0375d82313400000001, 0x3431825D37D02A43, , ../../../TPSGunsDemo/Plugins/GameFeatures/ShooterMaps/Content/Meshes/Expanse/Mesh_A_2_E97AAF.uasset, pakchunk1-Windows, 46202880, 12441600, 72726, 26758, 0x66729e669b90f3827a9bdc05d0be73fba21fdc08, ExportBundleData, , pakchunk1, Windows, Base, Installed, 0, 12441600
370, 7913115c6e41bf2700000001, 0x27BF416E5C111379, , ../../../TPSGunsDemo/Plugins/GameFeatures/ShooterMaps/Content/Meshes/Expanse/Mesh_A_2_99A201.uasset, pakchunk1-Windows, 46333952, 12470272, 69802, 25573, 0x4592b025130c2871df7e77dde1e583e1f69e09ae, ExportBundleData, , pakchunk1, Windows, Base, Installed, 0, 12470272
371, e47105d2ae84bd1b00000001, 0x1BBD84AED20571E4, , ../../../TPSGunsDemo/Plugins/GameFeatures/ShooterMaps/Content/Meshes/Expanse_Blockout/SM_BridgeH_7DB141.uasset, pakchunk1-Windows, 46465024, 12496896, 82200, 22556, 0xd4a5a46521b9eca6037f93fed497b37decc1fde6, ExportBundleData, , pakchunk1, Windows, Base, Installed, 0, 12496896
372, 3bd61145e4826c0e00000001, 0xE6C82E44511D63B, , ../../../TPSGunsDemo/Plugins/GameFeatures/ShooterMaps/Content/Meshes/Expanse/Mesh_A_2_E222D0.uasset, pakchunk1-Windows, 46596096, 12521472, 58600, 20239, 0x2e2fb2894620851a779fc4788341461bf341db10, ExportBundleData, , pakchunk1, Windows, Base, Installed, 0, 12521472
373, 9b7de4bc54cbde1f00000001, 0x1FDECB54BCE47D9B, , ../../../TPSGunsDemo/Plugins/LyraExampleContent/Content/Materials/MI_MS_Basic_Metal.uasset, pakchunk1-Windows, 46661632, 12541952, 1546, 1064, 0xb0946c1be75a402968df14246a2239a03806f8ed, ExportBundleData, , pakchunk1, Windows, Base, Installed, 0, 12541952
374, fbac905c4cd9a6f900000001, 0xF9A6D94C5C90ACFB, , ../../../TPSGunsDemo/Plugins/GameFeatures/ShooterMaps/Content/Meshes/Expanse/Mesh_A_2_7B75E5.uasset, pakchunk1-Windows, 46727168, 12544000, 28773, 6725, 0x636bd9acc725358333715894f1f361a343404f8a, ExportBundleData, , pakchunk1, Windows, Base, Installed, 0, 12544000
375, 070cdc493f2231f600000001, 0xF631223F49DC0C07, , ../../../TPSGunsDemo/Plugins/GameFeatures/ShooterMaps/Content/Meshes/Expanse/Mesh_A_2_C5797F.uasset, pakchunk1-Windows, 46792704, 12552192, 56318, 13424, 0xca6ef164b6d9f34142ab72b51a60c45a2a0713f8, ExportBundleData, , pakchunk1, Windows, Base, Installed, 0, 12552192
376, fea728f7f21639f500000001, 0xF53916F2F728A7FE, , ../../../TPSGunsDemo/Plugins/GameFeatures/ShooterMaps/Content/Meshes/Expanse/Mesh_A_2_B83448.uasset, pakchunk1-Windows, 46858240, 12566528, 15467, 3775, 0x0fe50872630069c92b8f9e0390dc4f0b27412c49, ExportBundleData, , pakchunk1, Windows, Base, Installed, 0, 12566528
377, 4ba8fb281413f9ed00000001, 0xEDF9131428FBA84B, , ../../../TPSGunsDemo/Plugins/GameFeatures/ShooterMaps/Content/Meshes/Expanse/Mesh_A_2_B93EB0.uasset, pakchunk1-Windows, 46923776, 12570624, 65514, 23451, 0xdd2672c6e58a759907b37cc5644f7e5086f8eda0, ExportBundleData, , pakchunk1, Windows, Base, Installed, 0, 12570624
378, 361b84e747e004ec00000001, 0xEC04E047E7841B36, , ../../../TPSGunsDemo/Plugins/GameFeatures/ShooterMaps/Content/Meshes/Expanse/Mesh_A_2_863DA2.uasset, pakchunk1-Windows, 46989312, 12595200, 59259, 17218, 0x6ca0f985ed412e5709d9ffc4ead3a14ae147cd02, ExportBundleData, , pakchunk1, Windows, Base, Installed, 0, 12595200
379, ff63cc377c4d48e900000001, 0xE9484D7C37CC63FF, , ../../../TPSGunsDemo/Plugins/GameFeatures/ShooterMaps/Content/Meshes/Expanse/Mesh_A_2_626D04.uasset, pakchunk1-Windows, 47054848, 12613632, 154770, 38784, 0x977ba2c01c4bc62796dedfcd4ef3ca5d378cca65, ExportBundleData, , pakchunk1, Windows, Base, Installed, 0, 12613632
380, 95f7f073a88e97e500000001, 0xE5978EA873F0F795, , ../../../TPSGunsDemo/Plugins/GameFeatures/ShooterMaps/Content/Meshes/Expanse/Mesh_A_2_82557F.uasset, pakchunk1-Windows, 47251456, 12652544, 92000, 33233, 0x0746aa5c466361531ac73439f016a9c4d47e9f0f, ExportBundleData, , pakchunk1, Windows, Base, Installed, 0, 12652544
381, d1d40b089a4553e300000001, 0xE353459A080BD4D1, , ../../../TPSGunsDemo/Plugins/GameFeatures/ShooterMaps/Content/Meshes/Expanse/Mesh_A_2_6183EC.uasset, pakchunk1-Windows, 47382528, 12687360, 96426, 33600, 0x992893cfe802d69e67212697ac84bdf55cd73546, ExportBundleData, , pakchunk1, Windows, Base, Installed, 0, 12687360
382, 63601ed3c5488de200000001, 0xE28D48C5D31E6063, , ../../../TPSGunsDemo/Plugins/GameFeatures/ShooterMaps/Content/Meshes/Expanse/Mesh_A_2_E7FA38.uasset, pakchunk1-Windows, 47513600, 12722176, 89958, 23505, 0xf4e2a14a759e0a167b86fef031aee762a2f1e1cf, ExportBundleData, , pakchunk1, Windows, Base, Installed, 0, 12722176
383, b505f601e9e174de00000001, 0xDE74E1E901F605B5, , ../../../TPSGunsDemo/Plugins/GameFeatures/ShooterMaps/Content/Meshes/Expanse/Mesh_A_2_4B645A.uasset, pakchunk1-Windows, 47644672, 12746752, 99212, 22382, 0x8e71d226a856b7373290085f6e59ca075beb04ef, ExportBundleData, , pakchunk1, Windows, Base, Installed, 0, 12746752
384, 68b5967a52058ac700000001, 0xC78A05527A96B568, , ../../../TPSGunsDemo/Plugins/GameFeatures/ShooterMaps/Content/Meshes/Expanse/Mesh_A_2_668B4D.uasset, pakchunk1-Windows, 47775744, 12769280, 16271, 3879, 0x78e5cb886b813ffe1b9a86c0f87e87c78383b8b9, ExportBundleData, , pakchunk1, Windows, Base, Installed, 0, 12769280
385, 2b886abae2cc43bf00000001, 0xBF43CCE2BA6A882B, , ../../../TPSGunsDemo/Plugins/GameFeatures/ShooterMaps/Content/Meshes/Expanse/Mesh_A_2_0B044F.uasset, pakchunk1-Windows, 47841280, 12773376, 52525, 15829, 0x4006b0f137327e629cd3f8b70ced136c51f173a9, ExportBundleData, , pakchunk1, Windows, Base, Installed, 0, 12773376
386, e6b6f2b16c3eb8be00000001, 0xBEB83E6CB1F2B6E6, , ../../../TPSGunsDemo/Plugins/GameFeatures/ShooterMaps/Content/Meshes/Expanse/Mesh_A_2_25BB70.uasset, pakchunk1-Windows, 47906816, 12789760, 96938, 21863, 0x3b000b059848676d838c1815d4467ab37031210d, ExportBundleData, , pakchunk1, Windows, Base, Installed, 0, 12789760
387, 5452b2ae0ffe00bd00000001, 0xBD00FE0FAEB25254, , ../../../TPSGunsDemo/Plugins/GameFeatures/ShooterMaps/Content/Meshes/Expanse/Mesh_A_2_4DBC05.uasset, pakchunk1-Windows, 48037888, 12812288, 88648, 32502, 0x00679e7be25681e237042b5bf1e35dc3c4ca3209, ExportBundleData, , pakchunk1, Windows, Base, Installed, 0, 12812288
388, ec44a27decab71b200000001, 0xB271ABEC7DA244EC, , ../../../TPSGunsDemo/Plugins/GameFeatures/ShooterMaps/Content/Meshes/Expanse/Mesh_A_2_54094D.uasset, pakchunk1-Windows, 48168960, 12845056, 239818, 52224, 0x748324cd7dd353afbeaf1622c4309c29328a1835, ExportBundleData, , pakchunk1, Windows, Base, Installed, 0, 12845056
389, 59d4790fbbfc7ab100000001, 0xB17AFCBB0F79D459, , ../../../TPSGunsDemo/Plugins/GameFeatures/ShooterMaps/Content/Meshes/Expanse/Mesh_A_2_9E4FA3.uasset, pakchunk1-Windows, 48431104, 12898304, 26705, 6758, 0xc540c49b27b97cf18eae0b253fcf416133b70b80, ExportBundleData, , pakchunk1, Windows, Base, Installed, 0, 12898304
390, 1fea57d7737869aa00000001, 0xAA697873D757EA1F, , ../../../TPSGunsDemo/Plugins/GameFeatures/ShooterMaps/Content/Meshes/Expanse/Mesh_A_2_AC587F.uasset, pakchunk1-Windows, 48496640, 12906496, 212898, 49243, 0xdb453c67a5ed4c57225745282191176e9d2c2371, ExportBundleData, , pakchunk1, Windows, Base, Installed, 0, 12906496
391, bc14b1f9a3c972a500000001, 0xA572C9A3F9B114BC, , ../../../TPSGunsDemo/Plugins/GameFeatures/ShooterMaps/Content/Meshes/Expanse/Mesh_A_2_F4E01C.uasset, pakchunk1-Windows, 48758784, 12957696, 185904, 47274, 0x5ea15f75ebb7742d77ceecbb7679a78d962a4dd5, ExportBundleData, , pakchunk1, Windows, Base, Installed, 0, 12957696
392, 9d40b61df0b87f9e00000001, 0x9E7FB8F01DB6409D, , ../../../TPSGunsDemo/Plugins/GameFeatures/ShooterMaps/Content/Meshes/Expanse/Mesh_A_2_5D0865.uasset, pakchunk1-Windows, 48955392, 13006848, 50488, 14401, 0xfad3b6cb3b0382c6ce13a7327022f5b4d075fd50, ExportBundleData, , pakchunk1, Windows, Base, Installed, 0, 13006848
393, f3d6a6403cf3b59600000001, 0x96B5F33C40A6D6F3, , ../../../TPSGunsDemo/Plugins/GameFeatures/ShooterMaps/Content/Meshes/Expanse/Mesh_A_2_40987B.uasset, pakchunk1-Windows, 49020928, 13023232, 18563, 3913, 0x41c6acb2706a182d7891186e564cbfcd5f7abfce, ExportBundleData, , pakchunk1, Windows, Base, Installed, 0, 13023232
394, 90a14491beee348f00000001, 0x8F34EEBE9144A190, , ../../../TPSGunsDemo/Plugins/GameFeatures/ShooterMaps/Content/Meshes/Expanse/Mesh_A_2_7E1711.uasset, pakchunk1-Windows, 49086464, 13027328, 87088, 32521, 0x2daf0140d4a5c04571f2870fe107f36456523dc5, ExportBundleData, , pakchunk1, Windows, Base, Installed, 0, 13027328
395, 862e5d840181518e00000001, 0x8E518101845D2E86, , ../../../TPSGunsDemo/Plugins/GameFeatures/ShooterMaps/Content/Meshes/Expanse/Mesh_A_2_99AF90.uasset, pakchunk1-Windows, 49217536, 13060096, 63606, 22748, 0x3ed25e0da10a62175dc9b4778568e7e2b14d8556, ExportBundleData, , pakchunk1, Windows, Base, Installed, 0, 13060096
396, 054b280ba64f3b8d00000001, 0x8D3B4FA60B284B05, , ../../../TPSGunsDemo/Plugins/GameFeatures/ShooterMaps/Content/Meshes/Expanse/Mesh_A_2_05663B.uasset, pakchunk1-Windows, 49283072, 13084672, 144566, 36487, 0xf55bce5125e3531fb0dffcfb79de30fc5404e9b2, ExportBundleData, , pakchunk1, Windows, Base, Installed, 0, 13084672
397, c489146f70bd078400000001, 0x8407BD706F1489C4, , ../../../TPSGunsDemo/Plugins/GameFeatures/ShooterMaps/Content/Meshes/Expanse/Mesh_A_2_CE3131.uasset, pakchunk1-Windows, 49479680, 13121536, 15983, 3767, 0xedce09c9580133abe47fadb280452e4695adf8d3, ExportBundleData, , pakchunk1, Windows, Base, Installed, 0, 13121536
398, eaddee81adbb957500000001, 0x7595BBAD81EEDDEA, , ../../../TPSGunsDemo/Plugins/GameFeatures/ShooterMaps/Content/Meshes/Expanse/Mesh_A_2_DFA3EF.uasset, pakchunk1-Windows, 49545216, 13125632, 92200, 24299, 0x2e6ddf08b6cf8d85e0872a6893f236dd3287dbd0, ExportBundleData, , pakchunk1, Windows, Base, Installed, 0, 13125632
399, 762d3b46a3cb527200000001, 0x7252CBA3463B2D76, , ../../../TPSGunsDemo/Plugins/GameFeatures/ShooterMaps/Content/Meshes/Expanse/Mesh_A_2_ABF695.uasset, pakchunk1-Windows, 49676288, 13150208, 47840, 12603, 0x07849a78014767048c7c8ad3bf393b32fe06e490, ExportBundleData, , pakchunk1, Windows, Base, Installed, 0, 13150208
400, 83dc59652073617000000001, 0x706173206559DC83, , ../../../TPSGunsDemo/Plugins/GameFeatures/ShooterMaps/Content/Meshes/Expanse/Mesh_A_2_DD2052.uasset, pakchunk1-Windows, 49741824, 13164544, 88592, 32767, 0xe50ce3ffd7c3c512a0d869fba135b7ece47e7951, ExportBundleData, , pakchunk1, Windows, Base, Installed, 0, 13164544
401, 04e04881878fd06b00000001, 0x6BD08F878148E004, , ../../../TPSGunsDemo/Plugins/GameFeatures/ShooterMaps/Content/Meshes/Expanse/Mesh_A_2_0DFFED.uasset, pakchunk1-Windows, 49872896, 13199360, 81280, 31097, 0x2ac0c149f5622fad56ca46502d5b402ef1642bbf, ExportBundleData, , pakchunk1, Windows, Base, Installed, 0, 13199360
402, a39515412fb2d86a00000001, 0x6AD8B22F411595A3, , ../../../TPSGunsDemo/Plugins/GameFeatures/ShooterMaps/Content/Meshes/Expanse/Mesh_A_2_D21E89.uasset, pakchunk1-Windows, 50003968, 13232128, 65165, 23073, 0x6dfc7a63c3cb3df6e34837e2fe649bbe49c05294, ExportBundleData, , pakchunk1, Windows, Base, Installed, 0, 13232128
403, 6b546e45128fa36300000001, 0x63A38F12456E546B, , ../../../TPSGunsDemo/Plugins/GameFeatures/ShooterMaps/Content/Meshes/Expanse/Mesh_A_2_B241CA.uasset, pakchunk1-Windows, 50069504, 13256704, 60750, 17674, 0x8a8c66a1c35b5d9d40e344964194b7234045dba5, ExportBundleData, , pakchunk1, Windows, Base, Installed, 0, 13256704
404, dc005dd58617915800000001, 0x58911786D55D00DC, , ../../../TPSGunsDemo/Plugins/GameFeatures/ShooterMaps/Content/Meshes/Expanse/Mesh_A_2_30182F.uasset, pakchunk1-Windows, 50135040, 13275136, 46140, 12302, 0x6427b5dbc4ef934c56a8a17e80dcc3370fc89a29, ExportBundleData, , pakchunk1, Windows, Base, Installed, 0, 13275136
405, 8a0d794685eed05700000001, 0x57D0EE8546790D8A, , ../../../TPSGunsDemo/Plugins/GameFeatures/ShooterMaps/Content/Meshes/Expanse/Mesh_A_2_D59A41.uasset, pakchunk1-Windows, 50200576, 13289472, 15983, 3780, 0xe9b645606621853a68937b279216499fcf3aee7f, ExportBundleData, , pakchunk1, Windows, Base, Installed, 0, 13289472
406, 30c27ce07f56475600000001, 0x5647567FE07CC230, , ../../../TPSGunsDemo/Plugins/GameFeatures/ShooterMaps/Content/Meshes/Expanse/Mesh_A_2_285D49.uasset, pakchunk1-Windows, 50266112, 13293568, 70424, 23680, 0xa6472a152bd3c5e97c47597c856104a9d0084ab3, ExportBundleData, , pakchunk1, Windows, Base, Installed, 0, 13293568
407, e08308127f95935200000001, 0x5293957F120883E0, , ../../../TPSGunsDemo/Plugins/GameFeatures/ShooterMaps/Content/Meshes/Expanse/Mesh_A_2_029CA5.uasset, pakchunk1-Windows, 50397184, 13318144, 73824, 28120, 0xf7e6e4c026762fcbaf5e54282c6d97c7cb2e58c2, ExportBundleData, , pakchunk1, Windows, Base, Installed, 0, 13318144
408, 2a4eb41be1e9fd4f00000001, 0x4FFDE9E11BB44E2A, , ../../../TPSGunsDemo/Plugins/GameFeatures/ShooterMaps/Content/Meshes/Expanse/Mesh_A_2_EA5470.uasset, pakchunk1-Windows, 50528256, 13346816, 598426, 141043, 0x796e1be73b8c4333eca25a4e3f59cdb56ca08d9a, ExportBundleData, , pakchunk1, Windows, Base, Installed, 0, 13346816
409, 9776672c40b6594c00000001, 0x4C59B6402C677697, , ../../../TPSGunsDemo/Plugins/GameFeatures/ShooterMaps/Content/Meshes/Expanse/Mesh_A_2_A83366.uasset, pakchunk1-Windows, 51183616, 13488128, 66120, 25567, 0x2df171f99a35019b08223577f8295bd728bff8ab, ExportBundleData, , pakchunk1, Windows, Base, Installed, 0, 13488128
410, 16de0270ff94c64900000001, 0x49C694FF7002DE16, , ../../../TPSGunsDemo/Plugins/GameFeatures/ShooterMaps/Content/Meshes/Expanse/Mesh_A_2_6091BB.uasset, pakchunk1-Windows, 51314688, 13514752, 100430, 21000, 0xfa6850ab4bacd79461f64bda26ee6738144e0945, ExportBundleData, , pakchunk1, Windows, Base, Installed, 0, 13514752
411, daafe267131ebb4500000001, 0x45BB1E1367E2AFDA, , ../../../TPSGunsDemo/Plugins/GameFeatures/ShooterMaps/Content/Meshes/Expanse/Mesh_A_2_01308C.uasset, pakchunk1-Windows, 51445760, 13537280, 15983, 3764, 0xc1bfd601e7a08bcb243e8d2538ffcbc2e58ad327, ExportBundleData, , pakchunk1, Windows, Base, Installed, 0, 13537280
412, 0c9cffc1b704043300000001, 0x330404B7C1FF9C0C, , ../../../TPSGunsDemo/Plugins/GameFeatures/ShooterMaps/Content/Meshes/Expanse/Mesh_A_2_6DDB71.uasset, pakchunk1-Windows, 51511296, 13541376, 43326, 12000, 0xd515bc6ed151a804de23a26a2f29b58fe573102a, ExportBundleData, , pakchunk1, Windows, Base, Installed, 0, 13541376
413, 434eb842c9a3022b00000001, 0x2B02A3C942B84E43, , ../../../TPSGunsDemo/Plugins/GameFeatures/ShooterMaps/Content/Meshes/Expanse/Mesh_A_2_6DD0A5.uasset, pakchunk1-Windows, 51576832, 13553664, 82538, 30411, 0x045d8cad9b48403a0ddc0e8cd1fa2b092431086b, ExportBundleData, , pakchunk1, Windows, Base, Installed, 0, 13553664
414, b8b536fc0f3ce82900000001, 0x29E83C0FFC36B5B8, , ../../../TPSGunsDemo/Plugins/GameFeatures/ShooterMaps/Content/Meshes/Expanse/Mesh_A_2_0ED3A2.uasset, pakchunk1-Windows, 51707904, 13584384, 118336, 28906, 0x7b3550175aa4d8d37a68321ed4a798df3c77ce63, ExportBundleData, , pakchunk1, Windows, Base, Installed, 0, 13584384
415, f16d1cab07612f1a00000001, 0x1A2F6107AB1C6DF1, , ../../../TPSGunsDemo/Plugins/GameFeatures/ShooterMaps/Content/Meshes/Expanse/Mesh_A_2_6263F1.uasset, pakchunk1-Windows, 51838976, 13615104, 58322, 19622, 0x62778ff9d35bc9d32cd4ae426d9297139b8afc00, ExportBundleData, , pakchunk1, Windows, Base, Installed, 0, 13615104
416, 18c283ee9f71621500000001, 0x1562719FEE83C218, , ../../../TPSGunsDemo/Plugins/GameFeatures/ShooterMaps/Content/Meshes/Expanse/Mesh_A_2_8352AC.uasset, pakchunk1-Windows, 51904512, 13635584, 15983, 3808, 0x7d71ad191921ed0587e3cc2479c5171491225893, ExportBundleData, , pakchunk1, Windows, Base, Installed, 0, 13635584
417, 571b841df0fd271200000001, 0x1227FDF01D841B57, , ../../../TPSGunsDemo/Plugins/GameFeatures/ShooterMaps/Content/Meshes/Expanse/Mesh_A_2_D7370E.uasset, pakchunk1-Windows, 51970048, 13639680, 67785, 20346, 0xeb959cc32ce27cbb9e447c844c770446512c4d16, ExportBundleData, , pakchunk1, Windows, Base, Installed, 0, 13639680
418, 8a236ec6eef15d1000000001, 0x105DF1EEC66E238A, , ../../../TPSGunsDemo/Plugins/GameFeatures/ShooterMaps/Content/Meshes/Expanse/Mesh_A_2_F7643F.uasset, pakchunk1-Windows, 52101120, 13660160, 155872, 39060, 0xb0791cf3daa50ba2b755dee4deae3cfff61a33a5, ExportBundleData, , pakchunk1, Windows, Base, Installed, 0, 13660160
419, 553e00562693bb0f00000001, 0xFBB932656003E55, , ../../../TPSGunsDemo/Plugins/GameFeatures/ShooterMaps/Content/Meshes/Expanse/Mesh_A_2_D03773.uasset, pakchunk1-Windows, 52297728, 13701120, 143420, 36793, 0x3249bb330788a97bdaae9cbf18bfd5a43b897191, ExportBundleData, , pakchunk1, Windows, Base, Installed, 0, 13701120
420, b6ee0a3bc65c760d00000001, 0xD765CC63B0AEEB6, , ../../../TPSGunsDemo/Plugins/GameFeatures/ShooterMaps/Content/Meshes/Expanse/Mesh_A_2_03EDC5.uasset, pakchunk1-Windows, 52494336, 13737984, 149160, 39924, 0xef4a5208e232c7817b93512a6322692d56bc260d, ExportBundleData, , pakchunk1, Windows, Base, Installed, 0, 13737984
421, 7e97335403f4260b00000001, 0xB26F4035433977E, , ../../../TPSGunsDemo/Plugins/GameFeatures/ShooterMaps/Content/Meshes/Expanse/Mesh_A_2_B91289.uasset, pakchunk1-Windows, 52690944, 13778944, 43722, 12067, 0xd988a5f42b07b17ff9236d2fb0b4f76dd2e765a6, ExportBundleData, , pakchunk1, Windows, Base, Installed, 0, 13778944
422, ed0d964c5c71f30a00000001, 0xAF3715C4C960DED, , ../../../TPSGunsDemo/Plugins/GameFeatures/ShooterMaps/Content/Meshes/Expanse/Mesh_A_2_5E7B8E.uasset, pakchunk1-Windows, 52756480, 13791232, 48406, 11109, 0x62cddef36e745773a7f33bf07e10f7e2f8b97725, ExportBundleData, , pakchunk1, Windows, Base, Installed, 0, 13791232
423, a8521b658565000a00000001, 0xA006585651B52A8, , ../../../TPSGunsDemo/Plugins/GameFeatures/ShooterMaps/Content/Meshes/Expanse/Mesh_A_2_3863E3.uasset, pakchunk1-Windows, 52822016, 13803520, 65170, 16143, 0x70fc37b7ecadd5b65d11566af968f0785ed15495, ExportBundleData, , pakchunk1, Windows, Base, Installed, 0, 13803520
424, bcfc4648314b6a0800000001, 0x86A4B314846FCBC, , ../../../TPSGunsDemo/Plugins/GameFeatures/ShooterMaps/Content/Meshes/Expanse/Mesh_A_2_D26128.uasset, pakchunk1-Windows, 52887552, 13819904, 84922, 29282, 0x38601f0cf41a222cd973bc4658ba11c1ef978c2a, ExportBundleData, , pakchunk1, Windows, Base, Installed, 0, 13819904
425, 2b7ad262548b390700000001, 0x7398B5462D27A2B, , ../../../TPSGunsDemo/Plugins/GameFeatures/ShooterMaps/Content/Meshes/Expanse/Mesh_A_2_A23660.uasset, pakchunk1-Windows, 53018624, 13850624, 15467, 3784, 0x0d0eb3e3b3f4cde124b2722e2f2b2258bceaf475, ExportBundleData, , pakchunk1, Windows, Base, Installed, 0, 13850624
426, db8f559c80ba090700000001, 0x709BA809C558FDB, , ../../../TPSGunsDemo/Plugins/GameFeatures/ShooterMaps/Content/Meshes/Expanse/Mesh_A_2_66D8ED.uasset, pakchunk1-Windows, 53084160, 13854720, 92171, 35234, 0x785a2bede28ea93d4e6284d3b50ae10ad3f46989, ExportBundleData, , pakchunk1, Windows, Base, Installed, 0, 13854720
427, e7816a25be09b10500000001, 0x5B109BE256A81E7, , ../../../TPSGunsDemo/Plugins/GameFeatures/ShooterMaps/Content/Meshes/UELogo.uasset, pakchunk1-Windows, 53215232, 13891584, 126446, 64657, 0x96e2ed3ad5d0bbdedd2f3756e05e50232e68a3ba, ExportBundleData, , pakchunk1, Windows, Base, Installed, 0, 13891584
428, df79e97aac9b610500000001, 0x5619BAC7AE979DF, , ../../../TPSGunsDemo/Plugins/GameFeatures/ShooterMaps/Content/Meshes/Expanse/Mesh_A_2_9D2FA2.uasset, pakchunk1-Windows, 53346304, 13957120, 99485, 37789, 0x21c2a58402c755c24dda5ee4411731621c6f9c31, ExportBundleData, , pakchunk1, Windows, Base, Installed, 0, 13957120
429, 5ef27bd85fc8360500000001, 0x536C85FD87BF25E, , ../../../TPSGunsDemo/Plugins/GameFeatures/ShooterMaps/Content/Meshes/Expanse/Mesh_A_2_CFB02B.uasset, pakchunk1-Windows, 53477376, 13996032, 9410, 2911, 0x285b4a5558ed7da92d2e27cb03a63d9eb06be2cd, ExportBundleData, , pakchunk1, Windows, Base, Installed, 0, 13996032
430, c628c678ee76130500000001, 0x51376EE78C628C6, , ../../../TPSGunsDemo/Plugins/GameFeatures/ShooterMaps/Content/Meshes/Expanse/Mesh_A_2_73BCB5.uasset, pakchunk1-Windows, 53542912, 14000128, 15965, 3786, 0x5ea4160e46fafac372eaaca30a1dadfe7b806c0c, ExportBundleData, , pakchunk1, Windows, Base, Installed, 0, 14000128
431, a0167c11a9faeb0400000001, 0x4EBFAA9117C16A0, , ../../../TPSGunsDemo/Plugins/GameFeatures/ShooterMaps/Content/Meshes/Expanse/Mesh_A_2_D71D44.uasset, pakchunk1-Windows, 53608448, 14004224, 63060, 15262, 0xce1859470b566ff2815dd6535a10578923471304, ExportBundleData, , pakchunk1, Windows, Base, Installed, 0, 14004224
432, 9a5fc5fc8fac350400000001, 0x435AC8FFCC55F9A, , ../../../TPSGunsDemo/Plugins/GameFeatures/ShooterMaps/Content/Meshes/Expanse/Mesh_A_2_30E606.uasset, pakchunk1-Windows, 53673984, 14020608, 59654, 20030, 0xf7d4ce0c32d84102e796f8cf443ade11c560fec2, ExportBundleData, , pakchunk1, Windows, Base, Installed, 0, 14020608
433, 554b9140977a290400000001, 0x4297A9740914B55, , ../../../TPSGunsDemo/Plugins/GameFeatures/ShooterMaps/Content/Meshes/Expanse/Mesh_A_2_18A49A.uasset, pakchunk1-Windows, 53739520, 14041088, 78710, 26044, 0x8cf778cdbcbbe0f295c349fa623662aa5127b99a, ExportBundleData, , pakchunk1, Windows, Base, Installed, 0, 14041088
434, b9c0d8652fe9a00300000001, 0x3A0E92F65D8C0B9, , ../../../TPSGunsDemo/Plugins/GameFeatures/ShooterMaps/Content/Meshes/Expanse/Mesh_A_2_C18AE2.uasset, pakchunk1-Windows, 53870592, 14067712, 59132, 14726, 0x3cdb10ba86ddfbeb103fd14681dec6db6da5ac00, ExportBundleData, , pakchunk1, Windows, Base, Installed, 0, 14067712
435, 4e55cd103fff7f0200000001, 0x27FFF3F10CD554E, , ../../../TPSGunsDemo/Plugins/GameFeatures/ShooterMaps/Content/Meshes/Expanse/Mesh_A_2_2D6CAC.uasset, pakchunk1-Windows, 53936128, 14084096, 70660, 22326, 0xdce47fc1535821ffdc6c91d514063b4e06283ff8, ExportBundleData, , pakchunk1, Windows, Base, Installed, 0, 14084096
436, 1607c791c019170200000001, 0x21719C091C70716, , ../../../TPSGunsDemo/Plugins/GameFeatures/ShooterMaps/Content/Meshes/Expanse/Mesh_A_2_FFFDB7.uasset, pakchunk1-Windows, 54067200, 14106624, 25130, 6399, 0x63ef35ebeeab3af35175f2cd6cd24d431c5d0d6b, ExportBundleData, , pakchunk1, Windows, Base, Installed, 0, 14106624
437, 901e5eb246e5745400000001, 0x5474E546B25E1E90, , ../../../TPSGunsDemo/Plugins/GameFeatures/ShooterCore/Content/Blueprint/B_Teleport.uasset, pakchunk1-Windows, 54132736, 14114816, 23781, 7180, 0x15dfdcedc36dabb5f96832983796cdd8391a0334, ExportBundleData, , pakchunk1, Windows, Base, Installed, 0, 14114816
438, d6f7f9b722a0e1e900000001, 0xE9E1A022B7F9F7D6, , ../../../TPSGunsDemo/Plugins/LyraExampleContent/Content/Materials/MI_MS_Surface_5.uasset, pakchunk1-Windows, 54198272, 14123008, 1613, 1076, 0x8c9a136b0af8d005fae83731ab564129d1704841, ExportBundleData, , pakchunk1, Windows, Base, Installed, 0, 14123008
439, c90a0c6f7ea1b2e800000001, 0xE8B2A17E6F0C0AC9, , ../../../TPSGunsDemo/Plugins/GameFeatures/ShooterMaps/Content/Meshes/Expanse/Mesh_A_2_1E58A3.uasset, pakchunk1-Windows, 54263808, 14125056, 88816, 33001, 0x28e5b363c6285aace5cec66165a3e547e26a76d4, ExportBundleData, , pakchunk1, Windows, Base, Installed, 0, 14125056
440, 92fa05a631b7a5e700000001, 0xE7A5B731A605FA92, , ../../../TPSGunsDemo/Plugins/GameFeatures/ShooterMaps/Content/Meshes/Expanse/Mesh_A_2_2C9F67.uasset, pakchunk1-Windows, 54394880, 14159872, 82823, 31240, 0x423d58c39f177ceb11dfa7ee14ed5371f2ba6668, ExportBundleData, , pakchunk1, Windows, Base, Installed, 0, 14159872
441, a4fa226b866abedb00000001, 0xDBBE6A866B22FAA4, , ../../../TPSGunsDemo/Plugins/GameFeatures/ShooterMaps/Content/Meshes/Expanse/Mesh_A_2_4791EE.uasset, pakchunk1-Windows, 54525952, 14192640, 389977, 86976, 0xe94694cc883eba02456c793dcd3e68078f305a77, ExportBundleData, , pakchunk1, Windows, Base, Installed, 0, 14192640
442, 5886afea9b0182c600000001, 0xC682019BEAAF8658, , ../../../TPSGunsDemo/Plugins/GameFeatures/ShooterMaps/Content/Meshes/Expanse/Mesh_A_2_A760DC.uasset, pakchunk1-Windows, 54919168, 14280704, 54811, 11812, 0x5549e9b5fa471202a8a6dbabb9bf556bf9d97310, ExportBundleData, , pakchunk1, Windows, Base, Installed, 0, 14280704
443, 8a54944fff27bdab00000001, 0xABBD27FF4F94548A, , ../../../TPSGunsDemo/Plugins/GameFeatures/ShooterMaps/Content/Meshes/Expanse/Mesh_A_2_0EE11E.uasset, pakchunk1-Windows, 54984704, 14292992, 81635, 29420, 0x8d280c4050e1b6e891aad6a3017c9f1ad4ec04da, ExportBundleData, , pakchunk1, Windows, Base, Installed, 0, 14292992
444, 5f311cc2d41c858500000001, 0x85851CD4C21C315F, , ../../../TPSGunsDemo/Plugins/GameFeatures/ShooterMaps/Content/Meshes/Expanse/Mesh_A_2_548D6B.uasset, pakchunk1-Windows, 55115776, 14323712, 26851, 7919, 0x3d5643ab4d75a714cc6e2c936d05b58bbc78120a, ExportBundleData, , pakchunk1, Windows, Base, Installed, 0, 14323712
445, 00d915ba360c917a00000001, 0x7A910C36BA15D900, , ../../../TPSGunsDemo/Plugins/GameFeatures/ShooterMaps/Content/Meshes/Expanse/Mesh_A_2_96C65A.uasset, pakchunk1-Windows, 55181312, 14331904, 71491, 27363, 0x475541276968fa8093a8ae40c34c398dd12ff23e, ExportBundleData, , pakchunk1, Windows, Base, Installed, 0, 14331904
446, 8e2e8c4fe39d623d00000001, 0x3D629DE34F8C2E8E, , ../../../TPSGunsDemo/Plugins/GameFeatures/ShooterMaps/Content/Meshes/Expanse/Mesh_A_2_381B24.uasset, pakchunk1-Windows, 55312384, 14360576, 555995, 118199, 0x6b9862f0739b824cebc68f914e7504c1a6333447, ExportBundleData, , pakchunk1, Windows, Base, Installed, 0, 14360576
447, 9e9aa09ac1e3b73a00000001, 0x3AB7E3C19AA09A9E, , ../../../TPSGunsDemo/Plugins/GameFeatures/ShooterMaps/Content/Meshes/Expanse/Mesh_A_2_5CC092.uasset, pakchunk1-Windows, 55902208, 14479360, 15811, 3898, 0x86d36a2f6b4304776c4098ebad36728067044647, ExportBundleData, , pakchunk1, Windows, Base, Installed, 0, 14479360
448, 38555695c615012400000001, 0x240115C695565538, , ../../../TPSGunsDemo/Plugins/GameFeatures/ShooterMaps/Content/Meshes/Expanse/Mesh_A_2_7DA053.uasset, pakchunk1-Windows, 55967744, 14483456, 286361, 49857, 0xc87277c9bf1767a0bfc8f45d8f06c65a1c02b7cc, ExportBundleData, , pakchunk1, Windows, Base, Installed, 0, 14483456
449, 10a4387df518c81a00000001, 0x1AC818F57D38A410, , ../../../TPSGunsDemo/Plugins/GameFeatures/ShooterMaps/Content/Meshes/Expanse/Mesh_A_2_82FBB8.uasset, pakchunk1-Windows, 56295424, 14534656, 65811, 15001, 0x41cc7ed9dec87d5240f1cb3f728d47a1177962c1, ExportBundleData, , pakchunk1, Windows, Base, Installed, 0, 14534656
450, 9cce325fc9340f1400000001, 0x140F34C95F32CE9C, , ../../../TPSGunsDemo/Plugins/GameFeatures/ShooterMaps/Content/Meshes/Expanse/Mesh_A_2_6755C8.uasset, pakchunk1-Windows, 56426496, 14551040, 81941, 30265, 0x361fd244f127bd763aba50e76970571b118659d4, ExportBundleData, , pakchunk1, Windows, Base, Installed, 0, 14551040
451, c239f41eb2149e7300000001, 0x739E14B21EF439C2, , ../../../TPSGunsDemo/Plugins/LyraExampleContent/Content/Materials/MI_MS_Blue_2.uasset, pakchunk1-Windows, 56557568, 14581760, 1862, 1271, 0x0a85e2616b7079fc4b163df434bb2f23bc285eda, ExportBundleData, , pakchunk1, Windows, Base, Installed, 0, 14581760
452, 199ed05e390b7cf100000001, 0xF17C0B395ED09E19, , ../../../TPSGunsDemo/Plugins/GameFeatures/ShooterMaps/Content/Meshes/Expanse/Mesh_A_2_5E608F.uasset, pakchunk1-Windows, 56623104, 14583808, 22724, 6369, 0x656f9ccbf804ab78dcdf721a6523129a00b40851, ExportBundleData, , pakchunk1, Windows, Base, Installed, 0, 14583808
453, 2cf74d1355ab29d000000001, 0xD029AB55134DF72C, , ../../../TPSGunsDemo/Plugins/GameFeatures/ShooterMaps/Content/Meshes/Expanse/Mesh_A_2_28A2AC.uasset, pakchunk1-Windows, 56688640, 14592000, 37628, 10056, 0x4998e96b746fa9f478f2e973c361506b359a2f8e, ExportBundleData, , pakchunk1, Windows, Base, Installed, 0, 14592000
454, 3afd55b185f1067800000001, 0x7806F185B155FD3A, , ../../../TPSGunsDemo/Plugins/GameFeatures/ShooterMaps/Content/Meshes/Expanse/Mesh_A_2_BB85A6.uasset, pakchunk1-Windows, 56754176, 14602240, 35012, 9400, 0x8820020cb00494da3902542bb896236a5929149c, ExportBundleData, , pakchunk1, Windows, Base, Installed, 0, 14602240
455, 3df8c9949cd9b44800000001, 0x48B4D99C94C9F83D, , ../../../TPSGunsDemo/Plugins/GameFeatures/ShooterMaps/Content/Meshes/Expanse/Mesh_A_2_CEE282.uasset, pakchunk1-Windows, 56819712, 14612480, 34824, 9288, 0x55c547712fdfd5f93346b78ade8a2bcf9c0df878, ExportBundleData, , pakchunk1, Windows, Base, Installed, 0, 14612480
456, cc6cc4e50da3f47600000001, 0x76F4A30DE5C46CCC, , ../../../TPSGunsDemo/Plugins/GameFeatures/ShooterMaps/Content/Meshes/Expanse/Mesh_A_2_D83A6F.uasset, pakchunk1-Windows, 56885248, 14622720, 22128, 6122, 0x32d2e57ae53cb02447d208bf543ae492828044a2, ExportBundleData, , pakchunk1, Windows, Base, Installed, 0, 14622720
457, 545b8826d9c82a6400000001, 0x642AC8D926885B54, , ../../../TPSGunsDemo/Plugins/GameFeatures/ShooterMaps/Content/Meshes/Expanse/Mesh_A_2_3204DD.uasset, pakchunk1-Windows, 56950784, 14628864, 63386, 20802, 0x3649b4fd09ef2e4ac2fe4dbb3c4f13c81626ead8, ExportBundleData, , pakchunk1, Windows, Base, Installed, 0, 14628864
458, ea27fde2e37ef51400000001, 0x14F57EE3E2FD27EA, , ../../../TPSGunsDemo/Plugins/GameFeatures/ShooterMaps/Content/Meshes/Expanse/Mesh_A_2_A66FC6.uasset, pakchunk1-Windows, 57016320, 14651392, 61788, 20380, 0x8461b2d2788dc9768f5b8064d939e4fcb18dde72, ExportBundleData, , pakchunk1, Windows, Base, Installed, 0, 14651392
459, db014de30f4f4f0100000001, 0x14F4F0FE34D01DB, , ../../../TPSGunsDemo/Plugins/LyraExampleContent/Content/MSPresets/M_MS_Surface_Material/SubSurfaceProfile/Red.uasset, pakchunk1-Windows, 57081856, 14671872, 442, 442, 0x2bc4ade90dd72cfb3c9b3adfea46ac79a7178798, ExportBundleData, , pakchunk1, Windows, Base, Installed, 0, 14671872
460, 30387d5ad11b8a7f00000001, 0x7F8A1BD15A7D3830, , ../../../TPSGunsDemo/Plugins/LyraExampleContent/Content/Materials/MI_MS_Red_1.uasset, pakchunk1-Windows, 57147392, 14672320, 1920, 1264, 0x8244835e6d075503fc0d078e34f54c7d87adf0ea, ExportBundleData, , pakchunk1, Windows, Base, Installed, 0, 14672320
461, 205e8c21e891e6d600000001, 0xD6E691E8218C5E20, , ../../../TPSGunsDemo/Plugins/GameFeatures/ShooterMaps/Content/Meshes/Expanse/Mesh_A_2_09FF96.uasset, pakchunk1-Windows, 57212928, 14673920, 61579, 20424, 0x3831360b3638673d0695dc2a4d56811bf2eced1d, ExportBundleData, , pakchunk1, Windows, Base, Installed, 0, 14673920
462, 76963820ceeba3c200000001, 0xC2A3EBCE20389676, , ../../../TPSGunsDemo/Plugins/GameFeatures/ShooterMaps/Content/Meshes/Expanse/Mesh_A_2_7386B9.uasset, pakchunk1-Windows, 57278464, 14694400, 22749, 6087, 0x8727cdb44b741c0e85104121f312f52329017627, ExportBundleData, , pakchunk1, Windows, Base, Installed, 0, 14694400
463, 1c5db09382a4b1a700000001, 0xA7B1A48293B05D1C, , ../../../TPSGunsDemo/Plugins/GameFeatures/ShooterMaps/Content/Meshes/Expanse/Mesh_A_2_602A69.uasset, pakchunk1-Windows, 57344000, 14700544, 64495, 20533, 0x673b2ed07219a81abb0197b0e50f675c210d7fd1, ExportBundleData, , pakchunk1, Windows, Base, Installed, 0, 14700544
464, 5fa0889df541a76d00000001, 0x6DA741F59D88A05F, , ../../../TPSGunsDemo/Plugins/GameFeatures/ShooterMaps/Content/Meshes/Expanse_Blockout/ElevatorShaftC_3ED496.uasset, pakchunk1-Windows, 57409536, 14723072, 56011, 10332, 0x3e0856b4156968ab9ed8a078a6fdebabe8696a2f, ExportBundleData, , pakchunk1, Windows, Base, Installed, 0, 14723072
465, d8beadb9e250835e00000001, 0x5E8350E2B9ADBED8, , ../../../TPSGunsDemo/Plugins/GameFeatures/ShooterMaps/Content/Meshes/Expanse/Mesh_A_2_3C3D27.uasset, pakchunk1-Windows, 57475072, 14735360, 59737, 20542, 0x7195245c8a14a070f2f0c9fcc72165d304c33afb, ExportBundleData, , pakchunk1, Windows, Base, Installed, 0, 14735360
466, b45caa1024f6255800000001, 0x5825F62410AA5CB4, , ../../../TPSGunsDemo/Plugins/GameFeatures/ShooterMaps/Content/Meshes/Expanse/Mesh_A_2_7E1EFF.uasset, pakchunk1-Windows, 57540608, 14757888, 74749, 24594, 0x07207d42a470e80ccf5c1e5685758a8c1fa46114, ExportBundleData, , pakchunk1, Windows, Base, Installed, 0, 14757888
467, ba77f2aa9253034600000001, 0x46035392AAF277BA, , ../../../TPSGunsDemo/Plugins/GameFeatures/ShooterMaps/Content/Meshes/Expanse/Mesh_A_2_36AA2A.uasset, pakchunk1-Windows, 57671680, 14784512, 28513, 6791, 0x1b795a7d68c5833a142e6723f00753d0652109f1, ExportBundleData, , pakchunk1, Windows, Base, Installed, 0, 14784512
468, 4d2531a9cf92b23f00000001, 0x3FB292CFA931254D, , ../../../TPSGunsDemo/Plugins/GameFeatures/ShooterMaps/Content/Meshes/Expanse/Mesh_A_2_914EFE.uasset, pakchunk1-Windows, 57737216, 14792704, 21281, 4136, 0x4720b5fe93c5991ab3dbe8c2b759fd15987bd5e6, ExportBundleData, , pakchunk1, Windows, Base, Installed, 0, 14792704
469, e39e0fe6f3a69a1200000001, 0x129AA6F3E60F9EE3, , ../../../TPSGunsDemo/Plugins/GameFeatures/ShooterMaps/Content/Meshes/Expanse/Mesh_A_2_5B848E.uasset, pakchunk1-Windows, 57802752, 14798848, 90003, 29970, 0x0ec9d595336bd54a0e1d83ffb834e03114582495, ExportBundleData, , pakchunk1, Windows, Base, Installed, 0, 14798848
470, a69b9ca627dddf0800000001, 0x8DFDD27A69C9BA6, , ../../../TPSGunsDemo/Plugins/GameFeatures/ShooterMaps/Content/Meshes/Expanse/Mesh_A_2_EAE80F.uasset, pakchunk1-Windows, 57933824, 14829568, 31441, 7384, 0x70c30b38df1474e6bab5dccd89fadf79cc0e2c46, ExportBundleData, , pakchunk1, Windows, Base, Installed, 0, 14829568
471, db73f0386b3bbf0800000001, 0x8BF3B6B38F073DB, , ../../../TPSGunsDemo/Plugins/GameFeatures/ShooterMaps/Content/Meshes/Expanse/Mesh_A_2_9C7ACC.uasset, pakchunk1-Windows, 57999360, 14837760, 21273, 4196, 0x5d2a9d895e6a1dee532bf417d599b5ad2cfbf1cc, ExportBundleData, , pakchunk1, Windows, Base, Installed, 0, 14837760
472, c36b84b23d79788700000001, 0x8778793DB2846BC3, , ../../../TPSGunsDemo/Plugins/GameFeatures/ShooterCore/Content/Items/HealthPickup/WeaponPickupData_Heal_Small.uasset, pakchunk1-Windows, 58064896, 14841968, 914, 914, 0xdd8f48fcc3e94b6a1c8a8d162c563f9ae72d9358, ExportBundleData, , pakchunk1, Windows, Base, Installed, 0, 14841968
473, 4d720304f34aad9c00000001, 0x9CAD4AF30403724D, , ../../../TPSGunsDemo/Plugins/GameFeatures/ShooterMaps/Content/Maps/L_Expanse.umap, pakchunk1-Windows, 58130432, 14843904, 1800609, 226982, 0x418e19a2b210a773ab8c33adee57018dfb92877d, ExportBundleData, , pakchunk1, Windows, Base, Installed, 0, 14843904
474, ee7a67212c84cf7000000001, 0x70CF842C21677AEE, , ../../../TPSGunsDemo/Plugins/GameFeatures/ShooterCore/Content/Weapons/Pistol/WeaponPickupData_Pistol.uasset, pakchunk1-Windows, 59965440, 15071232, 870, 870, 0x0109486c9831b439a1416879be1b0bdc44b06afb, ExportBundleData, , pakchunk1, Windows, Base, Installed, 0, 15071232
475, ae9c386c694f631200000001, 0x12634F696C389CAE, , ../../../TPSGunsDemo/Plugins/GameFeatures/ShooterMaps/Content/Maps/L_Expanse/_Generated_/143GWIITS5TZZL1QV9BC72V0D.umap, pakchunk1-Windows, 60030976, 15073280, 29088, 7142, 0xb8d48b5c2b176eba9f4ea054d12f4eba2136f1c7, ExportBundleData, , pakchunk1, Windows, Base, Installed, 0, 15073280
476, 8f428397e8d279aa00000001, 0xAA79D2E89783428F, , ../../../TPSGunsDemo/Plugins/LyraExampleContent/Content/Materials/Textures/T_Concrete_Glossiness.uasset, pakchunk1-Windows, 60096512, 15081472, 3798, 1398, 0x88ad9d6d23ccb8b72ffbd117d2e0f6076b77c7aa, ExportBundleData, , pakchunk1, Windows, Base, Installed, 0, 15081472
477, 45cf2fb3719b63a600000001, 0xA6639B71B32FCF45, , ../../../TPSGunsDemo/Plugins/GameFeatures/ShooterMaps/Content/Meshes/FiringRange/SM_ModuleA_090.uasset, pakchunk1-Windows, 60162048, 15083520, 10643, 2252, 0x847e0fac47ca444b5a018a424cea7b3cdcbd825b, ExportBundleData, , pakchunk1, Windows, Base, Installed, 0, 15083520
478, 13fa7f3dba75a23e00000001, 0x3EA275BA3D7FFA13, , ../../../TPSGunsDemo/Plugins/LyraExampleContent/Content/Materials/MI_MS_Surface_6.uasset, pakchunk1-Windows, 60227584, 15085776, 1701, 1111, 0x8db70b4dea62753c5d6c811739c78a0143e2e277, ExportBundleData, , pakchunk1, Windows, Base, Installed, 0, 15085776
479, 3c7d46859f58e92400000001, 0x24E9589F85467D3C, , ../../../TPSGunsDemo/Plugins/GameFeatures/ShooterMaps/Content/Maps/L_FiringRange_WP/_Generated_/DK2OOMGT6UA2LXJH2NEFR3F66.umap, pakchunk1-Windows, 60293120, 15087616, 38887, 7634, 0xe67b50c1f9542a9958ceb797b92dfa80b19288ac, ExportBundleData, , pakchunk1, Windows, Base, Installed, 0, 15087616
480, 08f8f335fae9bb7f00000001, 0x7FBBE9FA35F3F808, , ../../../TPSGunsDemo/Plugins/GameFeatures/ShooterCore/Content/Effects/Material/M_Launcher_Inst3.uasset, pakchunk1-Windows, 60358656, 15095808, 573, 573, 0x543ab2bbce8c43ee12d92ba12b8d2dec7250eb39, ExportBundleData, , pakchunk1, Windows, Base, Installed, 0, 15095808
481, ab33f640fab16d9400000001, 0x946DB1FA40F633AB, , ../../../TPSGunsDemo/Plugins/GameFeatures/ShooterMaps/Content/Meshes/Expanse_Blockout/SM_TeleporterFrameA_3EC34D.uasset, pakchunk1-Windows, 60424192, 15097856, 69944, 17901, 0x6e0866dddcdad05fe85d9e4b80de32f756a9db08, ExportBundleData, , pakchunk1, Windows, Base, Installed, 0, 15097856
482, b4d035265cb4446a00000001, 0x6A44B45C2635D0B4, , ../../../TPSGunsDemo/Plugins/GameFeatures/ShooterMaps/Content/Meshes/Expanse_Blockout/SM_TeleporterFrameA_92CAB8.uasset, pakchunk1-Windows, 60555264, 15116288, 55508, 15483, 0x7c2e8ce7d04754897a1ebdac17df1ffc5eb99fb3, ExportBundleData, , pakchunk1, Windows, Base, Installed, 0, 15116288
483, e8d3af25bea39d3d00000001, 0x3D9DA3BE25AFD3E8, , ../../../TPSGunsDemo/Plugins/GameFeatures/ShooterMaps/Content/Maps/L_Expanse_Blockout/_Generated_/9H2XCG92JNQJRVO2V2ZD8CFFT.umap, pakchunk1-Windows, 60620800, 15132672, 46761, 9879, 0x56504e35dfd5b71e6f1c6acbd5042f5c7dbe2af3, ExportBundleData, , pakchunk1, Windows, Base, Installed, 0, 15132672
484, 6e92fa8a884a593f00000001, 0x3F594A888AFA926E, , ../../../TPSGunsDemo/Plugins/GameFeatures/ShooterMaps/Content/Maps/L_Expanse_Blockout/_Generated_/0BN4KBNQFR9Z7SXC0XQ5YJELM.umap, pakchunk1-Windows, 60686336, 15142912, 46053, 9464, 0x49516e581a44bad9c9b20ea8315157e8ef7820ca, ExportBundleData, , pakchunk1, Windows, Base, Installed, 0, 15142912
485, 4f2da16e84a2c7e400000001, 0xE4C7A2846EA12D4F, , ../../../TPSGunsDemo/Plugins/GameFeatures/ShooterMaps/Content/Maps/L_Expanse/_Generated_/8IC373HRUCY55EJCFHWCDVH28.umap, pakchunk1-Windows, 60751872, 15153152, 24275, 6293, 0x2b14d00d63111a8a87f5890e5d44d1b42ad74eb6, ExportBundleData, , pakchunk1, Windows, Base, Installed, 0, 15153152
486, cf8f4de7ab567d2200000001, 0x227D56ABE74D8FCF, , ../../../TPSGunsDemo/Plugins/GameFeatures/ShooterMaps/Content/Maps/L_Convolution_Blockout/_Generated_/4TDIOJEK2BRX8MONEHTHW70BJ.umap, pakchunk1-Windows, 60817408, 15161344, 47791, 10168, 0x973ee32beb1e64b9844a4e6fead2870390ce763a, ExportBundleData, , pakchunk1, Windows, Base, Installed, 0, 15161344
487, 6b1a505cbc3e58e900000001, 0xE9583EBC5C501A6B, , ../../../TPSGunsDemo/Plugins/GameFeatures/ShooterMaps/Content/Maps/DataLayers/L_Expanse_Blockout/Gameplay.uasset, pakchunk1-Windows, 60882944, 15171584, 322, 322, 0x628d8335bec3d465e456be8ff4095e934084a5a7, ExportBundleData, , pakchunk1, Windows, Base, Installed, 0, 15171584
488, 5fe3db5cbebd0fe800000001, 0xE80FBDBE5CDBE35F, , ../../../TPSGunsDemo/Plugins/GameFeatures/ShooterMaps/Content/Meshes/Expanse_Blockout/SkyBridgeTrimeA_DD17F1.uasset, pakchunk1-Windows, 60948480, 15173632, 18298, 4369, 0x4618659b6f37eb1f4831faf76f511f33038239df, ExportBundleData, , pakchunk1, Windows, Base, Installed, 0, 15173632
489, 19dcb75b89d1aec100000001, 0xC1AED1895BB7DC19, , ../../../TPSGunsDemo/Plugins/LyraExampleContent/Content/Materials/Textures/GlassPattern/T_Glass_Pattern_Option_05.uasset, pakchunk1-Windows, 61014016, 15179776, 6622, 2816, 0x3344622d120842b92e574bfbe57b27179f1bc7e4, ExportBundleData, , pakchunk1, Windows, Base, Installed, 0, 15179776
490, c8c9cc900e5b48b500000001, 0xB5485B0E90CCC9C8, , ../../../TPSGunsDemo/Plugins/GameFeatures/ShooterMaps/Content/Maps/DataLayers/L_Expanse_Blockout/ExtraSpawn.uasset, pakchunk1-Windows, 61079552, 15182592, 330, 330, 0x722691ed7e04354d1b81d9f082edea67b2741823, ExportBundleData, , pakchunk1, Windows, Base, Installed, 0, 15182592
491, d2ef695a7ec67c7d00000001, 0x7D7CC67E5A69EFD2, , ../../../TPSGunsDemo/Plugins/GameFeatures/ShooterMaps/Content/Maps/DataLayers/L_Expanse_Blockout/LayoutModelA.uasset, pakchunk1-Windows, 61145088, 15182928, 330, 330, 0x1c338a4db312326cd5cdc5d1b81f8c9f93f1c58f, ExportBundleData, , pakchunk1, Windows, Base, Installed, 0, 15182928
492, 8a84f34b2d072f7b00000001, 0x7B2F072D4BF3848A, , ../../../TPSGunsDemo/Plugins/GameFeatures/ShooterMaps/Content/LevelSequence/SEQ_LobbyScreenAnim.uasset, pakchunk1-Windows, 61210624, 15183872, 44579, 9079, 0xe1ccd6a034fcdc90fe0a3a95a55351665a4cfa9e, ExportBundleData, , pakchunk1, Windows, Base, Installed, 0, 15183872
493, 28195e817ad1087200000001, 0x7208D17A815E1928, , ../../../TPSGunsDemo/Plugins/GameFeatures/ShooterMaps/Content/Maps/L_Expanse_Blockout_BuiltData.uasset, pakchunk1-Windows, 61276160, 15194112, 41943564, 20021558, 0x3d502dca7f66416eb36c94990769bb0dcd53f89b, ExportBundleData, , pakchunk1, Windows, Base, Installed, 0, 15194112
494, 6ece24f9dd91a96500000001, 0x65A991DDF924CE6E, , ../../../TPSGunsDemo/Plugins/LyraExampleContent/Content/Materials/M_GlassTinted.uasset, pakchunk1-Windows, 103284736, 35221504, 19900, 3989, 0xf93e3afc172034efa5d9a1a5159b2a45deba0b56, ExportBundleData, , pakchunk1, Windows, Base, Installed, 0, 35221504
495, 57ee657599cf8b2700000009, 0x278BCF997565EE57, , <ShaderCode>, pakchunk1-Windows, 103350272, 35225600, 13384, 13384, 0xa1a5b1173306e5d2077130eecb9552c32f22ff8c, ShaderCode, , pakchunk1, Windows, Base, Installed, 0, 35225600
496, 7c660bc35e7f56a600000009, 0xA6567F5EC30B667C, , <ShaderCode>, pakchunk1-Windows, 103415808, 35239936, 63337, 63337, 0xdf414a3a51062522301926836db85b2955ea4743, ShaderCode, , pakchunk1, Windows, Base, Installed, 0, 35239936
497, 58a08104d44bc3b800000009, 0xB8C34BD40481A058, , <ShaderCode>, pakchunk1-Windows, 103481344, 35303424, 57612, 57612, 0xaf09eacef12065604e2b59200af5d953da1c34ff, ShaderCode, , pakchunk1, Windows, Base, Installed, 0, 35303424
498, 4f7425815e5acfe600000001, 0xE6CF5A5E8125744F, , ../../../TPSGunsDemo/Plugins/LyraExampleContent/Content/Materials/MI_tintedGlassTile_Y.uasset, pakchunk1-Windows, 103546880, 35362816, 19494, 3913, 0x89d268bb39803f8313a6b27b2404e6a0bfaea580, ExportBundleData, , pakchunk1, Windows, Base, Installed, 0, 35362816
499, bc27961bbaff62ea00000009, 0xEA62FFBA1B9627BC, , <ShaderCode>, pakchunk1-Windows, 103612416, 35366912, 62603, 62603, 0x7ab9db7f7bf57d5ff830fb43f9651c398e8d793b, ShaderCode, , pakchunk1, Windows, Base, Installed, 0, 35366912
500, 8c300e091e2fc7d300000009, 0xD3C72F1E090E308C, , <ShaderCode>, pakchunk1-Windows, 103677952, 35430400, 12322, 12322, 0xde8baae057a9663c2e86c7b7e3f0c08a2c2f5163, ShaderCode, , pakchunk1, Windows, Base, Installed, 0, 35430400
501, 9f65aaa11cb41da900000009, 0xA91DB41CA1AA659F, , <ShaderCode>, pakchunk1-Windows, 103743488, 35444736, 57602, 57602, 0xb70c2b4efa8da09a3659df8e601e3cba3a4d2ee2, ShaderCode, , pakchunk1, Windows, Base, Installed, 0, 35444736
502, 6d599b2252b6134300000001, 0x4313B652229B596D, , ../../../TPSGunsDemo/Plugins/GameFeatures/ShooterMaps/Content/LevelSequence/SEQ_ScreenCaptures.uasset, pakchunk1-Windows, 103809024, 35504128, 12072, 3535, 0x4f6d8f5e21d93bc9613d678f33314b7b2c034b90, ExportBundleData, , pakchunk1, Windows, Base, Installed, 0, 35504128
503, 295575b55870ec2a00000001, 0x2AEC7058B5755529, , ../../../TPSGunsDemo/Plugins/LyraExampleContent/Content/Materials/M_GlassB.uasset, pakchunk1-Windows, 103874560, 35508224, 21338, 3906, 0x59a55f93a70b78d721c6d10787755b0867ee4db9, ExportBundleData, , pakchunk1, Windows, Base, Installed, 0, 35508224
504, f4a6ae870539db7500000009, 0x75DB390587AEA6F4, , <ShaderCode>, pakchunk1-Windows, 103940096, 35512320, 55446, 55446, 0x8f543364e1f5681533537e22f416f5c4bfabce53, ShaderCode, , pakchunk1, Windows, Base, Installed, 0, 35512320
505, 0a64b23c02adf1a300000009, 0xA3F1AD023CB2640A, , <ShaderCode>, pakchunk1-Windows, 104005632, 35569664, 13820, 13820, 0x0626dac44d4b3fa0e9e695b9a3e71af60b398279, ShaderCode, , pakchunk1, Windows, Base, Installed, 0, 35569664
506, 7683f85672012fcb00000009, 0xCB2F017256F88376, , <ShaderCode>, pakchunk1-Windows, 104071168, 35584000, 63511, 63511, 0x34c935d513a16512808e75be1241303b5c001dea, ShaderCode, , pakchunk1, Windows, Base, Installed, 0, 35584000
507, d64ec80a00e65abf00000001, 0xBF5AE6000AC84ED6, , ../../../TPSGunsDemo/Plugins/LyraExampleContent/Content/Materials/MI_GlassB_1.uasset, pakchunk1-Windows, 104136704, 35647520, 570, 570, 0xfa428a6fe3023b8cc74674939bac65619f3f66ed, ExportBundleData, , pakchunk1, Windows, Base, Installed, 0, 35647520
508, ef48917fe187a9eb00000001, 0xEBA987E17F9148EF, , ../../../TPSGunsDemo/Plugins/GameFeatures/ShooterMaps/Content/Meshes/Expanse_Blockout/CurvedFrameK_A6442D.uasset, pakchunk1-Windows, 104202240, 35649536, 87714, 17517, 0x86cc430e9d977909e644c1bdbc3bd7d9bb438d86, ExportBundleData, , pakchunk1, Windows, Base, Installed, 0, 35649536
509, 0a2384ff8c20cc8000000001, 0x80CC208CFF84230A, , ../../../TPSGunsDemo/Plugins/GameFeatures/ShooterMaps/Content/Meshes/Expanse_Blockout/CurvedCornerJ_00A6B8.uasset, pakchunk1-Windows, 104333312, 35667968, 17871, 4776, 0x224aa4b456f0232ce2d5dd641e6aa27264d9db56, ExportBundleData, , pakchunk1, Windows, Base, Installed, 0, 35667968
510, d3764d03d85fba3c00000001, 0x3CBA5FD8034D76D3, , ../../../TPSGunsDemo/Plugins/LyraExampleContent/Content/Materials/MI_GlassA_1.uasset, pakchunk1-Windows, 104398848, 35672752, 1596, 1100, 0x6b436d6db1afbb191512159e4eaa9436dd5c0c53, ExportBundleData, , pakchunk1, Windows, Base, Installed, 0, 35672752
511, e6177f35098b6e6a00000001, 0x6A6E8B09357F17E6, , ../../../TPSGunsDemo/Plugins/GameFeatures/ShooterMaps/Content/Meshes/Expanse_Blockout/BridgeC_2A4BC0.uasset, pakchunk1-Windows, 104464384, 35674112, 32057, 7234, 0xc8ebf992d3ceb8f6a33d648d836c8805ee2b74c6, ExportBundleData, , pakchunk1, Windows, Base, Installed, 0, 35674112
512, f2d3d9a333953acd00000001, 0xCD3A9533A3D9D3F2, , ../../../TPSGunsDemo/Plugins/GameFeatures/ShooterMaps/Content/Meshes/Expanse_Blockout/ElevatorShaftB_9B1610.uasset, pakchunk1-Windows, 104529920, 35682304, 57669, 10360, 0xeca2b290d5c24601b135bffea45571ea7145f23c, ExportBundleData, , pakchunk1, Windows, Base, Installed, 0, 35682304
513, f9bc12fc4d705d9800000001, 0x985D704DFC12BCF9, , ../../../TPSGunsDemo/Plugins/LyraExampleContent/Content/Materials/MI_MS_Surface_12.uasset, pakchunk1-Windows, 104595456, 35692672, 1996, 1330, 0x53f9102613239da1b835209a29ef02e05e721bec, ExportBundleData, , pakchunk1, Windows, Base, Installed, 0, 35692672
514, 189ac8c7e6397bf400000001, 0xF47B39E6C7C89A18, , ../../../TPSGunsDemo/Plugins/GameFeatures/ShooterMaps/Content/Meshes/Expanse_Blockout/SM_CurvedFloorPatchA_C1C156.uasset, pakchunk1-Windows, 104660992, 35694592, 42249, 10011, 0xc200940f6d51d2a9a27dec67c15ed7e4c0757dd5, ExportBundleData, , pakchunk1, Windows, Base, Installed, 0, 35694592
515, bb1a60f76d8d168b00000001, 0x8B168D6DF7601ABB, , ../../../TPSGunsDemo/Plugins/LyraExampleContent/Content/Materials/MI_Black_GlossFakeFloor.uasset, pakchunk1-Windows, 104726528, 35704832, 2014, 1344, 0x4515cdc231760272c3cb049300995cc0c65f441a, ExportBundleData, , pakchunk1, Windows, Base, Installed, 0, 35704832
516, 138eb1c3a8f8a5f900000001, 0xF9A5F8A8C3B18E13, , ../../../TPSGunsDemo/Plugins/GameFeatures/ShooterMaps/Content/Meshes/Expanse_Blockout/Block_1x1m_A_AE19EE2.uasset, pakchunk1-Windows, 104792064, 35706880, 14821, 3590, 0x94fca4dad599d987196d43103c270a77c53c74e7, ExportBundleData, , pakchunk1, Windows, Base, Installed, 0, 35706880
517, df6dc1ea43daa3c900000001, 0xC9A3DA43EAC16DDF, , ../../../TPSGunsDemo/Plugins/GameFeatures/ShooterMaps/Content/Meshes/Expanse_Blockout/BridgeF_A24598.uasset, pakchunk1-Windows, 104857600, 35710976, 61321, 10658, 0xd46c9f27ce993ae99d975952cc8b3df1fc55f759, ExportBundleData, , pakchunk1, Windows, Base, Installed, 0, 35710976
518, 9a8dd42f0aa2f99200000001, 0x92F9A20A2FD48D9A, , ../../../TPSGunsDemo/Plugins/GameFeatures/ShooterMaps/Content/Meshes/Expanse_Blockout/ElevatorShaftA_6D6664.uasset, pakchunk1-Windows, 104923136, 35723264, 71492, 20317, 0xf0abe6a6867f0cbf198ff37fd4a88e0abe50899a, ExportBundleData, , pakchunk1, Windows, Base, Installed, 0, 35723264
519, f1492ff8fda8359200000001, 0x9235A8FDF82F49F1, , ../../../TPSGunsDemo/Plugins/GameFeatures/ShooterMaps/Content/Meshes/Expanse_Blockout/StairsB_12305C.uasset, pakchunk1-Windows, 105054208, 35743744, 120043, 23908, 0xb4f0df0917a702197651b7d6f88965c898acdb74, ExportBundleData, , pakchunk1, Windows, Base, Installed, 0, 35743744
520, c5f3ec2e0ab1b88f00000001, 0x8FB8B10A2EECF3C5, , ../../../TPSGunsDemo/Plugins/GameFeatures/ShooterMaps/Content/Meshes/Expanse_Blockout/WallC_C7EBFC.uasset, pakchunk1-Windows, 105185280, 35768320, 110496, 23241, 0x797bab86e0207c67fb63fdef2e03b1365f808a19, ExportBundleData, , pakchunk1, Windows, Base, Installed, 0, 35768320
521, 78991dabe090948600000001, 0x869490E0AB1D9978, , ../../../TPSGunsDemo/Plugins/GameFeatures/ShooterMaps/Content/Meshes/Expanse_Blockout/CurvedCornerL_0E20B9.uasset, pakchunk1-Windows, 105316352, 35792896, 79267, 14169, 0xad891e233a2fa077bdeec8861fa1673983c1f357, ExportBundleData, , pakchunk1, Windows, Base, Installed, 0, 35792896
522, 56ddefe9029dad6600000001, 0x66AD9D02E9EFDD56, , ../../../TPSGunsDemo/Plugins/GameFeatures/ShooterMaps/Content/Meshes/Expanse_Blockout/Block_1x1m_A_AE19EE.uasset, pakchunk1-Windows, 105447424, 35807232, 16597, 4132, 0xb428375e9ed41b075dd006f660d344ef3e2617dc, ExportBundleData, , pakchunk1, Windows, Base, Installed, 0, 35807232
523, e16159d98072c46300000001, 0x63C47280D95961E1, , ../../../TPSGunsDemo/Plugins/GameFeatures/ShooterMaps/Content/Meshes/Expanse_Blockout/StairsA_C2055F.uasset, pakchunk1-Windows, 105512960, 35813376, 80485, 18206, 0x9c4a8bed41e221db7c8dc3c18bbe32de3d6d7e57, ExportBundleData, , pakchunk1, Windows, Base, Installed, 0, 35813376
524, ab8c7a559e18584200000001, 0x4258189E557A8CAB, , ../../../TPSGunsDemo/Plugins/GameFeatures/ShooterMaps/Content/Meshes/Expanse_Blockout/SM_TeleporterFrameB_4E67A5.uasset, pakchunk1-Windows, 105644032, 35831808, 55044, 10396, 0xe0f8ca6d15ca1ece1985be9993b1312a83e81fd0, ExportBundleData, , pakchunk1, Windows, Base, Installed, 0, 35831808
525, 7fc542d6d4bc914000000001, 0x4091BCD4D642C57F, , ../../../TPSGunsDemo/Plugins/GameFeatures/ShooterMaps/Content/Meshes/Expanse_Blockout/SM_CurvedFloorPatchB_C82BD3.uasset, pakchunk1-Windows, 105709568, 35844096, 32297, 6265, 0x08f4c84f36f6c16af443786163ea889d190255f8, ExportBundleData, , pakchunk1, Windows, Base, Installed, 0, 35844096
526, f3e84f54b33c5d3500000001, 0x355D3CB3544FE8F3, , ../../../TPSGunsDemo/Plugins/GameFeatures/ShooterMaps/Content/Meshes/Expanse_Blockout/BridgeE_BE2BF9.uasset, pakchunk1-Windows, 105775104, 35852288, 44583, 10275, 0x106b64bf5f9cb375342e740e621d91848fcf0718, ExportBundleData, , pakchunk1, Windows, Base, Installed, 0, 35852288
527, bf129d10103b322c00000001, 0x2C323B10109D12BF, , ../../../TPSGunsDemo/Plugins/GameFeatures/ShooterMaps/Content/Meshes/Expanse_Blockout/PanelFloorD_D3F505.uasset, pakchunk1-Windows, 105840640, 35864576, 77305, 19180, 0x4b61acbf4cd68d6f2b80d79bdc491bb1e2736031, ExportBundleData, , pakchunk1, Windows, Base, Installed, 0, 35864576
528, 8ce9b55a1a974bc200000001, 0xC24B971A5AB5E98C, , ../../../TPSGunsDemo/Plugins/GameFeatures/ShooterMaps/Content/Meshes/Expanse_Blockout/CurvedCornerN_21DC0E.uasset, pakchunk1-Windows, 105971712, 35885056, 19079, 4607, 0x41d223d3f905c1cd2f6b468885aefcebfed2fec4, ExportBundleData, , pakchunk1, Windows, Base, Installed, 0, 35885056
529, 96aa8adeadc2763900000001, 0x3976C2ADDE8AAA96, , ../../../TPSGunsDemo/Plugins/LyraExampleContent/Content/Materials/MI_MS_Surface_1.uasset, pakchunk1-Windows, 106037248, 35889664, 1720, 1152, 0xbd94723a4ad961ce386206ce741ce5435b6cf31a, ExportBundleData, , pakchunk1, Windows, Base, Installed, 0, 35889664
530, db8a2c73dcbbb13000000001, 0x30B1BBDC732C8ADB, , ../../../TPSGunsDemo/Plugins/GameFeatures/ShooterMaps/Content/Meshes/Expanse_Blockout/RampA_51A1CB.uasset, pakchunk1-Windows, 106102784, 35891200, 93169, 24636, 0x59795d5adb2f975b87f3c4de93d5b0a4212c79a6, ExportBundleData, , pakchunk1, Windows, Base, Installed, 0, 35891200
531, 2b1fb49f4527372600000001, 0x263727459FB41F2B, , ../../../TPSGunsDemo/Plugins/GameFeatures/ShooterMaps/Content/Meshes/Expanse_Blockout/FloorE_0861E5.uasset, pakchunk1-Windows, 106233856, 35917824, 65803, 14894, 0x4f3879911382ac53682316b0825ad8ef9b84fa28, ExportBundleData, , pakchunk1, Windows, Base, Installed, 0, 35917824
532, a3cd96fdf52a591800000001, 0x18592AF5FD96CDA3, , ../../../TPSGunsDemo/Plugins/GameFeatures/ShooterMaps/Content/Meshes/Expanse_Blockout/FloorC_2EE61D.uasset, pakchunk1-Windows, 106364928, 35934208, 86213, 18205, 0x1e9cdee3ed0a8353f8ae7c000470d426e062f833, ExportBundleData, , pakchunk1, Windows, Base, Installed, 0, 35934208
533, 5893eb6e11a5e7fd00000001, 0xFDE7A5116EEB9358, , ../../../TPSGunsDemo/Plugins/GameFeatures/ShooterMaps/Content/Meshes/Expanse_Blockout/CapsulePanelA_3EE9F1.uasset, pakchunk1-Windows, 106496000, 35952640, 67446, 19571, 0xc6ad4e39d0ad2c7989de9db24164573f6a33520e, ExportBundleData, , pakchunk1, Windows, Base, Installed, 0, 35952640
534, 879123404206eef400000001, 0xF4EE064240239187, , ../../../TPSGunsDemo/Plugins/GameFeatures/ShooterMaps/Content/Meshes/Expanse_Blockout/WindowFrameB_D9E5E1.uasset, pakchunk1-Windows, 106627072, 35973120, 57798, 16105, 0xc52e264fea5a1e19bd940c6b0073f86c29382ef1, ExportBundleData, , pakchunk1, Windows, Base, Installed, 0, 35973120
535, 50974985a83b18f000000001, 0xF0183BA885499750, , ../../../TPSGunsDemo/Plugins/GameFeatures/ShooterMaps/Content/Meshes/Expanse_Blockout/CurvedFrameI_70EB60.uasset, pakchunk1-Windows, 106692608, 35989504, 62549, 20322, 0xab75c8a7feb51b87add20aeebd479ad314f5ba83, ExportBundleData, , pakchunk1, Windows, Base, Installed, 0, 35989504
536, dc59a112d5ed67ee00000001, 0xEE67EDD512A159DC, , ../../../TPSGunsDemo/Plugins/GameFeatures/ShooterMaps/Content/Meshes/Expanse_Blockout/RampA_1402A7.uasset, pakchunk1-Windows, 106758144, 36009984, 5954, 2052, 0x0bf1bdcf716d754ad63e9bed6fa8623efb19639d, ExportBundleData, , pakchunk1, Windows, Base, Installed, 0, 36009984
537, 2bd29641e782e7eb00000001, 0xEBE782E74196D22B, , ../../../TPSGunsDemo/Plugins/GameFeatures/ShooterMaps/Content/Meshes/Expanse_Blockout/WallN_CC89C4.uasset, pakchunk1-Windows, 106823680, 36014080, 98596, 30400, 0x15c0fa8976f2e9b783f390244a570eb7a11bb0fa, ExportBundleData, , pakchunk1, Windows, Base, Installed, 0, 36014080
538, 7f005fd3e7c12de000000001, 0xE02DC1E7D35F007F, , ../../../TPSGunsDemo/Plugins/GameFeatures/ShooterMaps/Content/Meshes/Expanse_Blockout/PanelFloorC_3E49C5.uasset, pakchunk1-Windows, 106954752, 36044800, 52170, 11887, 0xe53c64d131d026f8520fddb5336cd5f8af3e4364, ExportBundleData, , pakchunk1, Windows, Base, Installed, 0, 36044800
539, 3064b8eec051b4da00000001, 0xDAB451C0EEB86430, , ../../../TPSGunsDemo/Plugins/GameFeatures/ShooterMaps/Content/Meshes/Expanse_Blockout/WallG_1C05FB.uasset, pakchunk1-Windows, 107020288, 36057088, 107534, 19400, 0xeaccb3adb17eb85e043809ab45cfe5372aaaf360, ExportBundleData, , pakchunk1, Windows, Base, Installed, 0, 36057088
540, f7d20e90ad40f5cd00000001, 0xCDF540AD900ED2F7, , ../../../TPSGunsDemo/Plugins/GameFeatures/ShooterMaps/Content/Meshes/Expanse_Blockout/WallL_2DDDBA.uasset, pakchunk1-Windows, 107151360, 36077568, 38992, 7728, 0x4f93b512a3d8cf5581d07e95a0de56156750ef75, ExportBundleData, , pakchunk1, Windows, Base, Installed, 0, 36077568
541, 733e52215255b2bc00000001, 0xBCB2555221523E73, , ../../../TPSGunsDemo/Plugins/GameFeatures/ShooterMaps/Content/Meshes/Expanse_Blockout/CurvedCornerD_B066FD.uasset, pakchunk1-Windows, 107216896, 36085760, 27570, 5872, 0x7833db0c6879712dbb1af6fbff2c9a2b64f4d14f, ExportBundleData, , pakchunk1, Windows, Base, Installed, 0, 36085760
542, e07643b347db1fb700000001, 0xB71FDB47B34376E0, , ../../../TPSGunsDemo/Plugins/GameFeatures/ShooterMaps/Content/Meshes/Expanse_Blockout/CurvedCornerM_37DFB0.uasset, pakchunk1-Windows, 107282432, 36091904, 36310, 6155, 0x399a6f7a8b4797804f19b5bad2c027e5c996860d, ExportBundleData, , pakchunk1, Windows, Base, Installed, 0, 36091904
543, 3038503c8598fab000000001, 0xB0FA98853C503830, , ../../../TPSGunsDemo/Plugins/GameFeatures/ShooterMaps/Content/Meshes/Expanse_Blockout/WallT_1C5B93.uasset, pakchunk1-Windows, 107347968, 36100096, 63442, 14587, 0xd003e1a8791fa9ce56846a1902c1f085e6e1eddf, ExportBundleData, , pakchunk1, Windows, Base, Installed, 0, 36100096
544, 4592e121dc6dc1b000000001, 0xB0C16DDC21E19245, , ../../../TPSGunsDemo/Plugins/GameFeatures/ShooterMaps/Content/Meshes/Expanse_Blockout/CurvedFrameB_A96453.uasset, pakchunk1-Windows, 107413504, 36116480, 93510, 13418, 0xc1e4e5134479a6532569105baf64806efb697184, ExportBundleData, , pakchunk1, Windows, Base, Installed, 0, 36116480
545, 613a5797ff3273ad00000001, 0xAD7332FF97573A61, , ../../../TPSGunsDemo/Plugins/GameFeatures/ShooterMaps/Content/Meshes/Expanse_Blockout/WallW_ADBE4B.uasset, pakchunk1-Windows, 107544576, 36130816, 68971, 24202, 0x32c1201e4751a1c025e96bd165e7220170dc590f, ExportBundleData, , pakchunk1, Windows, Base, Installed, 0, 36130816
546, eeddb603708c45ab00000001, 0xAB458C7003B6DDEE, , ../../../TPSGunsDemo/Plugins/GameFeatures/ShooterMaps/Content/Meshes/Expanse_Blockout/CurvedCornerI_9DE3E7.uasset, pakchunk1-Windows, 107675648, 36155392, 81968, 11888, 0x1547b22ec2aa3c46c752a9d4010e37f493d2b18f, ExportBundleData, , pakchunk1, Windows, Base, Installed, 0, 36155392
547, 75e7cfe4cababca900000001, 0xA9BCBACAE4CFE775, , ../../../TPSGunsDemo/Plugins/GameFeatures/ShooterMaps/Content/Meshes/Expanse_Blockout/CurvedCornerH_B658E9.uasset, pakchunk1-Windows, 107806720, 36167680, 62620, 12284, 0xb15b69057e5009fa9f058498bcd884526e74dd78, ExportBundleData, , pakchunk1, Windows, Base, Installed, 0, 36167680
548, 0452dbb244a263a700000001, 0xA763A244B2DB5204, , ../../../TPSGunsDemo/Plugins/GameFeatures/ShooterMaps/Content/Meshes/Expanse_Blockout/CurvedFrameC_BBCBA1.uasset, pakchunk1-Windows, 107872256, 36179968, 60838, 13264, 0xc82ee7412f0402edd08dd15c5a8857b3c5943763, ExportBundleData, , pakchunk1, Windows, Base, Installed, 0, 36179968
549, 96be85be73475fa500000001, 0xA55F4773BE85BE96, , ../../../TPSGunsDemo/Plugins/GameFeatures/ShooterMaps/Content/Meshes/Expanse_Blockout/SM_WallJ_5BB90A.uasset, pakchunk1-Windows, 107937792, 36194304, 211610, 47590, 0x17b964fbda86cceaa85ba49916d86615db34b63d, ExportBundleData, , pakchunk1, Windows, Base, Installed, 0, 36194304
550, 00fd4441fcdc9d9f00000001, 0x9F9DDCFC4144FD00, , ../../../TPSGunsDemo/Plugins/GameFeatures/ShooterMaps/Content/Meshes/Expanse_Blockout/PanelFloorB_2EEFC7.uasset, pakchunk1-Windows, 108199936, 36243456, 51072, 12694, 0x2dc70490a5fe00c3e100fec624c3dc695aefc299, ExportBundleData, , pakchunk1, Windows, Base, Installed, 0, 36243456
551, ed0c72499bd0e09b00000001, 0x9BE0D09B49720CED, , ../../../TPSGunsDemo/Plugins/GameFeatures/ShooterMaps/Content/Meshes/Expanse_Blockout/WallV_52386B.uasset, pakchunk1-Windows, 108265472, 36257792, 52380, 10308, 0x4266eac2c40c4bdebf6590c036c3cd42c2af2c9e, ExportBundleData, , pakchunk1, Windows, Base, Installed, 0, 36257792
552, bbefe740e139869700000001, 0x978639E140E7EFBB, , ../../../TPSGunsDemo/Plugins/GameFeatures/ShooterMaps/Content/Meshes/Expanse_Blockout/PanelFloorC_38C6C5.uasset, pakchunk1-Windows, 108331008, 36270080, 36054, 6733, 0x1c919af0436a81ed34336b5db14cf08e9b7500ba, ExportBundleData, , pakchunk1, Windows, Base, Installed, 0, 36270080
553, 0e5e2923ba65b89400000001, 0x94B865BA23295E0E, , ../../../TPSGunsDemo/Plugins/GameFeatures/ShooterMaps/Content/Meshes/Expanse_Blockout/WallH_457ECD.uasset, pakchunk1-Windows, 108396544, 36278272, 34588, 7948, 0xde963f78136b591045b7c590cb81d9c3ce3efdeb, ExportBundleData, , pakchunk1, Windows, Base, Installed, 0, 36278272
554, 7f3dda427d97b09000000001, 0x90B0977D42DA3D7F, , ../../../TPSGunsDemo/Plugins/GameFeatures/ShooterMaps/Content/Meshes/Expanse_Blockout/BridgeI_F882AC.uasset, pakchunk1-Windows, 108462080, 36286464, 77136, 13510, 0xa011d3f162b1e6cd8a718b74139557b33e4ca603, ExportBundleData, , pakchunk1, Windows, Base, Installed, 0, 36286464
555, c7d077c5970e8f8400000001, 0x848F0E97C577D0C7, , ../../../TPSGunsDemo/Plugins/GameFeatures/ShooterMaps/Content/Meshes/Expanse_Blockout/WallB_77E966.uasset, pakchunk1-Windows, 108593152, 36300800, 22344, 3767, 0x056a039b48c33621d048b495fe5eb91f48116e97, ExportBundleData, , pakchunk1, Windows, Base, Installed, 0, 36300800
556, 32531afdd1a7017d00000001, 0x7D01A7D1FD1A5332, , ../../../TPSGunsDemo/Plugins/GameFeatures/ShooterMaps/Content/Meshes/Expanse_Blockout/StairsD_09167C.uasset, pakchunk1-Windows, 108658688, 36304896, 106742, 19609, 0x8fc68f91067603fbe08dd950fc8bead316d20fc5, ExportBundleData, , pakchunk1, Windows, Base, Installed, 0, 36304896
557, 04d9eceb8f89577a00000001, 0x7A57898FEBECD904, , ../../../TPSGunsDemo/Plugins/GameFeatures/ShooterMaps/Content/Meshes/Expanse_Blockout/BridgePlatformA_5DAD14.uasset, pakchunk1-Windows, 108789760, 36325376, 68052, 16365, 0xf343c07f81dd54fa87168cf54f7b099c75a1a185, ExportBundleData, , pakchunk1, Windows, Base, Installed, 0, 36325376
558, 16ea8c1285f42d7a00000001, 0x7A2DF485128CEA16, , ../../../TPSGunsDemo/Plugins/GameFeatures/ShooterMaps/Content/Meshes/Expanse_Blockout/WallD_B1D74E.uasset, pakchunk1-Windows, 108920832, 36341760, 54548, 12244, 0x0d8cc58743e36e6655a6b086cacf86fdeab97560, ExportBundleData, , pakchunk1, Windows, Base, Installed, 0, 36341760
559, 2251980f9fdaba7900000001, 0x79BADA9F0F985122, , ../../../TPSGunsDemo/Plugins/GameFeatures/ShooterMaps/Content/Meshes/Expanse_Blockout/BridgeG_24FE19.uasset, pakchunk1-Windows, 108986368, 36354048, 78012, 11437, 0x18b5b99b0ecb3ec74e756ab820573bdb45e96d79, ExportBundleData, , pakchunk1, Windows, Base, Installed, 0, 36354048
560, da481b8ced8e697800000001, 0x78698EED8C1B48DA, , ../../../TPSGunsDemo/Plugins/GameFeatures/ShooterMaps/Content/Meshes/Expanse_Blockout/CurvedCornerK_E291AD.uasset, pakchunk1-Windows, 109117440, 36366336, 85352, 10355, 0x90ed6b7b41f773442dd041e45d03e73a5cbdf999, ExportBundleData, , pakchunk1, Windows, Base, Installed, 0, 36366336
561, ca42dca235d0de7700000001, 0x77DED035A2DC42CA, , ../../../TPSGunsDemo/Plugins/GameFeatures/ShooterMaps/Content/Meshes/Expanse_Blockout/CurvedCornerE_CDF25B.uasset, pakchunk1-Windows, 109248512, 36378624, 35138, 6457, 0x82c6c894c8bf8d009631503bb48057da1d12747e, ExportBundleData, , pakchunk1, Windows, Base, Installed, 0, 36378624
562, 9fd764bb6706667300000001, 0x73660667BB64D79F, , ../../../TPSGunsDemo/Plugins/GameFeatures/ShooterMaps/Content/Meshes/Expanse_Blockout/PanelFloorA_9F0EC2.uasset, pakchunk1-Windows, 109314048, 36386816, 16830, 3293, 0xa2b5a2933c2cfcac0540ca48ca71d12ed381e128, ExportBundleData, , pakchunk1, Windows, Base, Installed, 0, 36386816
563, 6df7c59fd6af8f7100000001, 0x718FAFD69FC5F76D, , ../../../TPSGunsDemo/Plugins/GameFeatures/ShooterMaps/Content/Meshes/Expanse_Blockout/BridgeD_745AEE.uasset, pakchunk1-Windows, 109379584, 36390912, 96738, 28062, 0x31759428615d2345609e2f3166afaf756f6afa8d, ExportBundleData, , pakchunk1, Windows, Base, Installed, 0, 36390912
564, 351348f6e967fd6e00000001, 0x6EFD67E9F6481335, , ../../../TPSGunsDemo/Plugins/GameFeatures/ShooterMaps/Content/Meshes/Expanse_Blockout/SM_FloorD_968DF8.uasset, pakchunk1-Windows, 109510656, 36419584, 85464, 29350, 0x3f3ec27351a7938fb4d95957337e7249bfef82ce, ExportBundleData, , pakchunk1, Windows, Base, Installed, 0, 36419584
565, 9a79edabfd5b2f6c00000001, 0x6C2F5BFDABED799A, , ../../../TPSGunsDemo/Plugins/GameFeatures/ShooterMaps/Content/Meshes/Expanse_Blockout/WallM_6F701A.uasset, pakchunk1-Windows, 109641728, 36450304, 201891, 45607, 0x6fae2ca45e16e334390193f578ed911ffcda153c, ExportBundleData, , pakchunk1, Windows, Base, Installed, 0, 36450304
566, ac300ed68d83746b00000001, 0x6B74838DD60E30AC, , ../../../TPSGunsDemo/Plugins/GameFeatures/ShooterMaps/Content/Meshes/Expanse_Blockout/WallO_5E167F.uasset, pakchunk1-Windows, 109903872, 36497408, 65738, 15513, 0x6c93071797889a15fec673164c5ab77b2bedf137, ExportBundleData, , pakchunk1, Windows, Base, Installed, 0, 36497408
567, 6ae25727ef3eb66300000001, 0x63B63EEF2757E26A, , ../../../TPSGunsDemo/Plugins/GameFeatures/ShooterMaps/Content/Meshes/Expanse_Blockout/WindowFrameC_0EB4BF.uasset, pakchunk1-Windows, 110034944, 36513792, 42704, 10556, 0xe6a1572f0eef6beae644fed89ffa02a6b4e4f7e1, ExportBundleData, , pakchunk1, Windows, Base, Installed, 0, 36513792
568, c3e21044f91d526200000001, 0x62521DF94410E2C3, , ../../../TPSGunsDemo/Plugins/GameFeatures/ShooterMaps/Content/Meshes/Expanse_Blockout/SM_BridgeH_1E9B32.uasset, pakchunk1-Windows, 110100480, 36526080, 56360, 7542, 0x9c141ae7117e0c31514706d653e75f19f89776ee, ExportBundleData, , pakchunk1, Windows, Base, Installed, 0, 36526080
569, 9e6fef30a598d56000000001, 0x60D598A530EF6F9E, , ../../../TPSGunsDemo/Plugins/GameFeatures/ShooterMaps/Content/Meshes/Expanse_Blockout/WallF_81EBEC.uasset, pakchunk1-Windows, 110166016, 36534272, 86211, 28275, 0x9d1294d857a3c9ac33ae2ba12a99c84b946290cf, ExportBundleData, , pakchunk1, Windows, Base, Installed, 0, 36534272
570, 79b04c3178ee756000000001, 0x6075EE78314CB079, , ../../../TPSGunsDemo/Plugins/GameFeatures/ShooterMaps/Content/Meshes/Expanse_Blockout/CurvedFrameF_D58171.uasset, pakchunk1-Windows, 110297088, 36562944, 68666, 14835, 0x163b4c14ae98efac9ba73746749519d75c20f74e, ExportBundleData, , pakchunk1, Windows, Base, Installed, 0, 36562944
571, ee0c5435e5427c5a00000001, 0x5A7C42E535540CEE, , ../../../TPSGunsDemo/Plugins/GameFeatures/ShooterMaps/Content/Meshes/Expanse_Blockout/WallP_4BBE39.uasset, pakchunk1-Windows, 110428160, 36579328, 54200, 8021, 0x5d2bab384ef2d09f0a2c58863b6211b60d0b7624, ExportBundleData, , pakchunk1, Windows, Base, Installed, 0, 36579328
572, 7559c6e8b317ca4b00000001, 0x4BCA17B3E8C65975, , ../../../TPSGunsDemo/Plugins/GameFeatures/ShooterMaps/Content/Meshes/Expanse_Blockout/BridgeC_0FB30D.uasset, pakchunk1-Windows, 110493696, 36587520, 51840, 11996, 0xb89caf092c056bc94c8a8166f9773c630e1c2f09, ExportBundleData, , pakchunk1, Windows, Base, Installed, 0, 36587520
573, d234387fe43e914b00000001, 0x4B913EE47F3834D2, , ../../../TPSGunsDemo/Plugins/GameFeatures/ShooterMaps/Content/Meshes/Expanse_Blockout/MixedCornerPanelB_F18C6B.uasset, pakchunk1-Windows, 110559232, 36599808, 69286, 18754, 0xdc857b3d328048feb070da29a4228740f08f10ea, ExportBundleData, , pakchunk1, Windows, Base, Installed, 0, 36599808
574, 24d4f4c539b8974a00000001, 0x4A97B839C5F4D424, , ../../../TPSGunsDemo/Plugins/GameFeatures/ShooterMaps/Content/Meshes/Expanse_Blockout/CurvedCornerA_79A789.uasset, pakchunk1-Windows, 110690304, 36620288, 58194, 7098, 0x77628570bba0a99a42822602a7872d8f98322296, ExportBundleData, , pakchunk1, Windows, Base, Installed, 0, 36620288
575, e1712f213618f93d00000001, 0x3DF91836212F71E1, , ../../../TPSGunsDemo/Plugins/GameFeatures/ShooterMaps/Content/Meshes/Expanse_Blockout/BridgeH_79E7F1.uasset, pakchunk1-Windows, 110755840, 36628480, 57220, 11601, 0x5d9c8ae5df70f2ff96965a26acf82f02ecef06af, ExportBundleData, , pakchunk1, Windows, Base, Installed, 0, 36628480
576, 1b6e785243fc263600000001, 0x3626FC4352786E1B, , ../../../TPSGunsDemo/Plugins/GameFeatures/ShooterMaps/Content/Meshes/Expanse_Blockout/StairsE_0D5A82.uasset, pakchunk1-Windows, 110821376, 36640768, 96672, 22458, 0xa57debd2d46786724edc7b6c0d4c13b8dd0ec198, ExportBundleData, , pakchunk1, Windows, Base, Installed, 0, 36640768
577, 23faa0540bdec22f00000001, 0x2FC2DE0B54A0FA23, , ../../../TPSGunsDemo/Plugins/GameFeatures/ShooterMaps/Content/Meshes/Expanse_Blockout/CurvedCornerF_0E6296.uasset, pakchunk1-Windows, 110952448, 36663296, 44354, 7077, 0x8c66c3fa2c20d2cd59a01730ed2e623ecbdd119f, ExportBundleData, , pakchunk1, Windows, Base, Installed, 0, 36663296
578, fa84265a8ec2ec2a00000001, 0x2AECC28E5A2684FA, , ../../../TPSGunsDemo/Plugins/GameFeatures/ShooterMaps/Content/Meshes/Expanse_Blockout/CurvedFrameA_CED960.uasset, pakchunk1-Windows, 111017984, 36671488, 86186, 13390, 0x50e1f1bbf37cc6d90b9a7d5c6a589f825fc2ed8e, ExportBundleData, , pakchunk1, Windows, Base, Installed, 0, 36671488
579, a90c378069eae11600000001, 0x16E1EA6980370CA9, , ../../../TPSGunsDemo/Plugins/GameFeatures/ShooterMaps/Content/Meshes/Expanse_Blockout/CurvedCornerB_A1B0FC.uasset, pakchunk1-Windows, 111149056, 36685824, 52662, 6617, 0xbbc65adc80a870277efe7fccba178b3e0cdde4a6, ExportBundleData, , pakchunk1, Windows, Base, Installed, 0, 36685824
580, dab3eab58294c80900000001, 0x9C89482B5EAB3DA, , ../../../TPSGunsDemo/Plugins/GameFeatures/ShooterMaps/Content/Meshes/Expanse_Blockout/MixedCornerPanelA_983A72.uasset, pakchunk1-Windows, 111214592, 36694016, 70238, 18562, 0x70441e7e6b7699869551c0c060953f43475c5654, ExportBundleData, , pakchunk1, Windows, Base, Installed, 0, 36694016
581, 6f2405b478be1c0800000001, 0x81CBE78B405246F, , ../../../TPSGunsDemo/Plugins/GameFeatures/ShooterMaps/Content/Maps/DataLayers/L_Expanse_Blockout/Lighting.uasset, pakchunk1-Windows, 111345664, 36712592, 322, 322, 0x2298e7afb5933ed9095a6847f25c062740f53b5f, ExportBundleData, , pakchunk1, Windows, Base, Installed, 0, 36712592
582, 99f5f356b707fa0100000001, 0x1FA07B756F3F599, , ../../../TPSGunsDemo/Plugins/GameFeatures/ShooterMaps/Content/Meshes/Expanse_Blockout/CurvedPlatformA_44F777.uasset, pakchunk1-Windows, 111411200, 36714496, 37749, 8468, 0x1ef25193f5b565d79b21582f47cee04944bbf2d1, ExportBundleData, , pakchunk1, Windows, Base, Installed, 0, 36714496
583, 28374ecb627a945700000001, 0x57947A62CB4E3728, , ../../../TPSGunsDemo/Plugins/GameFeatures/ShooterMaps/Content/Meshes/Expanse_Blockout/RoundedBlockA_4375F3.uasset, pakchunk1-Windows, 111476736, 36724736, 72250, 18224, 0xb1c1cf448d3b5c3074deb9c0f59a96c96278b0e2, ExportBundleData, , pakchunk1, Windows, Base, Installed, 0, 36724736
584, ff46d884e9e29d3c00000001, 0x3C9DE2E984D846FF, , ../../../TPSGunsDemo/Plugins/GameFeatures/ShooterMaps/Content/Meshes/Expanse_Blockout/PanelPillA_11DB64.uasset, pakchunk1-Windows, 111607808, 36743168, 45351, 11668, 0xb2ade39ef70c48a100b23f8d9a187a9a46d54756, ExportBundleData, , pakchunk1, Windows, Base, Installed, 0, 36743168
585, 671f7cb9ddffe44100000001, 0x41E4FFDDB97C1F67, , ../../../TPSGunsDemo/Plugins/GameFeatures/ShooterMaps/Content/Maps/L_Expanse_Blockout.umap, pakchunk1-Windows, 111673344, 36755456, 1027304, 129697, 0x18818a1224af970b4d8e48900c10d4a4f34e4cb8, ExportBundleData, , pakchunk1, Windows, Base, Installed, 0, 36755456
586, 247e2d2dcea61afb00000001, 0xFB1AA6CE2D2D7E24, , ../../../TPSGunsDemo/Plugins/GameFeatures/ShooterMaps/Content/Maps/DataLayers/L_Convolution_Blockout/Layout.uasset, pakchunk1-Windows, 112721920, 36885296, 322, 322, 0xf4dcc5a5be9c9dd9ec061301e1d0ddf62aefd937, ExportBundleData, , pakchunk1, Windows, Base, Installed, 0, 36885296
587, 416d3f9af5cafaf900000001, 0xF9FACAF59A3F6D41, , ../../../TPSGunsDemo/Plugins/LyraExampleContent/Content/Materials/Textures/GlassPattern/T_Glass_Opacity_Tiled.uasset, pakchunk1-Windows, 112787456, 36885632, 3820, 611, 0xd4722aa22b56ec95b39df6437a2f8371fd4ee483, ExportBundleData, , pakchunk1, Windows, Base, Installed, 0, 36885632
588, dfb39b96ea9122e900000001, 0xE92291EA969BB3DF, , ../../../TPSGunsDemo/Plugins/GameFeatures/ShooterCore/Content/Effects/Material/MT_CP_Bar.uasset, pakchunk1-Windows, 112852992, 36886528, 15163, 3274, 0xe0a8678f25ce44822f813a59f0c7b76258a18216, ExportBundleData, , pakchunk1, Windows, Base, Installed, 0, 36886528
589, 367450ef191badda00000001, 0xDAAD1B19EF507436, , ../../../TPSGunsDemo/Plugins/LyraExampleContent/Content/Materials/Textures/GlassPattern/T_GlassTiles_N_1.uasset, pakchunk1-Windows, 112918528, 36890624, 6598, 1962, 0x85b7969d98d6ffd8d4bfd0f4429cdb4597877c56, ExportBundleData, , pakchunk1, Windows, Base, Installed, 0, 36890624
590, 9a968ff3cdb830d300000001, 0xD330B8CDF38F969A, , ../../../TPSGunsDemo/Plugins/GameFeatures/ShooterMaps/Content/Maps/DataLayers/L_Convolution_Blockout/Gameplay.uasset, pakchunk1-Windows, 112984064, 36892672, 330, 330, 0x145a2435aba5bb1b8af8480b1b03d154a322fa5b, ExportBundleData, , pakchunk1, Windows, Base, Installed, 0, 36892672
591, 63b55362780a3fa300000001, 0xA33F0A786253B563, , ../../../TPSGunsDemo/Plugins/GameFeatures/ShooterMaps/Content/Meshes/Expanse_Blockout/MeshA_261D01.uasset, pakchunk1-Windows, 113049600, 36894720, 62288, 19955, 0x04ea87c6260328a2068ada0aa2e6748a29ae0ee7, ExportBundleData, , pakchunk1, Windows, Base, Installed, 0, 36894720
592, d2833aee305d009500000001, 0x95005D30EE3A83D2, , ../../../TPSGunsDemo/Plugins/GameFeatures/ShooterMaps/Content/Meshes/Expanse_Blockout/MeshA_651DD3.uasset, pakchunk1-Windows, 113115136, 36915200, 69176, 19871, 0xf2501e2b5a81da1f45114209b852f27cc177b697, ExportBundleData, , pakchunk1, Windows, Base, Installed, 0, 36915200
593, e21683494f78bd1300000001, 0x13BD784F498316E2, , ../../../TPSGunsDemo/Plugins/GameFeatures/ShooterMaps/Content/Maps/L_Convolution_Blockout_BuiltData.uasset, pakchunk1-Windows, 113246208, 36935680, 20971972, 10805393, 0x4ef4fa25f71236d4016f932cbe16bf0b0eba60db, ExportBundleData, , pakchunk1, Windows, Base, Installed, 0, 36935680
594, ce9b399b368fc5bc00000001, 0xBCC58F369B399BCE, , ../../../TPSGunsDemo/Plugins/LyraExampleContent/Content/Materials/M_Glass_Tile.uasset, pakchunk1-Windows, 134283264, 47745024, 23825, 5010, 0x01f6bc005fd9eea0376b5b70423d0a59fc4b067a, ExportBundleData, , pakchunk1, Windows, Base, Installed, 0, 47745024
595, a6d41a1c12a2fe5000000009, 0x50FEA2121C1AD4A6, , <ShaderCode>, pakchunk1-Windows, 134348800, 47751168, 83704, 83704, 0xd582afc3cbc9ce393c85b0640113f958b1cbbf44, ShaderCode, , pakchunk1, Windows, Base, Installed, 0, 47751168
596, 2df93de9ae87fe0700000009, 0x7FE87AEE93DF92D, , <ShaderCode>, pakchunk1-Windows, 134479872, 47835136, 18244, 18244, 0x6699fe2e2a1098f1f24d9a8c9779e62a93abfac8, ShaderCode, , pakchunk1, Windows, Base, Installed, 0, 47835136
597, cefc568ffa1b00ce00000009, 0xCE001BFA8F56FCCE, , <ShaderCode>, pakchunk1-Windows, 134545408, 47853568, 71291, 71291, 0x4387f26e1a15576b3938e56812541491dc37f559, ShaderCode, , pakchunk1, Windows, Base, Installed, 0, 47853568
598, 4ff1c15f3dddb5eb00000001, 0xEBB5DD3D5FC1F14F, , ../../../TPSGunsDemo/Plugins/LyraExampleContent/Content/Materials/MI_Glass_Tile1.uasset, pakchunk1-Windows, 134676480, 47925248, 21379, 4240, 0x50cda22477eb4672003086480fffc0affdccf6bc, ExportBundleData, , pakchunk1, Windows, Base, Installed, 0, 47925248
599, 77d3a774674f76bc00000009, 0xBC764F6774A7D377, , <ShaderCode>, pakchunk1-Windows, 134742016, 47931392, 71536, 71536, 0x6595a4b51fd8dc749ec31b752b6616ec5e46b699, ShaderCode, , pakchunk1, Windows, Base, Installed, 0, 47931392
600, d3f3bb520fe7821400000009, 0x1482E70F52BBF3D3, , <ShaderCode>, pakchunk1-Windows, 134873088, 48003072, 64366, 64366, 0xc8a24dd82e542571fc7f42fa43afc35db54a7123, ShaderCode, , pakchunk1, Windows, Base, Installed, 0, 48003072
601, aa26e369acf0951900000009, 0x1995F0AC69E326AA, , <ShaderCode>, pakchunk1-Windows, 134938624, 48068608, 13785, 13785, 0x394e17d253bcd9c840bc9431ca7caa2ff8cf1ae4, ShaderCode, , pakchunk1, Windows, Base, Installed, 0, 48068608
602, 0260b0285159234000000001, 0x4023595128B06002, , ../../../TPSGunsDemo/Plugins/LyraExampleContent/Content/Materials/MI_Glass_Tile.uasset, pakchunk1-Windows, 135004160, 48082944, 1022, 1022, 0x7c1d04f315331703747f8912ee9e66c0deda4a1c, ExportBundleData, , pakchunk1, Windows, Base, Installed, 0, 48082944
603, ee37482324a3cdfc00000001, 0xFCCDA324234837EE, , ../../../TPSGunsDemo/Plugins/GameFeatures/ShooterMaps/Content/Meshes/Convolution_Blockout/MeshA_931D72.uasset, pakchunk1-Windows, 135069696, 48084992, 288723, 76440, 0x9ce3daeb9f693ea3bc3f4b0b57ed7d576a3204ae, ExportBundleData, , pakchunk1, Windows, Base, Installed, 0, 48084992
604, f0ac1f37274569fa00000001, 0xFA694527371FACF0, , ../../../TPSGunsDemo/Plugins/GameFeatures/ShooterMaps/Content/Meshes/Convolution_Blockout/MeshA_DEF968.uasset, pakchunk1-Windows, 135397376, 48162816, 71781, 22626, 0x5ff7ff21bf1912495ac1cfce35cf46ec3140cc1d, ExportBundleData, , pakchunk1, Windows, Base, Installed, 0, 48162816
605, 038da517115c6bf900000001, 0xF96B5C1117A58D03, , ../../../TPSGunsDemo/Plugins/GameFeatures/ShooterMaps/Content/Meshes/Expanse_Blockout/MeshA_B007D8.uasset, pakchunk1-Windows, 135528448, 48187392, 251305, 55668, 0x6f8c104a68f5e6a1fded156874f327777dfbab99, ExportBundleData, , pakchunk1, Windows, Base, Installed, 0, 48187392
606, e02a6d7d08105ff600000001, 0xF65F10087D6D2AE0, , ../../../TPSGunsDemo/Plugins/GameFeatures/ShooterMaps/Content/Meshes/Convolution_Blockout/MeshA_E09F18.uasset, pakchunk1-Windows, 135790592, 48244736, 481451, 111789, 0xe5c2833bdb82fdb95c1ffb2e8f541eaf8216d83c, ExportBundleData, , pakchunk1, Windows, Base, Installed, 0, 48244736
607, a9a20f6ccb46cce300000001, 0xE3CC46CB6C0FA2A9, , ../../../TPSGunsDemo/Plugins/GameFeatures/ShooterMaps/Content/Meshes/Convolution_Blockout/MeshA_EF0433.uasset, pakchunk1-Windows, 136314880, 48357376, 41255, 10460, 0xf473b6bf0e72d071779125c99c54f87473f8054c, ExportBundleData, , pakchunk1, Windows, Base, Installed, 0, 48357376
608, 8549cff9da406d8e00000001, 0x8E6D40DAF9CF4985, , ../../../TPSGunsDemo/Plugins/GameFeatures/ShooterMaps/Content/Meshes/Expanse_Blockout/MeshA_6580D3.uasset, pakchunk1-Windows, 136380416, 48369664, 18559, 3883, 0x1266ae329a933f46b0e5f50dc20041027a839f65, ExportBundleData, , pakchunk1, Windows, Base, Installed, 0, 48369664
609, ecf631d1179f6e8500000001, 0x856E9F17D131F6EC, , ../../../TPSGunsDemo/Plugins/GameFeatures/ShooterMaps/Content/Meshes/Convolution_Blockout/Mesh__08803D.uasset, pakchunk1-Windows, 136445952, 48373760, 73224, 11008, 0x5b54cc5baa16ab3009ed441c2bb8d85dbcad5c8a, ExportBundleData, , pakchunk1, Windows, Base, Installed, 0, 48373760
610, 3ada9fb695e4326a00000001, 0x6A32E495B69FDA3A, , ../../../TPSGunsDemo/Plugins/GameFeatures/ShooterMaps/Content/Meshes/Convolution_Blockout/MeshA_236ED6.uasset, pakchunk1-Windows, 136577024, 48386048, 66841, 20657, 0x9b74265efa87f0f45b163dfb3d609e7020512c69, ExportBundleData, , pakchunk1, Windows, Base, Installed, 0, 48386048
611, 5a2d9dc80af9d85800000001, 0x58D8F90AC89D2D5A, , ../../../TPSGunsDemo/Plugins/GameFeatures/ShooterMaps/Content/Meshes/Convolution_Blockout/MeshA_98BFC7.uasset, pakchunk1-Windows, 136708096, 48408576, 254211, 57015, 0x13e580b545957eb4fd51be6b5a8218521626a2ad, ExportBundleData, , pakchunk1, Windows, Base, Installed, 0, 48408576
612, 689268109a294f4c00000001, 0x4C4F299A10689268, , ../../../TPSGunsDemo/Plugins/GameFeatures/ShooterMaps/Content/Meshes/Convolution_Blockout/MeshA_C5D66C.uasset, pakchunk1-Windows, 136970240, 48465920, 45085, 10837, 0xb8b6f96bcbdb4dccba90c8077401c879abd9d7a6, ExportBundleData, , pakchunk1, Windows, Base, Installed, 0, 48465920
613, b1a9a50db6ef552f00000001, 0x2F55EFB60DA5A9B1, , ../../../TPSGunsDemo/Plugins/GameFeatures/ShooterMaps/Content/Meshes/Convolution_Blockout/MeshA__85DCA1.uasset, pakchunk1-Windows, 137035776, 48478208, 44184, 11715, 0xd3f8c71681101be696322c7cca39c354f7ed4aac, ExportBundleData, , pakchunk1, Windows, Base, Installed, 0, 48478208
614, 8716de36ecce180f00000001, 0xF18CEEC36DE1687, , ../../../TPSGunsDemo/Plugins/GameFeatures/ShooterMaps/Content/Meshes/Convolution_Blockout/MeshA_5E0D13.uasset, pakchunk1-Windows, 137101312, 48490496, 121025, 36334, 0x71ef6095c33a9dbff610e9580eb0ccb484cc7a86, ExportBundleData, , pakchunk1, Windows, Base, Installed, 0, 48490496
615, b217f03aa746c84c00000001, 0x4CC846A73AF017B2, , ../../../TPSGunsDemo/Plugins/GameFeatures/ShooterMaps/Content/Meshes/Expanse_Blockout/MeshA_210DB9.uasset, pakchunk1-Windows, 137232384, 48527360, 22923, 3191, 0x700f7e326a59c6877d864843006bfbf9d1be4f07, ExportBundleData, , pakchunk1, Windows, Base, Installed, 0, 48527360
616, a523410aa0afaefc00000001, 0xFCAEAFA00A4123A5, , ../../../TPSGunsDemo/Plugins/GameFeatures/ShooterMaps/Content/Meshes/Convolution_Blockout/MeshA__8CD6AB.uasset, pakchunk1-Windows, 137297920, 48531456, 60522, 15291, 0x6506e3dac457dc342c16f50558a977baf65d9704, ExportBundleData, , pakchunk1, Windows, Base, Installed, 0, 48531456
617, 2a7020c550044ef300000001, 0xF34E0450C520702A, , ../../../TPSGunsDemo/Plugins/GameFeatures/ShooterMaps/Content/Meshes/Expanse_Blockout/MeshA_8FDDCE.uasset, pakchunk1-Windows, 137363456, 48547840, 176507, 42477, 0xd0df6a89746ad70c30c0e02948cbc2d065f9b536, ExportBundleData, , pakchunk1, Windows, Base, Installed, 0, 48547840
618, 1d81f2ecd8e3d8e500000001, 0xE5D8E3D8ECF2811D, , ../../../TPSGunsDemo/Plugins/GameFeatures/ShooterMaps/Content/Meshes/Expanse_Blockout/MeshA_F7E137.uasset, pakchunk1-Windows, 137560064, 48590848, 138511, 36149, 0x6262e7aef6391be22c7f56ee5e3f36b7ea9b4e19, ExportBundleData, , pakchunk1, Windows, Base, Installed, 0, 48590848
619, 29d09ed377524edc00000001, 0xDC4E5277D39ED029, , ../../../TPSGunsDemo/Plugins/GameFeatures/ShooterMaps/Content/Meshes/Convolution_Blockout/MeshA_DDDFE0.uasset, pakchunk1-Windows, 137756672, 48627712, 164089, 41790, 0x8952b0e4ba6681313c82f7f1ae9997b1359705f0, ExportBundleData, , pakchunk1, Windows, Base, Installed, 0, 48627712
620, b0890ac39f5cf3db00000001, 0xDBF35C9FC30A89B0, , ../../../TPSGunsDemo/Plugins/GameFeatures/ShooterMaps/Content/Meshes/Expanse_Blockout/MeshA_6D7B2B.uasset, pakchunk1-Windows, 137953280, 48670720, 112873, 28621, 0x037f78c4a0c2c85edf9e44695f96af42a39f67b6, ExportBundleData, , pakchunk1, Windows, Base, Installed, 0, 48670720
621, 1afd9f3ee6b595db00000001, 0xDB95B5E63E9FFD1A, , ../../../TPSGunsDemo/Plugins/GameFeatures/ShooterMaps/Content/Meshes/Convolution_Blockout/MeshA_8FCD15.uasset, pakchunk1-Windows, 138084352, 48699392, 142896, 34936, 0xdb163d9957a9b220879c545f3473ea63cb31d152, ExportBundleData, , pakchunk1, Windows, Base, Installed, 0, 48699392
622, 288dda53dd9b4ddb00000001, 0xDB4D9BDD53DA8D28, , ../../../TPSGunsDemo/Plugins/GameFeatures/ShooterMaps/Content/Meshes/Convolution_Blockout/MeshA_898E56.uasset, pakchunk1-Windows, 138280960, 48736256, 215677, 54048, 0x81221964e55a5c460274a0f7370181363ee3ee65, ExportBundleData, , pakchunk1, Windows, Base, Installed, 0, 48736256
623, b27e7874fb051ad800000001, 0xD81A05FB74787EB2, , ../../../TPSGunsDemo/Plugins/GameFeatures/ShooterMaps/Content/Meshes/Convolution_Blockout/MeshA_C223AB.uasset, pakchunk1-Windows, 138543104, 48791552, 441199, 88082, 0x5d063d1d6829b2e3fc68d0f6fc6a0d7dd3e33805, ExportBundleData, , pakchunk1, Windows, Base, Installed, 0, 48791552
624, 50d27d1a18db07d400000001, 0xD407DB181A7DD250, , ../../../TPSGunsDemo/Plugins/GameFeatures/ShooterMaps/Content/Meshes/Convolution_Blockout/MeshA__1155CE.uasset, pakchunk1-Windows, 139001856, 48881664, 189694, 47340, 0x57584d303f1e042812b2d47dbeccb84ea7f1d05b, ExportBundleData, , pakchunk1, Windows, Base, Installed, 0, 48881664
625, 8c154c8b0669e4d300000001, 0xD3E469068B4C158C, , ../../../TPSGunsDemo/Plugins/GameFeatures/ShooterMaps/Content/Meshes/Convolution_Blockout/MeshA__DDFE44.uasset, pakchunk1-Windows, 139198464, 48930816, 59531, 12755, 0x85a8ef8ce5834a3dbfe31b2ab6f92ed9e8bc050d, ExportBundleData, , pakchunk1, Windows, Base, Installed, 0, 48930816
626, 24213070382c24c600000001, 0xC6242C3870302124, , ../../../TPSGunsDemo/Plugins/GameFeatures/ShooterMaps/Content/Meshes/Convolution_Blockout/MeshA_4C179E.uasset, pakchunk1-Windows, 139264000, 48945152, 64181, 14581, 0x3b80fd4f1474ca3eba1b34a272ab019ebb13df5a, ExportBundleData, , pakchunk1, Windows, Base, Installed, 0, 48945152
627, ba50d926079794c500000001, 0xC594970726D950BA, , ../../../TPSGunsDemo/Plugins/GameFeatures/ShooterMaps/Content/Meshes/Expanse_Blockout/MeshA_6619EC.uasset, pakchunk1-Windows, 139329536, 48961536, 16117, 4072, 0xcd85877a2d3a66a8b852c56ea0590b5f75ed3c60, ExportBundleData, , pakchunk1, Windows, Base, Installed, 0, 48961536
628, c6b37e99678a4dc300000001, 0xC34D8A67997EB3C6, , ../../../TPSGunsDemo/Plugins/GameFeatures/ShooterMaps/Content/Meshes/Convolution_Blockout/MeshA_7C4B2B.uasset, pakchunk1-Windows, 139395072, 48965632, 133637, 28757, 0x318dd597c8e90078d267061836c4c218879c0f87, ExportBundleData, , pakchunk1, Windows, Base, Installed, 0, 48965632
629, b308e246d804b5b900000001, 0xB9B504D846E208B3, , ../../../TPSGunsDemo/Plugins/GameFeatures/ShooterMaps/Content/Meshes/Convolution_Blockout/MeshA_FCCF96.uasset, pakchunk1-Windows, 139591680, 48996352, 98089, 23415, 0x5284226990833e557625b2755cc5e4b38a38a4f8, ExportBundleData, , pakchunk1, Windows, Base, Installed, 0, 48996352
630, 8941d889c9dc7eb700000001, 0xB77EDCC989D84189, , ../../../TPSGunsDemo/Plugins/GameFeatures/ShooterMaps/Content/Meshes/Convolution_Blockout/Mesh__0FA9DE.uasset, pakchunk1-Windows, 139722752, 49020928, 90189, 22096, 0x3b6504caacdde5b54d2ef8a90d07fc13e785f20b, ExportBundleData, , pakchunk1, Windows, Base, Installed, 0, 49020928
631, 9751ceef5672deae00000001, 0xAEDE7256EFCE5197, , ../../../TPSGunsDemo/Plugins/GameFeatures/ShooterMaps/Content/Meshes/Expanse_Blockout/MeshA_09FE63.uasset, pakchunk1-Windows, 139853824, 49043456, 275337, 64186, 0x7f556c65634215a5e95350229eb8104e0b6b09d5, ExportBundleData, , pakchunk1, Windows, Base, Installed, 0, 49043456
632, b63a220bcd2a1da500000001, 0xA51D2ACD0B223AB6, , ../../../TPSGunsDemo/Plugins/GameFeatures/ShooterMaps/Content/Meshes/Convolution_Blockout/MeshA__2AE6C2.uasset, pakchunk1-Windows, 140181504, 49108992, 76207, 20507, 0x457f01a803f803aa0816ce05f936a02de5a10bf3, ExportBundleData, , pakchunk1, Windows, Base, Installed, 0, 49108992
633, 894a52167093919f00000001, 0x9F91937016524A89, , ../../../TPSGunsDemo/Plugins/GameFeatures/ShooterMaps/Content/Meshes/Convolution_Blockout/MeshA__C44FF5.uasset, pakchunk1-Windows, 140312576, 49131520, 26429, 4014, 0x2313c295eca679e3fc533cee9a91d6864a122df6, ExportBundleData, , pakchunk1, Windows, Base, Installed, 0, 49131520
634, 4946e8bd1cb6749b00000001, 0x9B74B61CBDE84649, , ../../../TPSGunsDemo/Plugins/GameFeatures/ShooterMaps/Content/Meshes/Convolution_Blockout/MeshA_761D63.uasset, pakchunk1-Windows, 140378112, 49135616, 418547, 89196, 0x4e73f9a6230771418de8ba91e24edcaa3ab40b33, ExportBundleData, , pakchunk1, Windows, Base, Installed, 0, 49135616
635, 13fd431a6c6def8e00000001, 0x8EEF6D6C1A43FD13, , ../../../TPSGunsDemo/Plugins/GameFeatures/ShooterMaps/Content/Meshes/Expanse_Blockout/MeshA_BE0B22.uasset, pakchunk1-Windows, 140836864, 49225728, 17225, 4650, 0xe58d2c3e8259ab639a93a950837e186a4cd4fff5, ExportBundleData, , pakchunk1, Windows, Base, Installed, 0, 49225728
636, 29b65e628c9fbf7d00000001, 0x7DBF9F8C625EB629, , ../../../TPSGunsDemo/Plugins/GameFeatures/ShooterMaps/Content/Meshes/Expanse_Blockout/MeshA_45E13F.uasset, pakchunk1-Windows, 140902400, 49231872, 230329, 51803, 0xf9717fb00162b0aee73dbfb0cc168087e40f46e7, ExportBundleData, , pakchunk1, Windows, Base, Installed, 0, 49231872
637, a49bc9515cb4e27b00000001, 0x7BE2B45C51C99BA4, , ../../../TPSGunsDemo/Plugins/GameFeatures/ShooterMaps/Content/Meshes/Convolution_Blockout/MeshA_AECA18.uasset, pakchunk1-Windows, 141164544, 49285120, 205955, 37909, 0xf8d300ba7f6b778ed4733ad5c92b82fdf6cea1df, ExportBundleData, , pakchunk1, Windows, Base, Installed, 0, 49285120
638, f925359ea244217200000001, 0x722144A29E3525F9, , ../../../TPSGunsDemo/Plugins/GameFeatures/ShooterMaps/Content/Meshes/Expanse_Blockout/MeshA_5668F6.uasset, pakchunk1-Windows, 141426688, 49324032, 14963, 3773, 0x21be62f042abc379e5559c3d5a0965fd005c0820, ExportBundleData, , pakchunk1, Windows, Base, Installed, 0, 49324032
639, 91ea9eeef5f95d7100000001, 0x715DF9F5EE9EEA91, , ../../../TPSGunsDemo/Plugins/GameFeatures/ShooterMaps/Content/Meshes/Expanse_Blockout/MeshA_51846C.uasset, pakchunk1-Windows, 141492224, 49328128, 212727, 38516, 0xfc9b80233bc0885be09dcc16c03f0b1eaa6a0261, ExportBundleData, , pakchunk1, Windows, Base, Installed, 0, 49328128
640, 873c74fc1b5b516e00000001, 0x6E515B1BFC743C87, , ../../../TPSGunsDemo/Plugins/GameFeatures/ShooterMaps/Content/Meshes/Expanse_Blockout/MeshA_57F8E0.uasset, pakchunk1-Windows, 141754368, 49367040, 17209, 4518, 0x04d4817eaaab78f89aac50db6c7c6afad3f68725, ExportBundleData, , pakchunk1, Windows, Base, Installed, 0, 49367040
641, f7f220ce991c485d00000001, 0x5D481C99CE20F2F7, , ../../../TPSGunsDemo/Plugins/GameFeatures/ShooterMaps/Content/Meshes/Convolution_Blockout/MeshA_F323C3.uasset, pakchunk1-Windows, 141819904, 49373184, 141984, 37726, 0x9aa5c96aaa5bc42d6e07d00159fa0ceb0165ef10, ExportBundleData, , pakchunk1, Windows, Base, Installed, 0, 49373184
642, a58f84aaccc6065500000001, 0x5506C6CCAA848FA5, , ../../../TPSGunsDemo/Plugins/GameFeatures/ShooterMaps/Content/Meshes/Convolution_Blockout/MeshA_53C696.uasset, pakchunk1-Windows, 142016512, 49412096, 187941, 36050, 0x092ea381d5e61be4bd411eb025008a2460f707f1, ExportBundleData, , pakchunk1, Windows, Base, Installed, 0, 49412096
643, 06d7232db46eeb4c00000001, 0x4CEB6EB42D23D706, , ../../../TPSGunsDemo/Plugins/GameFeatures/ShooterMaps/Content/Meshes/Convolution_Blockout/MeshA_53AD96.uasset, pakchunk1-Windows, 142213120, 49448960, 753921, 174391, 0x4bdaa0889ca3df02701d84a2bc9b6c03ac8db188, ExportBundleData, , pakchunk1, Windows, Base, Installed, 0, 49448960
644, 5a922b333814393f00000001, 0x3F391438332B925A, , ../../../TPSGunsDemo/Plugins/GameFeatures/ShooterMaps/Content/Meshes/Convolution_Blockout/MeshA_528CED.uasset, pakchunk1-Windows, 142999552, 49625088, 974937, 229688, 0x00836c619ab5355b70399f41d56541e7f3266505, ExportBundleData, , pakchunk1, Windows, Base, Installed, 0, 49625088
645, 50af011f8728893500000001, 0x358928871F01AF50, , ../../../TPSGunsDemo/Plugins/GameFeatures/ShooterMaps/Content/Meshes/Convolution_Blockout/MeshA_9CD4DD.uasset, pakchunk1-Windows, 143982592, 49856512, 421247, 85056, 0x7af48ac4aad8f142a765ec8f2781266b8c0a0a3d, ExportBundleData, , pakchunk1, Windows, Base, Installed, 0, 49856512
646, 021c38005d673e3200000001, 0x323E675D00381C02, , ../../../TPSGunsDemo/Plugins/GameFeatures/ShooterMaps/Content/Meshes/Convolution_Blockout/Mesh__13072C.uasset, pakchunk1-Windows, 144441344, 49942528, 169271, 40022, 0x1aa6381b4db807d51398f181b229689b23b4d9c7, ExportBundleData, , pakchunk1, Windows, Base, Installed, 0, 49942528
647, 5743a3613ac6672d00000001, 0x2D67C63A61A34357, , ../../../TPSGunsDemo/Plugins/GameFeatures/ShooterMaps/Content/Meshes/Convolution_Blockout/MeshA_A0E610.uasset, pakchunk1-Windows, 144637952, 49983488, 223098, 54543, 0x882fba9b464707a0dd61d230b45bc2c135765301, ExportBundleData, , pakchunk1, Windows, Base, Installed, 0, 49983488
648, 888746896a918d2800000001, 0x288D916A89468788, , ../../../TPSGunsDemo/Plugins/GameFeatures/ShooterMaps/Content/Meshes/Convolution_Blockout/MeshA_1EAE54.uasset, pakchunk1-Windows, 144900096, 50038784, 184823, 34439, 0xa7a7256273529557a21aaabc0ea23c813e9f3afe, ExportBundleData, , pakchunk1, Windows, Base, Installed, 0, 50038784
649, f09433c9a561ca2500000001, 0x25CA61A5C93394F0, , ../../../TPSGunsDemo/Plugins/GameFeatures/ShooterMaps/Content/Meshes/Expanse_Blockout/MeshA_11A71C.uasset, pakchunk1-Windows, 145096704, 50073600, 16117, 3951, 0x6169ab4f9de91bf838a61ff9ec93b213cefea0b8, ExportBundleData, , pakchunk1, Windows, Base, Installed, 0, 50073600
650, 9baa08fa1ad5002400000001, 0x2400D51AFA08AA9B, , ../../../TPSGunsDemo/Plugins/GameFeatures/ShooterMaps/Content/Meshes/Convolution_Blockout/MeshA_B85A18.uasset, pakchunk1-Windows, 145162240, 50077696, 636655, 121783, 0xd53f954436d65c181afd03e081ea7afe65b58a1d, ExportBundleData, , pakchunk1, Windows, Base, Installed, 0, 50077696
651, 91ca81a6bbc6022300000001, 0x2302C6BBA681CA91, , ../../../TPSGunsDemo/Plugins/GameFeatures/ShooterMaps/Content/Meshes/Expanse_Blockout/MeshA_BB4365.uasset, pakchunk1-Windows, 145817600, 50200576, 124569, 31534, 0x50c091995994cd6b3544e8957b1a1171cef32514, ExportBundleData, , pakchunk1, Windows, Base, Installed, 0, 50200576
652, 33da54707577672200000001, 0x226777757054DA33, , ../../../TPSGunsDemo/Plugins/GameFeatures/ShooterMaps/Content/Meshes/Convolution_Blockout/Mesh__150F7B.uasset, pakchunk1-Windows, 145948672, 50233344, 191947, 43685, 0x934fc5f02f7509fc0a902b57d473bdffadb71ae7, ExportBundleData, , pakchunk1, Windows, Base, Installed, 0, 50233344
653, 1ff53e2c24f4791f00000001, 0x1F79F4242C3EF51F, , ../../../TPSGunsDemo/Plugins/GameFeatures/ShooterMaps/Content/Meshes/Convolution_Blockout/MeshA_4B79A0.uasset, pakchunk1-Windows, 146145280, 50278400, 1494231, 331543, 0x2c774a41a80e700941a06b2ac55ef5ab652a4e9f, ExportBundleData, , pakchunk1, Windows, Base, Installed, 0, 50278400
654, 3bc70b69dbd7e5fc00000001, 0xFCE5D7DB690BC73B, , ../../../TPSGunsDemo/Plugins/GameFeatures/ShooterMaps/Content/Meshes/Expanse_Blockout/MeshA_68DC05.uasset, pakchunk1-Windows, 147652608, 50610176, 15085, 3906, 0x6db19a5765c04568801d7108cea335b142b29dff, ExportBundleData, , pakchunk1, Windows, Base, Installed, 0, 50610176
655, 34f299a0f1a9d6e500000001, 0xE5D6A9F1A099F234, , ../../../TPSGunsDemo/Plugins/GameFeatures/ShooterMaps/Content/Meshes/Convolution_Blockout/MeshA_544E7E.uasset, pakchunk1-Windows, 147718144, 50614272, 242751, 56714, 0x29b8430b224edd3ee0dce09bc447098985fdaf30, ExportBundleData, , pakchunk1, Windows, Base, Installed, 0, 50614272
656, b2e6eaf54c4cf5e400000001, 0xE4F54C4CF5EAE6B2, , ../../../TPSGunsDemo/Plugins/GameFeatures/ShooterMaps/Content/Meshes/Expanse_Blockout/MeshA_2D5981.uasset, pakchunk1-Windows, 147980288, 50671616, 16117, 3916, 0x6d2a580f88feb176c0706695b67d0ff492c9eef9, ExportBundleData, , pakchunk1, Windows, Base, Installed, 0, 50671616
657, 40ed0babd9167adc00000001, 0xDC7A16D9AB0BED40, , ../../../TPSGunsDemo/Plugins/GameFeatures/ShooterMaps/Content/Meshes/Expanse_Blockout/MeshA_0F7922.uasset, pakchunk1-Windows, 148045824, 50675712, 87977, 22480, 0x6bdbff290400674cb6de7f05010c3feb8358369a, ExportBundleData, , pakchunk1, Windows, Base, Installed, 0, 50675712
658, af7f22ecace80dd900000001, 0xD90DE8ACEC227FAF, , ../../../TPSGunsDemo/Plugins/GameFeatures/ShooterMaps/Content/Meshes/Convolution_Blockout/MeshA_26DCF6.uasset, pakchunk1-Windows, 148176896, 50698240, 121921, 32430, 0x1bb970cea7039d1bb95da304be9c21aed77f15f0, ExportBundleData, , pakchunk1, Windows, Base, Installed, 0, 50698240
659, a5e3a56227af1cc100000001, 0xC11CAF2762A5E3A5, , ../../../TPSGunsDemo/Plugins/GameFeatures/ShooterMaps/Content/Meshes/Convolution_Blockout/MeshA_2B2BFB.uasset, pakchunk1-Windows, 148307968, 50731008, 418251, 88248, 0x374cd7234420d410648c64b25ee96f50f291b1b4, ExportBundleData, , pakchunk1, Windows, Base, Installed, 0, 50731008
660, 30cb9860ea1219bf00000001, 0xBF1912EA6098CB30, , ../../../TPSGunsDemo/Plugins/GameFeatures/ShooterMaps/Content/Meshes/Convolution_Blockout/MeshA__D24D1A.uasset, pakchunk1-Windows, 148766720, 50821120, 330063, 71303, 0x8e0e0e5e6177ffbeef2347fe980ac6b0a3e448d8, ExportBundleData, , pakchunk1, Windows, Base, Installed, 0, 50821120
661, bfd017572f7e04aa00000001, 0xAA047E2F5717D0BF, , ../../../TPSGunsDemo/Plugins/GameFeatures/ShooterMaps/Content/Meshes/Convolution_Blockout/MeshA_51F752.uasset, pakchunk1-Windows, 149159936, 50892800, 638319, 119499, 0xef5b088c72d5281653022622b8cfc4a97625fe13, ExportBundleData, , pakchunk1, Windows, Base, Installed, 0, 50892800
662, 9c9d92eafaa398a600000001, 0xA698A3FAEA929D9C, , ../../../TPSGunsDemo/Plugins/GameFeatures/ShooterMaps/Content/Meshes/Expanse_Blockout/MeshA_F9C7A5.uasset, pakchunk1-Windows, 149815296, 51013632, 14569, 3880, 0x72acb187453b90458aa254f2742ce75099eabe78, ExportBundleData, , pakchunk1, Windows, Base, Installed, 0, 51013632
663, 702e1ca27681e8a300000001, 0xA3E88176A21C2E70, , ../../../TPSGunsDemo/Plugins/GameFeatures/ShooterMaps/Content/Meshes/Convolution_Blockout/MeshA_42F814.uasset, pakchunk1-Windows, 149880832, 51017728, 416243, 89632, 0xb941775fb574d3ce6e74477679d831cc9eb56855, ExportBundleData, , pakchunk1, Windows, Base, Installed, 0, 51017728
664, 692499c92b5031a100000001, 0xA131502BC9992469, , ../../../TPSGunsDemo/Plugins/GameFeatures/ShooterMaps/Content/Meshes/Convolution_Blockout/MeshA_FE219F.uasset, pakchunk1-Windows, 150339584, 51107840, 162417, 32604, 0xa52bb456989e130a0f7f9a56f3a8d8318eed5741, ExportBundleData, , pakchunk1, Windows, Base, Installed, 0, 51107840
665, 7c21e3521e455c6800000001, 0x685C451E52E3217C, , ../../../TPSGunsDemo/Plugins/GameFeatures/ShooterMaps/Content/Meshes/Convolution_Blockout/MeshA_7EB701.uasset, pakchunk1-Windows, 150536192, 51140608, 65851, 15799, 0xd995bfde9bbb820a288d9f94b2609e062c765160, ExportBundleData, , pakchunk1, Windows, Base, Installed, 0, 51140608
666, f10ec38fe1626b5900000001, 0x596B62E18FC30EF1, , ../../../TPSGunsDemo/Plugins/GameFeatures/ShooterMaps/Content/Meshes/Convolution_Blockout/MeshA_9E0475.uasset, pakchunk1-Windows, 150667264, 51156992, 47239, 11711, 0x612d9a7e24d3c2978f89a1fded280e475ed935d0, ExportBundleData, , pakchunk1, Windows, Base, Installed, 0, 51156992
667, d5723cbd0f9b104400000001, 0x44109B0FBD3C72D5, , ../../../TPSGunsDemo/Plugins/GameFeatures/ShooterMaps/Content/Meshes/Expanse_Blockout/MeshA_0AEAE9.uasset, pakchunk1-Windows, 150732800, 51169280, 15085, 3970, 0x133106a5586783f31c817f9060e3fc66467f0d04, ExportBundleData, , pakchunk1, Windows, Base, Installed, 0, 51169280
668, a574b8fbaa53363b00000001, 0x3B3653AAFBB874A5, , ../../../TPSGunsDemo/Plugins/GameFeatures/ShooterMaps/Content/Meshes/Convolution_Blockout/MeshA_468CEA.uasset, pakchunk1-Windows, 150798336, 51173376, 24401, 5804, 0x8e845f58e6890d20a0a6f5c83f8ee95e111f09f6, ExportBundleData, , pakchunk1, Windows, Base, Installed, 0, 51173376
669, 5ed33b03a919af2200000001, 0x22AF19A9033BD35E, , ../../../TPSGunsDemo/Plugins/GameFeatures/ShooterMaps/Content/Meshes/Convolution_Blockout/MeshA_6A6823.uasset, pakchunk1-Windows, 150863872, 51179520, 136665, 33300, 0x71589b213596c1f1dd43e8e8851127634ed18f77, ExportBundleData, , pakchunk1, Windows, Base, Installed, 0, 51179520
670, 96332b75908afc0d00000001, 0xDFC8A90752B3396, , ../../../TPSGunsDemo/Plugins/GameFeatures/ShooterMaps/Content/Meshes/Expanse_Blockout/MeshA_9F59D5.uasset, pakchunk1-Windows, 151060480, 51214336, 108627, 26564, 0x6e973b92026c2b70200fce9041911e64c51b7031, ExportBundleData, , pakchunk1, Windows, Base, Installed, 0, 51214336
671, 3043e19dcab1980600000001, 0x698B1CA9DE14330, , ../../../TPSGunsDemo/Plugins/GameFeatures/ShooterMaps/Content/Meshes/Expanse_Blockout/MeshA_069AB9.uasset, pakchunk1-Windows, 151191552, 51240960, 64987, 18667, 0x5f6db40b63d96834c1661739947d96cc9d5d9ab7, ExportBundleData, , pakchunk1, Windows, Base, Installed, 0, 51240960
672, 0f624743a277410600000001, 0x64177A24347620F, , ../../../TPSGunsDemo/Plugins/GameFeatures/ShooterMaps/Content/Meshes/Convolution_Blockout/MeshA_17F7D1.uasset, pakchunk1-Windows, 151257088, 51261440, 82613, 14440, 0x00a25a367d94fe18303d3b363ea8a59b78276d1b, ExportBundleData, , pakchunk1, Windows, Base, Installed, 0, 51261440
673, cadb3be6fbdf119b00000001, 0x9B11DFFBE63BDBCA, , ../../../TPSGunsDemo/Plugins/GameFeatures/ShooterMaps/Content/Maps/L_Convolution_Blockout.umap, pakchunk1-Windows, 151388160, 51277824, 485224, 95019, 0x4f74d9ea39c3b675fc6e60da958fd2f381f11f71, ExportBundleData, , pakchunk1, Windows, Base, Installed, 0, 51277824
674, ef9c1e2f6dd45ab800000001, 0xB85AD46D2F1E9CEF, , ../../../TPSGunsDemo/Plugins/GameFeatures/ShooterMaps/Content/Maps/L_Convolution_Blockout/_Generated_/CX41W5H1RJDS6J5F1YJW6NFT9.umap, pakchunk1-Windows, 151912448, 51374080, 23261, 7125, 0x716f21473ea5ab78bc249c25ca2c5882f32c0d05, ExportBundleData, , pakchunk1, Windows, Base, Installed, 0, 51374080
675, 81b6a35134ff4be800000001, 0xE84BFF3451A3B681, , ../../../TPSGunsDemo/Plugins/GameFeatures/ShooterCore/Content/Effects/Material/M_WeaponSpawnTimerIndicator.uasset, pakchunk1-Windows, 151977984, 51382272, 28346, 4874, 0x839f93334e4e421064aec47b9efc6781c7be2a81, ExportBundleData, , pakchunk1, Windows, Base, Installed, 0, 51382272
676, 91442bcf4cae79d400000009, 0xD479AE4CCF2B4491, , <ShaderCode>, pakchunk1-Windows, 152043520, 51388416, 49595, 49595, 0x6e82266f0d35c7627ab9d5cedae1471688ac1ea5, ShaderCode, , pakchunk1, Windows, Base, Installed, 0, 51388416
677, 801df0620db42ad400000009, 0xD42AB40D62F01D80, , <ShaderCode>, pakchunk1-Windows, 152109056, 51439616, 10969, 10969, 0xb89759ecd7ebf79ceb12f39d4131c76b8de079b0, ShaderCode, , pakchunk1, Windows, Base, Installed, 0, 51439616
678, b4a61bc12b7839ca00000009, 0xCA39782BC11BA6B4, , <ShaderCode>, pakchunk1-Windows, 152174592, 51451904, 63095, 63095, 0x005c99f3f48bfedd12e048cf56ea6282adc4ae22, ShaderCode, , pakchunk1, Windows, Base, Installed, 0, 51451904
679, 6a2a1ee21209b8fa00000001, 0xFAB80912E21E2A6A, , ../../../TPSGunsDemo/Plugins/GameFeatures/ShooterCore/Content/Effects/Material/MI_WeaponSpawnerTimerIndicator.uasset, pakchunk1-Windows, 152240128, 51515392, 719, 719, 0x49aa472ea6898e2c552a4283c8ad2047fe7ec911, ExportBundleData, , pakchunk1, Windows, Base, Installed, 0, 51515392
680, 73bfd31947ee948300000001, 0x8394EE4719D3BF73, , ../../../TPSGunsDemo/Plugins/GameFeatures/ShooterMaps/Content/Maps/L_FiringRange_WP/_Generated_/8AZGERIX3RX5TK8SPTUU04NIU.umap, pakchunk1-Windows, 152305664, 51517440, 25187, 6340, 0x847e0383426e57f1c7a4a130d6bc457a36650112, ExportBundleData, , pakchunk1, Windows, Base, Installed, 0, 51517440
681, 2760765f69bfae1e00000001, 0x1EAEBF695F766027, , ../../../TPSGunsDemo/Plugins/GameFeatures/ShooterMaps/Content/Maps/L_Expanse_Blockout/_Generated_/F4ZNVQQW4KA6540RMQ4TCZWL7.umap, pakchunk1-Windows, 152371200, 51525632, 7200, 3278, 0x75b03051f0060ecf03d50c4360a2be36c250c701, ExportBundleData, , pakchunk1, Windows, Base, Installed, 0, 51525632
682, 137ba3ac18c4b9aa00000001, 0xAAB9C418ACA37B13, , ../../../TPSGunsDemo/Plugins/GameFeatures/ShooterMaps/Content/Maps/L_Convolution_Blockout/_Generated_/D6U5AO6LUQOFAK28MINJ8G7LV.umap, pakchunk1-Windows, 152436736, 51529728, 10903, 4185, 0x760a750421adfc3200497ca2a62497f5c64a2dcf, ExportBundleData, , pakchunk1, Windows, Base, Installed, 0, 51529728
683, 5f68658826134ac900000001, 0xC94A13268865685F, , ../../../TPSGunsDemo/Plugins/GameFeatures/ShooterMaps/Content/Maps/L_Convolution_Blockout/_Generated_/6KBNKUS7BL8PGUTVIRDMEEYM9.umap, pakchunk1-Windows, 152502272, 51535872, 11705, 4165, 0x07e0159830a5e994c699d8e772fd81b7dc83119a, ExportBundleData, , pakchunk1, Windows, Base, Installed, 0, 51535872
684, 00065fb76165e5d600000001, 0xD6E56561B75F0600, , ../../../TPSGunsDemo/Plugins/GameFeatures/ShooterMaps/Content/Maps/L_Expanse_Blockout/_Generated_/3AIZRTWABMF8DYZ3XG984RGK0.umap, pakchunk1-Windows, 152567808, 51542016, 7200, 3273, 0xd0ce42f1992a3ca9d9f03cb53d985a65a5517ae8, ExportBundleData, , pakchunk1, Windows, Base, Installed, 0, 51542016
685, 514fdc3ba587f5de00000001, 0xDEF587A53BDC4F51, , ../../../TPSGunsDemo/Plugins/GameFeatures/ShooterMaps/Content/Meshes/Expanse/Mesh_A_2_A35EAD.uasset, pakchunk1-Windows, 152633344, 51546112, 58012, 17982, 0x4e285285616890d39e6c1c89e29f9774b582dc20, ExportBundleData, , pakchunk1, Windows, Base, Installed, 0, 51546112
686, c5a984e871fc746500000001, 0x6574FC71E884A9C5, , ../../../TPSGunsDemo/Plugins/GameFeatures/ShooterMaps/Content/LevelSequence/SEQ_LobbyScreen.uasset, pakchunk1-Windows, 152698880, 51564544, 17387, 4837, 0xa169899f7f7e010d6567f65f383922afc1912064, ExportBundleData, , pakchunk1, Windows, Base, Installed, 0, 51564544
687, c6f5e783378d093b00000001, 0x3B098D3783E7F5C6, , ../../../TPSGunsDemo/Plugins/GameFeatures/ShooterMaps/Content/Meshes/Expanse/Mesh_A_2_C3977A.uasset, pakchunk1-Windows, 152764416, 51570688, 59042, 17826, 0x3b9adb4221b278a5e0e209430e7e0becc2dc4d0e, ExportBundleData, , pakchunk1, Windows, Base, Installed, 0, 51570688
688, 235106e99c2d885e00000001, 0x5E882D9CE9065123, , ../../../TPSGunsDemo/Plugins/LyraExampleContent/Content/Materials/MI_GlassA_2.uasset, pakchunk1-Windows, 152829952, 51589120, 1578, 1091, 0x8a3bad1015bc97e481d42980f9bd64144b438bf2, ExportBundleData, , pakchunk1, Windows, Base, Installed, 0, 51589120
689, 478ac886324fc62000000001, 0x20C64F3286C88A47, , ../../../TPSGunsDemo/Plugins/GameFeatures/ShooterMaps/Content/Meshes/Expanse/Mesh_A_2_75A517.uasset, pakchunk1-Windows, 152895488, 51591168, 13923, 3818, 0xd9a09c6d80791c0d4ef58288be0610fe2b568660, ExportBundleData, , pakchunk1, Windows, Base, Installed, 0, 51591168
690, c204017629ccbce700000001, 0xE7BCCC29760104C2, , ../../../TPSGunsDemo/Plugins/GameFeatures/ShooterMaps/Content/Meshes/Expanse/Mesh_A_2_0E1544.uasset, pakchunk1-Windows, 152961024, 51595264, 96234, 33320, 0x17330b7686757a66d9f4262e2aaa707cafde1a2b, ExportBundleData, , pakchunk1, Windows, Base, Installed, 0, 51595264
691, 600c5fd4884c74d600000001, 0xD6744C88D45F0C60, , ../../../TPSGunsDemo/Plugins/GameFeatures/ShooterMaps/Content/Meshes/Expanse/Mesh_A_2_AAB9D4.uasset, pakchunk1-Windows, 153092096, 51630080, 80508, 31174, 0xfc069d9948168ffef5c9c90244a32c1673498632, ExportBundleData, , pakchunk1, Windows, Base, Installed, 0, 51630080
692, 73e6369d668bf4a800000001, 0xA8F48B669D36E673, , ../../../TPSGunsDemo/Plugins/GameFeatures/ShooterMaps/Content/Meshes/Expanse/Mesh_A_2_519C61.uasset, pakchunk1-Windows, 153223168, 51662848, 82879, 31664, 0x8212436aa9852f2c1434ddf2794e37ae7ad25863, ExportBundleData, , pakchunk1, Windows, Base, Installed, 0, 51662848
693, a80d38034caa0f8200000001, 0x820FAA4C03380DA8, , ../../../TPSGunsDemo/Plugins/GameFeatures/ShooterMaps/Content/Meshes/Expanse/Mesh_A_2_BCC5ED.uasset, pakchunk1-Windows, 153354240, 51695616, 88000, 32237, 0x71742323816b601e61cfd19f22a6a1572042a60c, ExportBundleData, , pakchunk1, Windows, Base, Installed, 0, 51695616
694, 0f159f52437bda3f00000001, 0x3FDA7B43529F150F, , ../../../TPSGunsDemo/Plugins/GameFeatures/ShooterMaps/Content/Meshes/Expanse/Mesh_A_2_C85750.uasset, pakchunk1-Windows, 153485312, 51728384, 34190, 4338, 0x4e4b02fd9e9304c9f5e548143132ae817ec7df62, ExportBundleData, , pakchunk1, Windows, Base, Installed, 0, 51728384
695, 3c2ab619f3aaeb3100000001, 0x31EBAAF319B62A3C, , ../../../TPSGunsDemo/Plugins/GameFeatures/ShooterMaps/Content/Meshes/Expanse/Mesh_A_2_C8AD57.uasset, pakchunk1-Windows, 153550848, 51734528, 60398, 20520, 0x314e2a297210d95ec352ef56c01dc1ef7525afbd, ExportBundleData, , pakchunk1, Windows, Base, Installed, 0, 51734528
696, 984ae1cd77016ac700000001, 0xC76A0177CDE14A98, , ../../../TPSGunsDemo/Plugins/GameFeatures/ShooterMaps/Content/Meshes/Expanse_Blockout/RampA_6B19EF.uasset, pakchunk1-Windows, 153616384, 51757056, 85589, 33023, 0x623dcb6435ffc3dfb067699fc21db0f25291616e, ExportBundleData, , pakchunk1, Windows, Base, Installed, 0, 51757056
697, 6dea3369aca6f60000000001, 0xF6A6AC6933EA6D, , ../../../TPSGunsDemo/Plugins/GameFeatures/ShooterMaps/Content/Meshes/Expanse/Mesh_A_2_9AC198.uasset, pakchunk1-Windows, 153747456, 51791872, 87867, 31966, 0x5e5cf66a236e1b602eb354a8b441fc131ffb4f9a, ExportBundleData, , pakchunk1, Windows, Base, Installed, 0, 51791872
698, 8d1fc2aa54f8e1aa00000001, 0xAAE1F854AAC21F8D, , ../../../TPSGunsDemo/Plugins/GameFeatures/ShooterMaps/Content/Maps/L_ShooterFrontendBackground.umap, pakchunk1-Windows, 153878528, 51824640, 1435409, 149886, 0x7bd0417d6720a164d016f91263d8c01c033c54a3, ExportBundleData, , pakchunk1, Windows, Base, Installed, 0, 51824640
699, d3ba24a6189614d200000001, 0xD2149618A624BAD3, , ../../../TPSGunsDemo/Plugins/GameFeatures/ShooterCore/Content/UserInterface/ITakesLyraPlayerState.uasset, pakchunk1-Windows, 155320320, 51974704, 997, 997, 0x2550b230d798ee9d323280ca331f752643c31928, ExportBundleData, , pakchunk1, Windows, Base, Installed, 0, 51974704
700, 9ecfaa3f44bedde600000001, 0xE6DDBE443FAACF9E, , ../../../TPSGunsDemo/Plugins/GameFeatures/ShooterCore/Content/UserInterface/ScoreBoard/PlayerRow/W_SB_PlayerIcon.uasset, pakchunk1-Windows, 155385856, 51976192, 2731, 1383, 0xdbabf52f2b4e8aee77a5fa9295668f86dc3dc7bb, ExportBundleData, , pakchunk1, Windows, Base, Installed, 0, 51976192
701, feb4f15418e6d49500000001, 0x95D4E61854F1B4FE, , ../../../TPSGunsDemo/Plugins/GameFeatures/ShooterCore/Content/UserInterface/ScoreBoard/PlayerRow/W_BasePlayerRow.uasset, pakchunk1-Windows, 155451392, 51978240, 4505, 2056, 0xc60778a70fb525df400608e8518a460c8630a737, ExportBundleData, , pakchunk1, Windows, Base, Installed, 0, 51978240
702, 7931a2407976541f00000001, 0x1F54767940A23179, , ../../../TPSGunsDemo/Plugins/GameFeatures/ShooterCore/Content/UserInterface/ScoreBoard/W_SB_PlayerList.uasset, pakchunk1-Windows, 155516928, 51982336, 15605, 4580, 0x8557763e31eb7e486cf9ede3bddb1bcbbe747aa1, ExportBundleData, , pakchunk1, Windows, Base, Installed, 0, 51982336
703, ac80420046512dd300000001, 0xD32D5146004280AC, , ../../../TPSGunsDemo/Plugins/GameFeatures/ShooterCore/Content/UserInterface/ScoreBoard/PlayerRow/W_SB_PlayerStat.uasset, pakchunk1-Windows, 155582464, 51988480, 7197, 3172, 0xe086241fdaaa9b7549840867a98ce7f5445ded45, ExportBundleData, , pakchunk1, Windows, Base, Installed, 0, 51988480
704, 82e3e1cc7d01265800000001, 0x5826017DCCE1E382, , ../../../TPSGunsDemo/Plugins/GameFeatures/ShooterCore/Content/UserInterface/ScoreBoard/PlayerRow/W_SB_PlayerName.uasset, pakchunk1-Windows, 155648000, 51992576, 4813, 2266, 0x4439d51ee998f22e44cdeeae9c1dfa253a2fc07a, ExportBundleData, , pakchunk1, Windows, Base, Installed, 0, 51992576
705, 94a07dfb19caeb8500000001, 0x85EBCA19FB7DA094, , ../../../TPSGunsDemo/Plugins/GameFeatures/ShooterCore/Content/Elimination/B_TeamDeathMatchScoring.uasset, pakchunk1-Windows, 155713536, 51996672, 17993, 5721, 0x374bda25f78287251c7d0bd3166c8ba287528c01, ExportBundleData, , pakchunk1, Windows, Base, Installed, 0, 51996672
706, 21de3b411403d3bf00000001, 0xBFD30314413BDE21, , ../../../TPSGunsDemo/Plugins/GameFeatures/ShooterCore/Content/ControlPoint/UI/W_ScoreBoard_HeaderRow_CP.uasset, pakchunk1-Windows, 155779072, 52002816, 10841, 3517, 0x8f69bb8faad3dc384f2dae75777f9bef11c7d187, ExportBundleData, , pakchunk1, Windows, Base, Installed, 0, 52002816
707, 672a5e034942440600000001, 0x6444249035E2A67, , ../../../TPSGunsDemo/Plugins/GameFeatures/ShooterCore/Content/UserInterface/ScoreBoard/W_SB_TeamStat.uasset, pakchunk1-Windows, 155844608, 52006912, 21762, 5677, 0x6309260957101e8a6a23bfc34535b16778ad018f, ExportBundleData, , pakchunk1, Windows, Base, Installed, 0, 52006912
708, d099d8104830e6b100000001, 0xB1E6304810D899D0, , ../../../TPSGunsDemo/Plugins/GameFeatures/ShooterCore/Content/UserInterface/ScoreBoard/W_UserConnectionStatus.uasset, pakchunk1-Windows, 155910144, 52013056, 7282, 3289, 0xbb3b9426dc11d57c629795c5d3f0ddeb379bc902, ExportBundleData, , pakchunk1, Windows, Base, Installed, 0, 52013056
709, cae4a7561a34d32500000001, 0x25D3341A56A7E4CA, , ../../../TPSGunsDemo/Plugins/GameFeatures/ShooterCore/Content/ControlPoint/UI/W_SB_PlayerRow_CP.uasset, pakchunk1-Windows, 155975680, 52017152, 10826, 3841, 0x54e7f0bed0070162080f4f4b65e7c32b1bd9afc6, ExportBundleData, , pakchunk1, Windows, Base, Installed, 0, 52017152
710, 4f48a870bc483e7100000001, 0x713E48BC70A8484F, , ../../../TPSGunsDemo/Plugins/GameFeatures/ShooterCore/Content/ControlPoint/UI/W_MatchScoreBoard_CP.uasset, pakchunk1-Windows, 156041216, 52021248, 16160, 4992, 0x2a605b45900728e95a2f7118ff0a0bc2742e9a69, ExportBundleData, , pakchunk1, Windows, Base, Installed, 0, 52021248
711, 173b242d5b9e9a6000000001, 0x609A9E5B2D243B17, , ../../../TPSGunsDemo/Plugins/GameFeatures/ShooterCore/Content/Elimination/UI/W_ScoreBoard_HeaderRow_EliminationMode.uasset, pakchunk1-Windows, 156106752, 52027392, 10152, 3405, 0x1c2c6300db1f683ff29fd8789de91671e3e81357, ExportBundleData, , pakchunk1, Windows, Base, Installed, 0, 52027392
712, 09ef2a7c55c01cb500000001, 0xB51CC0557C2AEF09, , ../../../TPSGunsDemo/Plugins/GameFeatures/ShooterCore/Content/Elimination/UI/W_SB_PlayerRow_TDM.uasset, pakchunk1-Windows, 156172288, 52031488, 10430, 3637, 0xdc0fd9d892331f953f40470107140505ba5698a0, ExportBundleData, , pakchunk1, Windows, Base, Installed, 0, 52031488
713, f93f932607cee87900000001, 0x79E8CE0726933FF9, , ../../../TPSGunsDemo/Plugins/GameFeatures/ShooterCore/Content/Elimination/UI/W_MatchScoreBoard_Elimination.uasset, pakchunk1-Windows, 156237824, 52035584, 16202, 5005, 0xfc2bb63e7360f45d20783dc2917f928cb7b6d0c9, ExportBundleData, , pakchunk1, Windows, Base, Installed, 0, 52035584
714, ee620257f5eb6ba400000001, 0xA46BEBF5570262EE, , ../../../TPSGunsDemo/Plugins/GameFeatures/ShooterCore/Content/ControlPoint/UI/W_CPScoreWidget.uasset, pakchunk1-Windows, 156303360, 52041728, 27899, 7002, 0xc27711b0e2dfcb7f0bfaecb35bd9d5a4b696bc75, ExportBundleData, , pakchunk1, Windows, Base, Installed, 0, 52041728
715, 28e8919300a4f2b200000001, 0xB2F2A4009391E828, , ../../../TPSGunsDemo/Plugins/GameFeatures/ShooterCore/Content/Elimination/UI/W_ScoreWidget_Elimination.uasset, pakchunk1-Windows, 156368896, 52049920, 46511, 9796, 0x25cacbb7ba5505dd8ca4c027a4fb9d32b55407d8, ExportBundleData, , pakchunk1, Windows, Base, Installed, 0, 52049920
716, a3fcfec602ddf5b500000001, 0xB5F5DD02C6FEFCA3, , ../../../TPSGunsDemo/Plugins/GameFeatures/ShooterCore/Content/Input/Abilities/GAB_ShowWidget_WhileInputHeld.uasset, pakchunk1-Windows, 156434432, 52060160, 7517, 2897, 0x0915fd9448cf7e0b51e5977d13ce361b04d64ec0, ExportBundleData, , pakchunk1, Windows, Base, Installed, 0, 52060160
717, ce30cc15ad84e68b00000001, 0x8BE684AD15CC30CE, , ../../../TPSGunsDemo/Plugins/GameFeatures/ShooterCore/Content/Elimination/GA_ShowLeaderboard_TDM.uasset, pakchunk1-Windows, 156499968, 52063072, 1055, 629, 0xc3b61b333d73af2e96de3e4e57f330b1a3bbfd6c, ExportBundleData, , pakchunk1, Windows, Base, Installed, 0, 52063072
718, 5f067ed733b9fce900000001, 0xE9FCB933D77E065F, , ../../../TPSGunsDemo/Plugins/GameFeatures/ShooterCore/Content/Game/Respawn/GA_AutoRespawn.uasset, pakchunk1-Windows, 156565504, 52064256, 18592, 5813, 0xb8934d78356bb0f6192174145128080b6e86903f, ExportBundleData, , pakchunk1, Windows, Base, Installed, 0, 52064256
719, fd3e60279f36972100000001, 0x2197369F27603EFD, , ../../../TPSGunsDemo/Plugins/GameFeatures/ShooterCore/Content/Elimination/AbilitySet_Elimination.uasset, pakchunk1-Windows, 156631040, 52070400, 618, 618, 0xa309772b94d87274408841fb1cdaeb3815852019, ExportBundleData, , pakchunk1, Windows, Base, Installed, 0, 52070400
720, 2e4e8a305b2e501a00000001, 0x1A502E5B308A4E2E, , ../../../TPSGunsDemo/Plugins/GameFeatures/ShooterCore/Content/ControlPoint/GA_ShowLeaderboard_CP.uasset, pakchunk1-Windows, 156696576, 52071024, 1031, 623, 0x568a07f2957f0f907bc016a0fefb409e2c044d6c, ExportBundleData, , pakchunk1, Windows, Base, Installed, 0, 52071024
721, c97840296448519e00000001, 0x9E514864294078C9, , ../../../TPSGunsDemo/Plugins/GameFeatures/ShooterCore/Content/ControlPoint/AbilitySet_ControlPoint.uasset, pakchunk1-Windows, 156762112, 52071648, 626, 626, 0xdc7ca39e8854f4761cc999631f3a4c25a8ce9387, ExportBundleData, , pakchunk1, Windows, Base, Installed, 0, 52071648
722, 88e85a65b78ca63600000001, 0x36A68CB7655AE888, , ../../../TPSGunsDemo/Plugins/GameFeatures/ShooterMaps/Content/Maps/L_FiringRange_WP/_Generated_/3C0EOMJZP0IZYKFP55NPKK59M.umap, pakchunk1-Windows, 156827648, 52072448, 9760, 2831, 0xd87b141317865fc3e6ab1cc74aff6b5f1ff98794, ExportBundleData, , pakchunk1, Windows, Base, Installed, 0, 52072448
723, e0ee63be06cd3ea000000001, 0xA03ECD06BE63EEE0, , ../../../TPSGunsDemo/Plugins/GameFeatures/ShooterMaps/Content/Maps/DataLayers/L_FiringRange_WP/SM_Railing.uasset, pakchunk1-Windows, 156893184, 52075280, 330, 330, 0x0f0e31ea503da6ec531973be8dc271750d57370f, ExportBundleData, , pakchunk1, Windows, Base, Installed, 0, 52075280
724, f0057635f626304d00000001, 0x4D3026F6357605F0, , ../../../TPSGunsDemo/Plugins/GameFeatures/ShooterMaps/Content/Maps/DataLayers/L_FiringRange_WP/SM_ModuleA.uasset, pakchunk1-Windows, 156958720, 52075616, 330, 330, 0x53444548d4aecc30c5f9a57e4fb8d9edda7165ed, ExportBundleData, , pakchunk1, Windows, Base, Installed, 0, 52075616
725, 7e2ac81624e81ae200000001, 0xE21AE82416C82A7E, , ../../../TPSGunsDemo/Plugins/GameFeatures/ShooterMaps/Content/Meshes/FiringRange/SM_stairs_1.uasset, pakchunk1-Windows, 157024256, 52076544, 48058, 6306, 0x4d69335bf6dcd773a48a5fdd2d61fa0330e06481, ExportBundleData, , pakchunk1, Windows, Base, Installed, 0, 52076544
726, 21b80d7d535b453b00000001, 0x3B455B537D0DB821, , ../../../TPSGunsDemo/Plugins/GameFeatures/ShooterMaps/Content/Maps/L_FiringRange_WP.umap, pakchunk1-Windows, 157089792, 52084736, 79189, 17399, 0xe8ff7d0d436e5a88cfcf50eec9e8fc85f9475a9b, ExportBundleData, , pakchunk1, Windows, Base, Installed, 0, 52084736
727, 157e72394628d67a00000001, 0x7AD6284639727E15, , ../../../TPSGunsDemo/Plugins/GameFeatures/ShooterMaps/Content/Maps/L_FiringRange_WP/_Generated_/9DV9P0ZHKSEDXWMB68NZEZ0E9.umap, pakchunk1-Windows, 157220864, 52103168, 25374, 5357, 0xe34f9efe521d7744ad9eddedc509f3a5cc0229b2, ExportBundleData, , pakchunk1, Windows, Base, Installed, 0, 52103168
728, 43034c44fa5bb48000000001, 0x80B45BFA444C0343, , ../../../TPSGunsDemo/Plugins/GameFeatures/ShooterMaps/Content/Maps/L_FiringRange_WP/_Generated_/EHWMLI3IXXMSZP1R1ZKJB8006.umap, pakchunk1-Windows, 157286400, 52109312, 5338, 1859, 0x6f3317f9bcfe382928ec1fb6235b3d1fe8af9493, ExportBundleData, , pakchunk1, Windows, Base, Installed, 0, 52109312
729, 2342e19b3411562500000001, 0x255611349BE14223, , ../../../TPSGunsDemo/Plugins/GameFeatures/ShooterMaps/Content/Meshes/FiringRange/SM_Railing_010.uasset, pakchunk1-Windows, 157351936, 52111360, 41974, 7532, 0x4c0409b54d74f60b5e600cd4de0fb26991a2e647, ExportBundleData, , pakchunk1, Windows, Base, Installed, 0, 52111360
730, ccef2d9182e449c700000001, 0xC749E482912DEFCC, , ../../../TPSGunsDemo/Plugins/GameFeatures/ShooterMaps/Content/Maps/L_FiringRange_WP/_Generated_/ADEUQ1CENBISC4XSIVQ6WT8DM.umap, pakchunk1-Windows, 157417472, 52119552, 45972, 12825, 0x9d3c62a8bbb426c9cacd9d054713e4043cee987e, ExportBundleData, , pakchunk1, Windows, Base, Installed, 0, 52119552
731, a7fd9f815da83cc700000009, 0xC73CA85D819FFDA7, , <ShaderCode>, pakchunk1-Windows, 157483008, 52133888, 7139, 7139, 0x4b8fd8038f64eb88832b66ee149989a94810b0d0, ShaderCode, , pakchunk1, Windows, Base, Installed, 0, 52133888
732, e800c9c1784f497200000009, 0x72494F78C1C900E8, , <ShaderCode>, pakchunk1-Windows, 157548544, 52142080, 115916, 115916, 0xa2b39c386b626e46876a44d7a6e973c7f11685b6, ShaderCode, , pakchunk1, Windows, Base, Installed, 0, 52142080
733, 54407c382e7102f400000009, 0xF402712E387C4054, , <ShaderCode>, pakchunk1-Windows, 157679616, 52258816, 102104, 102104, 0x36ae28e4b241f018b3497f4639bb4228e8c575c4, ShaderCode, , pakchunk1, Windows, Base, Installed, 0, 52258816
734, 56f495a5173be7f300000001, 0xF3E73B17A595F456, , ../../../TPSGunsDemo/Plugins/GameFeatures/ShooterMaps/Content/Maps/L_FiringRange_WP/_Generated_/E9DB5UQD5AV5NGHT9UBRXGYOS.umap, pakchunk1-Windows, 157810688, 52361216, 7214, 2496, 0x080e0b4a40ff7fc9773c83a112a847eddf252726, ExportBundleData, , pakchunk1, Windows, Base, Installed, 0, 52361216
735, f3c77fc856b54a8100000001, 0x814AB556C87FC7F3, , ../../../TPSGunsDemo/Plugins/GameFeatures/ShooterMaps/Content/Maps/L_FiringRange_WP/_Generated_/DGOKMCT14DY1P7LWBUVDEU0T7.umap, pakchunk1-Windows, 157876224, 52365312, 9835, 3569, 0xc03732a6f3f04f9fba91f67d4a9e832599a9cced, ExportBundleData, , pakchunk1, Windows, Base, Installed, 0, 52365312
736, 0b9ca2b67512f57d00000001, 0x7DF51275B6A29C0B, , ../../../TPSGunsDemo/Plugins/GameFeatures/ShooterCore/Content/ControlPoint/UI/W_ControlPointMarker.uasset, pakchunk1-Windows, 157941760, 52369408, 24546, 6937, 0x18e5ba2fa0f6344be6331585382a20ac0ee61957, ExportBundleData, , pakchunk1, Windows, Base, Installed, 0, 52369408
737, a5e8177e21e4a56b00000001, 0x6BA5E4217E17E8A5, , ../../../TPSGunsDemo/Plugins/GameFeatures/ShooterCore/Content/ControlPoint/UI/W_ControlPointStatusWidget.uasset, pakchunk1-Windows, 158007296, 52377600, 10671, 3844, 0x0ecd2bc2f74ee9e58d7a3edb6cec102be360147f, ExportBundleData, , pakchunk1, Windows, Base, Installed, 0, 52377600
738, 21090862c5e7f8fb00000001, 0xFBF8E7C562080921, , ../../../TPSGunsDemo/Plugins/GameFeatures/ShooterCore/Content/Bot/BT/BTDecorator_AllowedToFire.uasset, pakchunk1-Windows, 158072832, 52381696, 1360, 831, 0x297f016688c7385314c6c60280c451e445b921e7, ExportBundleData, , pakchunk1, Windows, Base, Installed, 0, 52381696
739, 59f25a4db4473df300000001, 0xF33D47B44D5AF259, , ../../../TPSGunsDemo/Plugins/GameFeatures/ShooterCore/Content/Bot/EQS/Generator/EQS_GetAllEnemy.uasset, pakchunk1-Windows, 158138368, 52383744, 4101, 1871, 0x3b3e5fba9bbb9829647ff74f683c4867f8940675, ExportBundleData, , pakchunk1, Windows, Base, Installed, 0, 52383744
740, 62deef17624715e900000001, 0xE915476217EFDE62, , ../../../TPSGunsDemo/Plugins/GameFeatures/ShooterCore/Content/Bot/Services/BTS_ReloadWeapon.uasset, pakchunk1-Windows, 158203904, 52385792, 2061, 1145, 0x4dcd53231ef985e0a576005aa880874b011197f0, ExportBundleData, , pakchunk1, Windows, Base, Installed, 0, 52385792
741, d73a10764beb52d600000001, 0xD652EB4B76103AD7, , ../../../TPSGunsDemo/Plugins/GameFeatures/ShooterCore/Content/Bot/Services/BTS_CheckAmmo.uasset, pakchunk1-Windows, 158269440, 52387840, 4591, 2038, 0x5eb0056dfe940d9362d5da908f16080ee469b1c1, ExportBundleData, , pakchunk1, Windows, Base, Installed, 0, 52387840
742, bc05a086849eafc100000001, 0xC1AF9E8486A005BC, , ../../../TPSGunsDemo/Plugins/GameFeatures/ShooterCore/Content/Bot/EQS/EQS_FindTarget.uasset, pakchunk1-Windows, 158334976, 52389888, 955, 955, 0x9537ae3870d60e1ca75836bbbaf1cbffa34be949, ExportBundleData, , pakchunk1, Windows, Base, Installed, 0, 52389888
743, 4b2cca021d99f9bc00000001, 0xBCF9991D02CA2C4B, , ../../../TPSGunsDemo/Plugins/GameFeatures/ShooterCore/Content/Bot/EQS/EQS_AIPerceptionEnemy.uasset, pakchunk1-Windows, 158400512, 52390848, 919, 919, 0x80047f8a50bad203514e50e7071e3a9d27e06f81, ExportBundleData, , pakchunk1, Windows, Base, Installed, 0, 52390848
744, 87121d3363bb445e00000001, 0x5E44BB63331D1287, , ../../../TPSGunsDemo/Plugins/GameFeatures/ShooterCore/Content/Bot/Services/BTS_Shoot.uasset, pakchunk1-Windows, 158466048, 52391936, 10083, 3395, 0x0d28b2f6d59912f7e1358733adb4205c0d691288, ExportBundleData, , pakchunk1, Windows, Base, Installed, 0, 52391936
745, 3e4d87e46f5f635400000001, 0x54635F6FE4874D3E, , ../../../TPSGunsDemo/Plugins/GameFeatures/ShooterCore/Content/Bot/BT/BB_Lyra_Shooter_Bot.uasset, pakchunk1-Windows, 158531584, 52395344, 1134, 589, 0x9f0edd43f0acbbb51f8fecb883f8324127abbc51, ExportBundleData, , pakchunk1, Windows, Base, Installed, 0, 52395344
746, 37dbe0d95f6c4a3200000001, 0x324A6C5FD9E0DB37, , ../../../TPSGunsDemo/Plugins/GameFeatures/ShooterCore/Content/Bot/EQS/Context/EQS_Context_TargetEnemy.uasset, pakchunk1-Windows, 158597120, 52396032, 2336, 1212, 0x4f2531cdc347f73374d87b9d6e3a727b94c372e4, ExportBundleData, , pakchunk1, Windows, Base, Installed, 0, 52396032
747, c2db5ed8281be0b600000001, 0xB6E01B28D85EDBC2, , ../../../TPSGunsDemo/Plugins/GameFeatures/ShooterCore/Content/Bot/EQS/EQS_MoveAgainstEnnemy.uasset, pakchunk1-Windows, 158662656, 52397248, 1437, 748, 0xf638f40f1bfbad0864867f17d22166c2abc665cf, ExportBundleData, , pakchunk1, Windows, Base, Installed, 0, 52397248
748, dce8f1cadd746f0b00000001, 0xB6F74DDCAF1E8DC, , ../../../TPSGunsDemo/Plugins/GameFeatures/ShooterCore/Content/Bot/Services/BTS_SetFocus.uasset, pakchunk1-Windows, 158728192, 52398080, 2380, 1274, 0x9513007bba44b0563b80f487f9da24e754dc4095, ExportBundleData, , pakchunk1, Windows, Base, Installed, 0, 52398080
749, ca13ac4ad024248f00000001, 0x8F2424D04AAC13CA, , ../../../TPSGunsDemo/Plugins/GameFeatures/ShooterCore/Content/Bot/EQS/Context/EQS_Context_WeaponCheck.uasset, pakchunk1-Windows, 158793728, 52400128, 6764, 2590, 0xcc2c6d84b052f8c304d19716bb1c747b81e33a2c, ExportBundleData, , pakchunk1, Windows, Base, Installed, 0, 52400128
750, a21b8a65b820393600000001, 0x363920B8658A1BA2, , ../../../TPSGunsDemo/Plugins/GameFeatures/ShooterCore/Content/Bot/EQS/EQS_FindWeapon.uasset, pakchunk1-Windows, 158859264, 52402720, 1189, 637, 0xcedb951d2b97f764e1557d3077bd6b29720ecb64, ExportBundleData, , pakchunk1, Windows, Base, Installed, 0, 52402720
751, 36a4e17d3d98bf9300000001, 0x93BF983D7DE1A436, , ../../../TPSGunsDemo/Plugins/GameFeatures/ShooterCore/Content/Bot/BT/BT_Lyra_Shooter_Bot.uasset, pakchunk1-Windows, 158924800, 52404224, 7150, 2360, 0xe6991596b54719536748ebc3df072711763a4548, ExportBundleData, , pakchunk1, Windows, Base, Installed, 0, 52404224
752, 1f510e725217290700000001, 0x7291752720E511F, , ../../../TPSGunsDemo/Plugins/GameFeatures/ShooterCore/Content/Bot/B_AI_Controller_LyraShooter.uasset, pakchunk1-Windows, 158990336, 52408320, 8169, 3370, 0x7942d7aa3484293f080cc0ba2945253360e85e7a, ExportBundleData, , pakchunk1, Windows, Base, Installed, 0, 52408320
753, e23df30f949c418500000001, 0x85419C940FF33DE2, , ../../../TPSGunsDemo/Plugins/GameFeatures/ShooterCore/Content/Bot/EQS/Context/EQS_Context_ControlPoints.uasset, pakchunk1-Windows, 159055872, 52412416, 3877, 1778, 0xe55da64d61cfd330d1e4dd4f815f382468e8d362, ExportBundleData, , pakchunk1, Windows, Base, Installed, 0, 52412416
754, a1687aa9e68e04ae00000001, 0xAE048EE6A97A68A1, , ../../../TPSGunsDemo/Plugins/GameFeatures/ShooterCore/Content/Bot/EQS/EQS_FindControlPoint.uasset, pakchunk1-Windows, 159121408, 52414464, 1026, 570, 0x4778631301d9b7fc32fb0dddf0407af2e1f3dec2, ExportBundleData, , pakchunk1, Windows, Base, Installed, 0, 52414464
755, bbb3786b4e9c358e00000001, 0x8E359C4E6B78B3BB, , ../../../TPSGunsDemo/Plugins/GameFeatures/ShooterCore/Content/ControlPoint/AI/BT_Lyra_Shooter_ControlPoint_Bot.uasset, pakchunk1-Windows, 159186944, 52416512, 7807, 2475, 0x6c0d5cad70197d6b1a6fd879c848026cc6fad3c0, ExportBundleData, , pakchunk1, Windows, Base, Installed, 0, 52416512
756, 7be6c499d52656c200000001, 0xC25626D599C4E67B, , ../../../TPSGunsDemo/Plugins/GameFeatures/ShooterCore/Content/ControlPoint/AI/B_AI_Controller_LyraShooter_ControlPoint.uasset, pakchunk1-Windows, 159252480, 52418992, 2235, 1140, 0xb949ae97a8d984aac241bbb83740406222cca896, ExportBundleData, , pakchunk1, Windows, Base, Installed, 0, 52418992
757, c5d18f689c1965f900000001, 0xF965199C688FD1C5, , ../../../TPSGunsDemo/Plugins/GameFeatures/ShooterCore/Content/ControlPoint/AI/B_ShooterBotSpawner_ControlPoint.uasset, pakchunk1-Windows, 159318016, 52420608, 976, 976, 0x9ed8b4910954f3bffb7e57ef2e9edb6bcddd32b1, ExportBundleData, , pakchunk1, Windows, Base, Installed, 0, 52420608
758, fa6e4fde66e9d30d00000001, 0xDD3E966DE4F6EFA, , ../../../TPSGunsDemo/Plugins/GameFeatures/ShooterCore/Content/Bot/B_ShooterBotSpawner.uasset, pakchunk1-Windows, 159383552, 52421584, 943, 943, 0xd125f1af24059af45d473c22401ca818bccc0c26, ExportBundleData, , pakchunk1, Windows, Base, Installed, 0, 52421584
759, 68a4fb7222dd311200000001, 0x1231DD2272FBA468, , ../../../TPSGunsDemo/Plugins/GameFeatures/ShooterCore/Content/ControlPoint/B_MusicManagerComponent_ControlPoint.uasset, pakchunk1-Windows, 159449088, 52422656, 4523, 2190, 0x81ff3f77120a8ef1c2e95c787fa59e3347c976ef, ExportBundleData, , pakchunk1, Windows, Base, Installed, 0, 52422656
760, 0f688e64947057e700000001, 0xE7577094648E680F, , ../../../TPSGunsDemo/Plugins/GameFeatures/ShooterCore/Content/Elimination/B_MusicManagerComponent_Elimination.uasset, pakchunk1-Windows, 159514624, 52424848, 1709, 957, 0xbccdd303fd51c1391aceaf5347c85beb15198140, ExportBundleData, , pakchunk1, Windows, Base, Installed, 0, 52424848
761, 2d0e379e9883873800000001, 0x388783989E370E2D, , ../../../TPSGunsDemo/Plugins/GameFeatures/ShooterMaps/Content/Maps/L_FiringRange_WP/_Generated_/8FZIV9FCFOXNFI77CT46LUA8D.umap, pakchunk1-Windows, 159580160, 52426752, 4835, 1624, 0x1526a574844781c7efe2e68b078582fe2d70a76b, ExportBundleData, , pakchunk1, Windows, Base, Installed, 0, 52426752
762, ac82c77ef55fd0ad00000001, 0xADD05FF57EC782AC, , ../../../TPSGunsDemo/Plugins/GameFeatures/ShooterMaps/Content/Maps/L_FiringRange_WP/_Generated_/F05YEEZSX7VWHW7QD2YI26GEX.umap, pakchunk1-Windows, 159645696, 52428800, 4129, 1611, 0x21412aa5cc638d604b4cb60af61c21086083b029, ExportBundleData, , pakchunk1, Windows, Base, Installed, 0, 52428800
763, d4656c07262b43b100000001, 0xB1432B26076C65D4, , ../../../TPSGunsDemo/Plugins/GameFeatures/ShooterMaps/Content/Maps/L_FiringRange_WP/_Generated_/BYMF60W6B7M1DIVOBT3OMT543.umap, pakchunk1-Windows, 159711232, 52430848, 4398, 1568, 0x8a35c8e626b49b249f9c643defdd7a5b8d43bc4c, ExportBundleData, , pakchunk1, Windows, Base, Installed, 0, 52430848
764, 26c28b747e1d4c1100000001, 0x114C1D7E748BC226, , ../../../TPSGunsDemo/Plugins/LyraExampleContent/Content/Materials/Textures/T_StainlessBrushed_2K_normal.uasset, pakchunk1-Windows, 159776768, 52432896, 6566, 3021, 0xcec7cfa080e4af27b86fd80a35df50cc2b6a510c, ExportBundleData, , pakchunk1, Windows, Base, Installed, 0, 52432896
765, 5f2800586953659500000001, 0x956553695800285F, , ../../../TPSGunsDemo/Plugins/GameFeatures/ShooterMaps/Content/Maps/L_Expanse/_Generated_/5OAWGQG4MUN1IP66XBGALFVKD.umap, pakchunk1-Windows, 159842304, 52436992, 14966, 4330, 0xb6daadbe301012fadb460724c2f4b2da0eb9c359, ExportBundleData, , pakchunk1, Windows, Base, Installed, 0, 52436992
766, 167080f77d8e17f200000001, 0xF2178E7DF7807016, , ../../../TPSGunsDemo/Plugins/GameFeatures/ShooterMaps/Content/Maps/L_Expanse/_Generated_/6I9EBC2F8F76VI2C8LLL7Q19X.umap, pakchunk1-Windows, 159907840, 52443136, 16862, 4695, 0xaa8d14bcb0ab5c71ff44a71977288ba89aa8d9f0, ExportBundleData, , pakchunk1, Windows, Base, Installed, 0, 52443136
767, 121120438d9f291900000001, 0x19299F8D43201112, , ../../../TPSGunsDemo/Plugins/GameFeatures/ShooterMaps/Content/Maps/L_FiringRange_WP/_Generated_/0M29E570Z60PGQ6EWVNAG7YII.umap, pakchunk1-Windows, 159973376, 52449280, 5826, 2351, 0x7f97c98fd773a8d06f261aa2e118f6c48ebe76ec, ExportBundleData, , pakchunk1, Windows, Base, Installed, 0, 52449280
768, 4e50d7c1e03ccb1b00000001, 0x1BCB3CE0C1D7504E, , ../../../TPSGunsDemo/Plugins/GameFeatures/ShooterMaps/Content/Maps/DataLayers/L_Expanse/Gameplay.uasset, pakchunk1-Windows, 160038912, 52451632, 314, 314, 0xf6a6ed2d48a61a2c64f08440ee968986e3113d36, ExportBundleData, , pakchunk1, Windows, Base, Installed, 0, 52451632
769, faa62df4867b603a00000001, 0x3A607B86F42DA6FA, , ../../../TPSGunsDemo/Plugins/GameFeatures/ShooterMaps/Content/System/Playlists/DA_Convolution_ControlPoint.uasset, pakchunk1-Windows, 160104448, 52451952, 1010, 1010, 0xb8d4ce17014f6178caf95cc656f6f98761ff8c8b, ExportBundleData, , pakchunk1, Windows, Base, Installed, 0, 52451952
770, d5ea9bbc8ffa9c2400000001, 0x249CFA8FBC9BEAD5, , ../../../TPSGunsDemo/Plugins/GameFeatures/ShooterMaps/Content/System/Playlists/DA_Expanse_TDM.uasset, pakchunk1-Windows, 160169984, 52453376, 940, 940, 0x73efe70e2f041ee0508ac8e72d82baaf5294ae84, ExportBundleData, , pakchunk1, Windows, Base, Installed, 0, 52453376
771, 42076e5ebdb5623c00000001, 0x3C62B5BD5E6E0742, , ../../../TPSGunsDemo/Plugins/GameFeatures/ShooterMaps/Content/Maps/DataLayers/L_Expanse/Lighting.uasset, pakchunk1-Windows, 160235520, 52454320, 314, 314, 0x8e2f4c35e430a3758dee515ce264c145b3f5e34a, ExportBundleData, , pakchunk1, Windows, Base, Installed, 0, 52454320
772, 0f6af5e763fc143f00000001, 0x3F14FC63E7F56A0F, , ../../../TPSGunsDemo/Plugins/GameFeatures/ShooterMaps/Content/System/Playlists/T_UI_LoadingScreen_ShooterGame.uasset, pakchunk1-Windows, 160301056, 52455424, 8389162, 3551439, 0x75088e5723ae86c04843ae8e35e233477ec7f511, ExportBundleData, , pakchunk1, Windows, Base, Installed, 0, 52455424
773, a9fa5014d70b356800000001, 0x68350BD71450FAA9, , ../../../TPSGunsDemo/Plugins/GameFeatures/ShooterMaps/Content/System/Playlists/W_LoadingScreen_TDM.uasset, pakchunk1-Windows, 168755200, 56008704, 1647, 914, 0x1a4ecca3d9c3c20646d04b69412dfc46571d9a9d, ExportBundleData, , pakchunk1, Windows, Base, Installed, 0, 56008704
774, 7b29822678356e8500000001, 0x856E35782682297B, , ../../../TPSGunsDemo/Plugins/GameFeatures/ShooterCore/Content/Game/B_TeamSetup_TwoTeams.uasset, pakchunk1-Windows, 168820736, 56009632, 843, 843, 0x41cba879111a6c87c5087b9648da77aa8a29c964, ExportBundleData, , pakchunk1, Windows, Base, Installed, 0, 56009632
775, 8d46334e87b913e000000001, 0xE013B9874E33468D, , ../../../TPSGunsDemo/Plugins/GameFeatures/ShooterMaps/Content/System/Playlists/T_UI_LoadingScreen_ControlGame.uasset, pakchunk1-Windows, 168886272, 56010752, 8389162, 3007293, 0xb2f6d3e2116e17a8f8d664217ac114c15bc173b7, ExportBundleData, , pakchunk1, Windows, Base, Installed, 0, 56010752
776, ed3c8232322b646b00000001, 0x6B642B3232823CED, , ../../../TPSGunsDemo/Plugins/GameFeatures/ShooterMaps/Content/System/Playlists/W_LoadingScreen_ControlPoint.uasset, pakchunk1-Windows, 177340416, 59019264, 1671, 909, 0x395fefbc14b0687d765610f848c8cd42152e5146, ExportBundleData, , pakchunk1, Windows, Base, Installed, 0, 59019264
777, 38633dc2da000e9000000001, 0x900E00DAC23D6338, , ../../../TPSGunsDemo/Plugins/GameFeatures/ShooterMaps/Content/Items/Backgrounds/ShooterGameLobbyBG.uasset, pakchunk1-Windows, 177405952, 59020176, 434, 434, 0xf29f5c2abaa3e557f977af489fe5e9e868d005a7, ExportBundleData, , pakchunk1, Windows, Base, Installed, 0, 59020176
778, 8c3312600e04de9300000001, 0x93DE040E6012338C, , ../../../TPSGunsDemo/Plugins/GameFeatures/ShooterMaps/Content/Maps/DataLayers/L_Expanse/ExtraSpawn.uasset, pakchunk1-Windows, 177471488, 59020624, 322, 322, 0xef28380954f21873c802aed3980246bec0721dd9, ExportBundleData, , pakchunk1, Windows, Base, Installed, 0, 59020624
779, f5f0c2a94476b79b00000001, 0x9BB77644A9C2F0F5, , ../../../TPSGunsDemo/Plugins/GameFeatures/ShooterMaps/Content/Maps/DataLayers/L_Expanse/LayoutModelA.uasset, pakchunk1-Windows, 177537024, 59020960, 322, 322, 0x25471a435daaaaa75e8d21988e371c2645e85280, ExportBundleData, , pakchunk1, Windows, Base, Installed, 0, 59020960
780, 96e00c6885939fd200000001, 0xD29F9385680CE096, , ../../../TPSGunsDemo/Plugins/GameFeatures/ShooterCore/Content/Game/B_TeamSpawningRules.uasset, pakchunk1-Windows, 177602560, 59021312, 662, 662, 0x449c8b192a6a5c6e8518ccb5d9f74184567548d6, ExportBundleData, , pakchunk1, Windows, Base, Installed, 0, 59021312
781, 874fb0913f904e5800000002, 0x584E903F91B04F87, , ../../../TPSGunsDemo/Plugins/GameFeatures/ShooterCore/Content/Effects/Mesh/capturepoint_ring_corner.ubulk, pakchunk1-Windows, 177668096, 59023360, 12940, 1773, 0xfb961139c09a8eb150df33780edf50f05345f8ea, BulkData, , pakchunk1, Windows, Base, Installed, 0, 59023360
782, 2ca84b47a227f7fc00000002, 0xFCF727A2474BA82C, , ../../../TPSGunsDemo/Plugins/GameFeatures/ShooterMaps/Content/Meshes/Expanse/Mesh_A_2_6A12A8.ubulk, pakchunk1-Windows, 177733632, 59025408, 102172, 1713, 0x24a62adacea360cecdbbaf0b76d28da72e7213a9, BulkData, , pakchunk1, Windows, Base, Installed, 0, 59025408
783, 629e6ec7e2eb98fc00000002, 0xFC98EBE2C76E9E62, , ../../../TPSGunsDemo/Plugins/GameFeatures/ShooterMaps/Content/Meshes/Expanse/Mesh_A_2_7869F3.ubulk, pakchunk1-Windows, 177864704, 59027136, 13936, 257, 0xa2d18b49d8825886eb60dbac03c747644a81a18b, BulkData, , pakchunk1, Windows, Base, Installed, 0, 59027136
784, 06e73cb3ed165efa00000002, 0xFA5E16EDB33CE706, , ../../../TPSGunsDemo/Plugins/GameFeatures/ShooterMaps/Content/Meshes/Expanse/Mesh_A_2_02F4BA.ubulk, pakchunk1-Windows, 177930240, 59027456, 191576, 3465, 0xf71383280fde8f655cd4f9c760a2a08b0ae9a740, BulkData, , pakchunk1, Windows, Base, Installed, 0, 59027456
785, 09afb86d611b4ef100000002, 0xF14E1B616DB8AF09, , ../../../TPSGunsDemo/Plugins/GameFeatures/ShooterMaps/Content/Meshes/Expanse/Mesh_A_2_AC8176.ubulk, pakchunk1-Windows, 178126848, 59031552, 45480, 4418, 0x048583c80d71d7f9cb6912b4777ec30f15fc39dd, BulkData, , pakchunk1, Windows, Base, Installed, 0, 59031552
786, a1981e2b58c8f3e200000002, 0xE2F3C8582B1E98A1, , ../../../TPSGunsDemo/Plugins/GameFeatures/ShooterMaps/Content/Meshes/Expanse/Mesh_A_2_5FC924.ubulk, pakchunk1-Windows, 178192384, 59035984, 18068, 1522, 0x610157883fe528637d73ecbc3f56703b2341ec10, BulkData, , pakchunk1, Windows, Base, Installed, 0, 59035984
787, 5edf3b87279080de00000002, 0xDE809027873BDF5E, , ../../../TPSGunsDemo/Plugins/GameFeatures/ShooterMaps/Content/Meshes/Expanse/Mesh_A_2_D6B253.ubulk, pakchunk1-Windows, 178257920, 59037696, 14452, 385, 0x95e9d2998a2882a25a07fa7329881c8ddc4d2e27, BulkData, , pakchunk1, Windows, Base, Installed, 0, 59037696
788, bf8cbe320b6f37db00000002, 0xDB376F0B32BE8CBF, , ../../../TPSGunsDemo/Plugins/GameFeatures/ShooterMaps/Content/Meshes/Expanse/Mesh_A_2_A5F894.ubulk, pakchunk1-Windows, 178323456, 59038096, 41048, 1055, 0x5fc69a363bc8e47f1edb3d3587919a6c30f7e009, BulkData, , pakchunk1, Windows, Base, Installed, 0, 59038096
789, 7fece7191ea3f4d700000002, 0xD7F4A31E19E7EC7F, , ../../../TPSGunsDemo/Plugins/LyraExampleContent/Content/Materials/Textures/T_Rough_Concrete_Floor_ulmmbiuo_4K_N.ubulk, pakchunk1-Windows, 178388992, 59039744, 5586944, 4608843, 0x716cf18e80d10df1dcebacaaba9fdd1b34fe603c, BulkData, , pakchunk1, Windows, Base, Installed, 0, 59039744
790, efcd74ff615485cb00000002, 0xCB855461FF74CDEF, , ../../../TPSGunsDemo/Plugins/LyraExampleContent/Content/Materials/Textures/T_Concrete_Normal.ubulk, pakchunk1-Windows, 184025088, 63649792, 5586944, 1952523, 0xfe6611d76ce0db77e21e25170b55fabd2e029f10, BulkData, , pakchunk1, Windows, Base, Installed, 0, 63649792
791, 56b9e5dd0e84aec100000002, 0xC1AE840EDDE5B956, , ../../../TPSGunsDemo/Plugins/GameFeatures/ShooterMaps/Content/Meshes/Expanse/Mesh_A_2_C56B37.ubulk, pakchunk1-Windows, 189661184, 65603584, 60376, 743, 0x678123d97fc0f9267d2a7c0bb9115ff5084407c2, BulkData, , pakchunk1, Windows, Base, Installed, 0, 65603584
792, 80e65ad83be192bf00000002, 0xBF92E13BD85AE680, , ../../../TPSGunsDemo/Plugins/LyraExampleContent/Content/Megascans/Surfaces/Dirty_Painted_Concrete_Wall_vdqfcg3/T_Dirty_Painted_Concrete_Wall_vdqfcg3_4K_D.ubulk, pakchunk1-Windows, 189726720, 65605632, 2793472, 1102840, 0x14fe37e74546bf1fb927b164b2a44cd4c2a00466, BulkData, , pakchunk1, Windows, Base, Installed, 0, 65605632
793, f1235a6b7c126ebf00000002, 0xBF6E127C6B5A23F1, , ../../../TPSGunsDemo/Plugins/GameFeatures/ShooterMaps/Content/Meshes/Expanse/Mesh_A_2_EF0EBF.ubulk, pakchunk1-Windows, 192544768, 66709504, 50216, 4445, 0x804c73e48348659d9cc2f3f14a21329bed8a8223, BulkData, , pakchunk1, Windows, Base, Installed, 0, 66709504
794, 34efbc263a1110bb00000002, 0xBB10113A26BCEF34, , ../../../TPSGunsDemo/Plugins/LyraExampleContent/Content/Megascans/Surfaces/Dirty_Painted_Concrete_Wall_vdqfcg3/T_Dirty_Painted_Concrete_Wall_vdqfcg3_4K_N.ubulk, pakchunk1-Windows, 192610304, 66715648, 5586944, 1573135, 0x638476e2689fac971ca21f0e1cc2a2a76fd8bff4, BulkData, , pakchunk1, Windows, Base, Installed, 0, 66715648
795, 34c77a25db222faf00000002, 0xAF2F22DB257AC734, , ../../../TPSGunsDemo/Plugins/GameFeatures/ShooterMaps/Content/Meshes/Expanse/Mesh_A_2_B281E9.ubulk, pakchunk1-Windows, 198246400, 68290560, 110168, 3103, 0x92f08adcef120ed61babb505429c9ad082c5d809, BulkData, , pakchunk1, Windows, Base, Installed, 0, 68290560
796, c26fc8252b68fb9f00000002, 0x9FFB682B25C86FC2, , ../../../TPSGunsDemo/Plugins/LyraExampleContent/Content/Materials/Textures/T_Paint_Opacity.ubulk, pakchunk1-Windows, 198377472, 68294656, 2793472, 1849, 0x872b743d022c4c5eb3372ab4c135132238788d9d, BulkData, , pakchunk1, Windows, Base, Installed, 0, 68294656
797, 63321513fc5bd99a00000002, 0x9AD95BFC13153263, , ../../../TPSGunsDemo/Plugins/LyraExampleContent/Content/Megascans/Surfaces/Fortified_Shelter_Wall_ubimbhrdy/T_FortifiedShelterWall_ubimbhrdy_4K_ORDp.ubulk, pakchunk1-Windows, 201195520, 68298752, 2793472, 704500, 0xc0e5a7289303394ad2601aa26888122facb683ee, BulkData, , pakchunk1, Windows, Base, Installed, 0, 68298752
798, 7de26341a477629700000002, 0x976277A44163E27D, , ../../../TPSGunsDemo/Plugins/GameFeatures/ShooterMaps/Content/Meshes/Expanse/Mesh_A_2_EE66FF.ubulk, pakchunk1-Windows, 204013568, 69005312, 53244, 2685, 0xdb2eefe55145250a1090ebe4925f4df8a5290f24, BulkData, , pakchunk1, Windows, Base, Installed, 0, 69005312
799, b7dc257c06d8029600000002, 0x9602D8067C25DCB7, , ../../../TPSGunsDemo/Plugins/GameFeatures/ShooterMaps/Content/Meshes/Expanse/Mesh_A_2_9964B7.ubulk, pakchunk1-Windows, 204079104, 69009408, 191576, 3256, 0x19c8090e8abb101b9bf91bf8a5bab1d7afda5dba, BulkData, , pakchunk1, Windows, Base, Installed, 0, 69009408
800, 7fd439780a23878b00000002, 0x8B87230A7839D47F, , ../../../TPSGunsDemo/Plugins/GameFeatures/ShooterMaps/Content/Meshes/Expanse/Mesh_A_2_4E3294.ubulk, pakchunk1-Windows, 204275712, 69013504, 40336, 1707, 0x40420b6854a2dd53c1390de066118e07b7b2f2ca, BulkData, , pakchunk1, Windows, Base, Installed, 0, 69013504
801, c7d956fc4e650b8900000002, 0x890B654EFC56D9C7, , ../../../TPSGunsDemo/Plugins/GameFeatures/ShooterMaps/Content/Meshes/Expanse/Mesh_A_2_94ED4E.ubulk, pakchunk1-Windows, 204341248, 69015552, 40276, 1542, 0xe1e9737a8e7bf3688c710933be83fc6eb4e13b7c, BulkData, , pakchunk1, Windows, Base, Installed, 0, 69015552
802, df700b64d8c8d77c00000002, 0x7CD7C8D8640B70DF, , ../../../TPSGunsDemo/Plugins/GameFeatures/ShooterMaps/Content/Meshes/Expanse/Mesh_A_2_87783F.ubulk, pakchunk1-Windows, 204406784, 69017104, 1036, 277, 0xb6523303b57f350fa166ba545eb16629f2fa8720, BulkData, , pakchunk1, Windows, Base, Installed, 0, 69017104
803, 65d3fea7c3173f7100000002, 0x713F17C3A7FED365, , ../../../TPSGunsDemo/Plugins/GameFeatures/ShooterMaps/Content/Meshes/Expanse/Mesh_A_2_4C3618.ubulk, pakchunk1-Windows, 204472320, 69017600, 46380, 4611, 0x700fdb3682a708378045617316eb9bf914948175, BulkData, , pakchunk1, Windows, Base, Installed, 0, 69017600
804, 8b7309be4276f08400000002, 0x84F07642BE09738B, , ../../../TPSGunsDemo/Plugins/GameFeatures/ShooterMaps/Content/Meshes/Expanse/Mesh_A_2_7C67E5.ubulk, pakchunk1-Windows, 204537856, 69022224, 8776, 424, 0x8bdeec893abd0e0fffdb65f480d803d84df02031, BulkData, , pakchunk1, Windows, Base, Installed, 0, 69022224
805, 38759b2f26df1c6700000002, 0x671CDF262F9B7538, , ../../../TPSGunsDemo/Plugins/GameFeatures/ShooterMaps/Content/Meshes/Expanse/Mesh_A_2_8FB4DA.ubulk, pakchunk1-Windows, 204603392, 69023744, 52022, 3117, 0x315459e29bc31e28285b0d0f409147bea97f5c30, BulkData, , pakchunk1, Windows, Base, Installed, 0, 69023744
806, 3902dc067336995f00000002, 0x5F99367306DC0239, , ../../../TPSGunsDemo/Plugins/GameFeatures/ShooterMaps/Content/Meshes/Expanse/Mesh_A_2_8C8BA9.ubulk, pakchunk1-Windows, 204668928, 69026864, 9292, 252, 0x7e2e6144f6c8be6908a93bd1379824ec7895b456, BulkData, , pakchunk1, Windows, Base, Installed, 0, 69026864
807, 2a35cd2bff0f225e00000002, 0x5E220FFF2BCD352A, , ../../../TPSGunsDemo/Plugins/LyraExampleContent/Content/Materials/Textures/T_GrungySurface_slnneipc_4K_MR.ubulk, pakchunk1-Windows, 204734464, 69027840, 11182080, 7213341, 0x458d9e4a99c2144fb22b3901b4d715aff9cba555, BulkData, , pakchunk1, Windows, Base, Installed, 0, 69027840
808, daf08214408ab04c00000002, 0x4CB08A401482F0DA, , ../../../TPSGunsDemo/Plugins/GameFeatures/ShooterMaps/Content/Meshes/Expanse/Mesh_A_2_D8DF11.ubulk, pakchunk1-Windows, 215941120, 76242944, 42408, 1559, 0x2452e1406fe846fa2e34c6ed56764ae6bbbab779, BulkData, , pakchunk1, Windows, Base, Installed, 0, 76242944
809, a782dc374e0b6b4c00000002, 0x4C6B0B4E37DC82A7, , ../../../TPSGunsDemo/Plugins/GameFeatures/ShooterMaps/Content/Meshes/Expanse/Mesh_A_2_C963E5.ubulk, pakchunk1-Windows, 216006656, 76244992, 2584, 789, 0x7bf8911a383af8692006346060f323a644bf50f5, BulkData, , pakchunk1, Windows, Base, Installed, 0, 76244992
810, 8d3689f0f69d484b00000002, 0x4B489DF6F089368D, , ../../../TPSGunsDemo/Plugins/GameFeatures/ShooterMaps/Content/Meshes/Expanse/Mesh_A_2_541EAC.ubulk, pakchunk1-Windows, 216072192, 76247040, 88964, 3915, 0xdb51d0a2cf0a5907fee918f54bee49b0f1da1e98, BulkData, , pakchunk1, Windows, Base, Installed, 0, 76247040
811, f4d5090a25e9113a00000002, 0x3A11E9250A09D5F4, , ../../../TPSGunsDemo/Plugins/GameFeatures/ShooterMaps/Content/Meshes/Expanse/Mesh_A_2_47675F.ubulk, pakchunk1-Windows, 216203264, 76251136, 176476, 1528, 0xc20e386e071f1441427bc2f8a39b9b501b3ebc48, BulkData, , pakchunk1, Windows, Base, Installed, 0, 76251136
812, 53b831650a6a90c100000002, 0xC1906A0A6531B853, , ../../../TPSGunsDemo/Plugins/GameFeatures/ShooterMaps/Content/Meshes/Expanse/Mesh_A_2_18CF0C.ubulk, pakchunk1-Windows, 216399872, 76253184, 90712, 2334, 0x77a628468de66a6ba7a36eedf3d005675da3ba55, BulkData, , pakchunk1, Windows, Base, Installed, 0, 76253184
813, 6fcfdbfa5c37919f00000002, 0x9F91375CFADBCF6F, , ../../../TPSGunsDemo/Plugins/GameFeatures/ShooterMaps/Content/Meshes/Expanse/Mesh_A_2_C1120D.ubulk, pakchunk1-Windows, 216530944, 76257280, 47668, 2432, 0xb160868e91205a8c06aaf5f1d6b83c269c4fdabb, BulkData, , pakchunk1, Windows, Base, Installed, 0, 76257280
814, 88621e42d0f80b3700000002, 0x370BF8D0421E6288, , ../../../TPSGunsDemo/Plugins/GameFeatures/ShooterMaps/Content/Meshes/Expanse/Mesh_A_2_0E6029.ubulk, pakchunk1-Windows, 216596480, 76261376, 19096, 4012, 0x352781f098d6780ed6d0b990cbb77e5a1306743f, BulkData, , pakchunk1, Windows, Base, Installed, 0, 76261376
815, 918f5cd73cb8713200000002, 0x3271B83CD75C8F91, , ../../../TPSGunsDemo/Plugins/GameFeatures/ShooterMaps/Content/Meshes/Expanse/Mesh_A_2_3F45BD.ubulk, pakchunk1-Windows, 216662016, 76265472, 137260, 1262, 0x8cda4398b994c8884e2b1e8028426a5337319351, BulkData, , pakchunk1, Windows, Base, Installed, 0, 76265472
816, 45b1ff694bb5222d00000002, 0x2D22B54B69FFB145, , ../../../TPSGunsDemo/Plugins/LyraExampleContent/Content/Megascans/Surfaces/Dirty_Painted_Concrete_Wall_vdqfcg3/T_DirtyPaintedConcreteWall_vdqfcg3_4K_ORDp.ubulk, pakchunk1-Windows, 216858624, 76267520, 696320, 156809, 0x8b64c474af07fa49c483e2333dcf66b47b797fef, BulkData, , pakchunk1, Windows, Base, Installed, 0, 76267520
817, 44a7ad8f19fca72b00000002, 0x2BA7FC198FADA744, , ../../../TPSGunsDemo/Plugins/GameFeatures/ShooterMaps/Content/Meshes/Expanse/Mesh_A_2_9940C7.ubulk, pakchunk1-Windows, 217579520, 76425216, 110168, 3728, 0x5bb86d46c0121cd4218a3bf8a9fd30dd0ff21572, BulkData, , pakchunk1, Windows, Base, Installed, 0, 76425216
818, cc85be6f6e79c82700000002, 0x27C8796E6FBE85CC, , ../../../TPSGunsDemo/Plugins/LyraExampleContent/Content/Materials/Textures/T_ReflectorHexagon_N.ubulk, pakchunk1-Windows, 217710592, 76429312, 16384, 1772, 0xafc76876dff178b4765821e181db09264a7ceb19, BulkData, , pakchunk1, Windows, Base, Installed, 0, 76429312
819, d03f16508977a72600000002, 0x26A7778950163FD0, , ../../../TPSGunsDemo/Plugins/GameFeatures/ShooterMaps/Content/Meshes/Expanse/Mesh_A_2_7AAD47.ubulk, pakchunk1-Windows, 217776128, 76431360, 40464, 1319, 0x27c5f9c1e3a8adf7263b704ed4c4ca42a13274d3, BulkData, , pakchunk1, Windows, Base, Installed, 0, 76431360
820, 51e12f039659efbe00000002, 0xBEEF5996032FE151, , ../../../TPSGunsDemo/Plugins/GameFeatures/ShooterMaps/Content/Meshes/Expanse/Mesh_A_2_040F71.ubulk, pakchunk1-Windows, 217841664, 76432688, 424, 424, 0x0110da03357ad06b221f66b297ebe50019c9cb6b, BulkData, , pakchunk1, Windows, Base, Installed, 0, 76432688
821, 93c1d5005b947ca300000002, 0xA37C945B00D5C193, , ../../../TPSGunsDemo/Plugins/GameFeatures/ShooterMaps/Content/Meshes/Expanse/Mesh_A_2_58DDD6.ubulk, pakchunk1-Windows, 217907200, 76433408, 32560, 1456, 0x396461d9dd8d9c01a57f51c6ce2e7dc22def6d85, BulkData, , pakchunk1, Windows, Base, Installed, 0, 76433408
822, 5828624676b5c98b00000002, 0x8BC9B57646622858, , ../../../TPSGunsDemo/Plugins/GameFeatures/ShooterMaps/Content/Meshes/Expanse/Mesh_A_2_C6565E.ubulk, pakchunk1-Windows, 217972736, 76435456, 15484, 2058, 0x8c67e7f1b1d6c8dce336234daa4ff961fea52bc7, BulkData, , pakchunk1, Windows, Base, Installed, 0, 76435456
823, 5a09fd38e44fd28a00000002, 0x8AD24FE438FD095A, , ../../../TPSGunsDemo/Plugins/GameFeatures/ShooterMaps/Content/Meshes/Expanse/Mesh_A_2_6475C0.ubulk, pakchunk1-Windows, 218038272, 76437520, 12388, 1958, 0xb892cb6df8c7dd814afe28becb3d015be27c91be, BulkData, , pakchunk1, Windows, Base, Installed, 0, 76437520
824, 2fecdbc8dcf8857700000002, 0x7785F8DCC8DBEC2F, , ../../../TPSGunsDemo/Plugins/GameFeatures/ShooterMaps/Content/Meshes/Expanse/Mesh_A_2_E97F0D.ubulk, pakchunk1-Windows, 218103808, 76439552, 132, 132, 0x10f1673af6eb491989bfb239de9196b83b3247ea, BulkData, , pakchunk1, Windows, Base, Installed, 0, 76439552
825, f0871e060099816800000002, 0x68819900061E87F0, , ../../../TPSGunsDemo/Plugins/GameFeatures/ShooterMaps/Content/Meshes/Expanse/Mesh_A_2_47DB7C.ubulk, pakchunk1-Windows, 218169344, 76441600, 16516, 2130, 0xfe2c96df4cf186f072f8eb7f1a0071bd83e647e0, BulkData, , pakchunk1, Windows, Base, Installed, 0, 76441600
826, a8bcd255a145336300000002, 0x633345A155D2BCA8, , ../../../TPSGunsDemo/Plugins/GameFeatures/ShooterMaps/Content/Meshes/Expanse/Mesh_A_2_E0939C.ubulk, pakchunk1-Windows, 218234880, 76443744, 9292, 764, 0x550949901ded0c7274a1ef3de32388581d90c533, BulkData, , pakchunk1, Windows, Base, Installed, 0, 76443744
827, 4538221d1610f12c00000002, 0x2CF110161D223845, , ../../../TPSGunsDemo/Plugins/GameFeatures/ShooterMaps/Content/Meshes/Expanse/Mesh_A_2_9AA9E2.ubulk, pakchunk1-Windows, 218300416, 76444512, 20644, 1160, 0x3a1fdbee18e845c2b821ce3be4f9d6cb6bd194a4, BulkData, , pakchunk1, Windows, Base, Installed, 0, 76444512
828, 3da1834ca8be472600000002, 0x2647BEA84C83A13D, , ../../../TPSGunsDemo/Plugins/GameFeatures/ShooterMaps/Content/Meshes/Expanse/Mesh_A_2_24B46A.ubulk, pakchunk1-Windows, 218365952, 76445696, 15484, 2028, 0xed5d78f27ca22f1b91dfc0b7d8a67e0359a37b07, BulkData, , pakchunk1, Windows, Base, Installed, 0, 76445696
829, 0fdfe3a38e1f072500000002, 0x25071F8EA3E3DF0F, , ../../../TPSGunsDemo/Plugins/GameFeatures/ShooterMaps/Content/Meshes/Expanse/Mesh_A_2_71F876.ubulk, pakchunk1-Windows, 218431488, 76447744, 31012, 1932, 0xdec658f95a1cf7ddba19f31fc198f289bf22fd8a, BulkData, , pakchunk1, Windows, Base, Installed, 0, 76447744
830, 88b75d3bca05431f00000002, 0x1F4305CA3B5DB788, , ../../../TPSGunsDemo/Plugins/LyraExampleContent/Content/Materials/Textures/T_Concrete_Diffuse.ubulk, pakchunk1-Windows, 218497024, 76449792, 2793472, 1462556, 0x802fdb9b2cff1c720f0439408443ddc885b954db, BulkData, , pakchunk1, Windows, Base, Installed, 0, 76449792
831, f0d6faf18af97aee00000002, 0xEE7AF98AF1FAD6F0, , ../../../TPSGunsDemo/Plugins/GameFeatures/ShooterMaps/Content/Meshes/Expanse/Mesh_A_2_AB2B07.ubulk, pakchunk1-Windows, 221315072, 77914112, 24796, 1652, 0x5965b93cb792dcc0e655894c9b8cc21d0ff8e0b1, BulkData, , pakchunk1, Windows, Base, Installed, 0, 77914112
832, a7b1e1d726cb3cee00000002, 0xEE3CCB26D7E1B1A7, , ../../../TPSGunsDemo/Plugins/GameFeatures/ShooterMaps/Content/Meshes/Expanse/Mesh_A_2_DEA3E4.ubulk, pakchunk1-Windows, 221380608, 77916160, 69512, 2338, 0x9c7790e91342e7545a01b207af98388a0cf39b11, BulkData, , pakchunk1, Windows, Base, Installed, 0, 77916160
833, 9224461cff43a99900000002, 0x99A943FF1C462492, , ../../../TPSGunsDemo/Plugins/GameFeatures/ShooterMaps/Content/Meshes/Expanse/Mesh_A_2_F2FEC3.ubulk, pakchunk1-Windows, 221511680, 77918528, 24796, 1652, 0x5965b93cb792dcc0e655894c9b8cc21d0ff8e0b1, BulkData, , pakchunk1, Windows, Base, Installed, 0, 77918528
834, 771dd459e6bc598500000002, 0x8559BCE659D41D77, , ../../../TPSGunsDemo/Plugins/GameFeatures/ShooterMaps/Content/Meshes/Expanse/Mesh_A_2_88BCCF.ubulk, pakchunk1-Windows, 221577216, 77920256, 30964, 1269, 0x18fde1f8463d2c500a702324963d51d322f00e2c, BulkData, , pakchunk1, Windows, Base, Installed, 0, 77920256
835, 6c46b42c14621e1c00000002, 0x1C1E62142CB4466C, , ../../../TPSGunsDemo/Plugins/GameFeatures/ShooterMaps/Content/Meshes/Expanse/Mesh_A_2_F7BB75.ubulk, pakchunk1-Windows, 221642752, 77922304, 74404, 3416, 0xdb358278afe26932ddfa095d3629e08029698494, BulkData, , pakchunk1, Windows, Base, Installed, 0, 77922304
836, 1889281ef5e65fe400000002, 0xE45FE6F51E288918, , ../../../TPSGunsDemo/Plugins/GameFeatures/ShooterMaps/Content/Meshes/Expanse/Mesh_A_2_75A17D.ubulk, pakchunk1-Windows, 221773824, 77926400, 108504, 3295, 0xe2fd87babfc302264f74a0de4d6392be23c7aaba, BulkData, , pakchunk1, Windows, Base, Installed, 0, 77926400
837, f71dee29781dabdb00000002, 0xDBAB1D7829EE1DF7, , ../../../TPSGunsDemo/Plugins/GameFeatures/ShooterMaps/Content/Meshes/Expanse/Mesh_A_2_62EDBC.ubulk, pakchunk1-Windows, 221904896, 77930496, 191576, 3852, 0x233b597c80a4c91dccde22dfd4b7cf1727f0a423, BulkData, , pakchunk1, Windows, Base, Installed, 0, 77930496
838, 44e332b3667134c100000002, 0xC1347166B332E344, , ../../../TPSGunsDemo/Plugins/GameFeatures/ShooterMaps/Content/Meshes/Expanse/Mesh_A_2_86B8FC.ubulk, pakchunk1-Windows, 222101504, 77934592, 135408, 3361, 0x2cf365d56e7c1568a3798b25878ff9791dd8eeb3, BulkData, , pakchunk1, Windows, Base, Installed, 0, 77934592
839, 9be3e4e2534c24b900000002, 0xB9244C53E2E4E39B, , ../../../TPSGunsDemo/Plugins/GameFeatures/ShooterMaps/Content/Meshes/Expanse/Mesh_A_2_1A1A13.ubulk, pakchunk1-Windows, 222298112, 77938688, 79960, 1861, 0xa21fffb84a26e0583281bcd8e701cdd99c7eea7c, BulkData, , pakchunk1, Windows, Base, Installed, 0, 77938688
840, 9d9de1e8448029a400000002, 0xA4298044E8E19D9D, , ../../../TPSGunsDemo/Plugins/GameFeatures/ShooterMaps/Content/Meshes/Expanse/Mesh_A_2_D725FD.ubulk, pakchunk1-Windows, 222429184, 77940736, 106152, 2959, 0x883d25432868e94041c68f29eaf74e98278413ba, BulkData, , pakchunk1, Windows, Base, Installed, 0, 77940736
841, 4848a671ca18638e00000002, 0x8E6318CA71A64848, , ../../../TPSGunsDemo/Plugins/GameFeatures/ShooterMaps/Content/Meshes/Expanse/Mesh_A_2_518C36.ubulk, pakchunk1-Windows, 222560256, 77944832, 106816, 1480, 0x96758d1c056a20c555a9e185001751afe5997d71, BulkData, , pakchunk1, Windows, Base, Installed, 0, 77944832
842, 06b50ef2d71d016400000002, 0x64011DD7F20EB506, , ../../../TPSGunsDemo/Plugins/GameFeatures/ShooterMaps/Content/Meshes/Expanse/Mesh_A_2_57FA6B.ubulk, pakchunk1-Windows, 222691328, 77946880, 71488, 2987, 0x062363de048277dd0f0475156c319715a952b279, BulkData, , pakchunk1, Windows, Base, Installed, 0, 77946880
843, 3f4a98db7eaf325200000002, 0x5232AF7EDB984A3F, , ../../../TPSGunsDemo/Plugins/GameFeatures/ShooterMaps/Content/Meshes/Expanse/Mesh_A_2_9CD27F.ubulk, pakchunk1-Windows, 222822400, 77950976, 61016, 1395, 0x316b01140b9101dc7dd330e54df5a8a7c9721b57, BulkData, , pakchunk1, Windows, Base, Installed, 0, 77950976
844, 81cff4f4a770114f00000002, 0x4F1170A7F4F4CF81, , ../../../TPSGunsDemo/Plugins/GameFeatures/ShooterMaps/Content/Meshes/Expanse/Mesh_A_2_C2CE57.ubulk, pakchunk1-Windows, 222887936, 77953024, 341940, 21526, 0x46ab8f7689a0f13a150eab04b27b967ad4b91fb6, BulkData, , pakchunk1, Windows, Base, Installed, 0, 77953024
845, 3a0403b31d74833400000002, 0x3483741DB303043A, , ../../../TPSGunsDemo/Plugins/GameFeatures/ShooterMaps/Content/Meshes/Expanse/Mesh_A_2_A98BBB.ubulk, pakchunk1-Windows, 223281152, 77975552, 73791, 4886, 0x69159cd35209689b5a2bdf0935d8ffd7425f5dc3, BulkData, , pakchunk1, Windows, Base, Installed, 0, 77975552
846, f7271f1257c4642400000002, 0x2464C457121F27F7, , ../../../TPSGunsDemo/Plugins/GameFeatures/ShooterMaps/Content/Meshes/Expanse/Mesh_A_2_B94F97.ubulk, pakchunk1-Windows, 223412224, 77981696, 162544, 1654, 0x759540a15d906134e20dfea9666abc028a5983b7, BulkData, , pakchunk1, Windows, Base, Installed, 0, 77981696
847, caae2b4dfe72870d00000002, 0xD8772FE4D2BAECA, , ../../../TPSGunsDemo/Plugins/GameFeatures/ShooterMaps/Content/Meshes/Expanse/Mesh_A_2_9C9CCA.ubulk, pakchunk1-Windows, 223608832, 77983744, 10324, 843, 0xa155a1e725d1f84a1a38db57b72dc03e4a72ee76, BulkData, , pakchunk1, Windows, Base, Installed, 0, 77983744
848, 38397707a900b6e800000002, 0xE8B600A907773938, , ../../../TPSGunsDemo/Plugins/GameFeatures/ShooterMaps/Content/Meshes/Expanse/Mesh_A_2_CD4CE4.ubulk, pakchunk1-Windows, 223674368, 77985792, 155320, 3895, 0x521fb3063939c3487588123fff98885db3e24e40, BulkData, , pakchunk1, Windows, Base, Installed, 0, 77985792
849, ee6b44f2680472cc00000002, 0xCC720468F2446BEE, , ../../../TPSGunsDemo/Plugins/GameFeatures/ShooterMaps/Content/Meshes/Expanse/Mesh_A_2_5D2634.ubulk, pakchunk1-Windows, 223870976, 77989888, 1552, 539, 0xa0caa1309cf589c05f5f437d04b96c23d2bfca36, BulkData, , pakchunk1, Windows, Base, Installed, 0, 77989888
850, ce28bb1f486f63c300000002, 0xC3636F481FBB28CE, , ../../../TPSGunsDemo/Plugins/GameFeatures/ShooterMaps/Content/Meshes/Expanse/Mesh_A_2_FD27FC.ubulk, pakchunk1-Windows, 223936512, 77990432, 15484, 1108, 0x2ec265eb84cd8f57607722795260aa8affcaf0ac, BulkData, , pakchunk1, Windows, Base, Installed, 0, 77990432
851, 8c1eca53c896e3d900000002, 0xD9E396C853CA1E8C, , ../../../TPSGunsDemo/Plugins/GameFeatures/ShooterMaps/Content/Meshes/Expanse/Mesh_A_2_CED0F7.ubulk, pakchunk1-Windows, 224002048, 77991936, 619960, 17618, 0xacfbb9e0058f2d772b7788a6f6bf28b9529f333d, BulkData, , pakchunk1, Windows, Base, Installed, 0, 77991936
852, 13fbe9fda23735f100000002, 0xF13537A2FDE9FB13, , ../../../TPSGunsDemo/Plugins/GameFeatures/ShooterMaps/Content/Meshes/Expanse/Mesh_A_2_CCF258.ubulk, pakchunk1-Windows, 224657408, 78010368, 60376, 1536, 0xe908cf92028b60f7d0b81dc9e05532f1b9ced80f, BulkData, , pakchunk1, Windows, Base, Installed, 0, 78010368
853, b070ad6ecf229c6e00000002, 0x6E9C22CF6EAD70B0, , ../../../TPSGunsDemo/Plugins/GameFeatures/ShooterMaps/Content/Meshes/Expanse/Mesh_A_2_6C9462.ubulk, pakchunk1-Windows, 224722944, 78012416, 69664, 1434, 0xd552b6758bf410c747587300ae171b7141667dba, BulkData, , pakchunk1, Windows, Base, Installed, 0, 78012416
854, 239a38008d26606700000002, 0x6760268D00389A23, , ../../../TPSGunsDemo/Plugins/GameFeatures/ShooterMaps/Content/Meshes/Expanse/Mesh_A_2_B451E3.ubulk, pakchunk1-Windows, 224854016, 78014464, 72244, 2446, 0x2902f14dedbed405f66135fb97ecd3404239127b, BulkData, , pakchunk1, Windows, Base, Installed, 0, 78014464
855, 6521d9d53036feff00000002, 0xFFFE3630D5D92165, , ../../../TPSGunsDemo/Plugins/GameFeatures/ShooterMaps/Content/Meshes/Expanse/Mesh_A_2_FD9682.ubulk, pakchunk1-Windows, 224985088, 78018560, 330819, 87530, 0x4af8f2b8dcdf6907b6e6ef021042ce5dfe97ed6c, BulkData, , pakchunk1, Windows, Base, Installed, 0, 78018560
856, ee5a537ecbc1667100000002, 0x7166C1CB7E535AEE, , ../../../TPSGunsDemo/Plugins/GameFeatures/ShooterMaps/Content/Meshes/Expanse/Mesh_A_2_6150F1.ubulk, pakchunk1-Windows, 225378304, 78106624, 94025, 21552, 0xb014a29da6ed59b8e99d71a2197619b6180a06a3, BulkData, , pakchunk1, Windows, Base, Installed, 0, 78106624
857, b4eb58f5fe61c36700000002, 0x67C361FEF558EBB4, , ../../../TPSGunsDemo/Plugins/GameFeatures/ShooterMaps/Content/Meshes/Expanse/Mesh_A_2_AEB1AF.ubulk, pakchunk1-Windows, 225509376, 78129152, 431820, 12998, 0x7433d8de7f6cd404cdaf7b711c8f4737b691fbcb, BulkData, , pakchunk1, Windows, Base, Installed, 0, 78129152
858, bb58edf08e8095eb00000002, 0xEB95808EF0ED58BB, , ../../../TPSGunsDemo/Plugins/GameFeatures/ShooterMaps/Content/Meshes/Expanse/Mesh_A_2_FABDB7.ubulk, pakchunk1-Windows, 225968128, 78142208, 1036, 255, 0x1a055d9fb4d25a21a93908a1a4cc41544457269e, BulkData, , pakchunk1, Windows, Base, Installed, 0, 78142208
859, 9f34b788ea93a3e100000002, 0xE1A393EA88B7349F, , ../../../TPSGunsDemo/Plugins/GameFeatures/ShooterMaps/Content/Meshes/Expanse/Mesh_A_2_90A919.ubulk, pakchunk1-Windows, 226033664, 78143488, 148056, 3209, 0x6494cd5a36fa59fd70f4564793d3876eeac5657b, BulkData, , pakchunk1, Windows, Base, Installed, 0, 78143488
860, 6ee6d7403a3633e100000002, 0xE133363A40D7E66E, , ../../../TPSGunsDemo/Plugins/GameFeatures/ShooterMaps/Content/Meshes/Expanse/Mesh_A_2_25F7B2.ubulk, pakchunk1-Windows, 226230272, 78147584, 60996, 2653, 0x1e747751bef576d1ca69ea92cec65b6ad19bca5c, BulkData, , pakchunk1, Windows, Base, Installed, 0, 78147584
861, 5de407b0d5176cd700000002, 0xD76C17D5B007E45D, , ../../../TPSGunsDemo/Plugins/GameFeatures/ShooterMaps/Content/Meshes/Expanse/Mesh_A_2_544E9B.ubulk, pakchunk1-Windows, 226295808, 78151680, 74404, 3747, 0xbd086efd9fe60536ebebd13ac42dceda28f5da94, BulkData, , pakchunk1, Windows, Base, Installed, 0, 78151680
862, 54e5bd0650096bc600000002, 0xC66B095006BDE554, , ../../../TPSGunsDemo/Plugins/GameFeatures/ShooterMaps/Content/Meshes/Expanse/Mesh_A_2_0B5F2E.ubulk, pakchunk1-Windows, 226426880, 78155776, 215912, 5729, 0x2ae4bd23cf885d4674f64ae7f2b0a0d4ad6af1a6, BulkData, , pakchunk1, Windows, Base, Installed, 0, 78155776
863, d05e55df7fcabbc000000002, 0xC0BBCA7FDF555ED0, , ../../../TPSGunsDemo/Plugins/GameFeatures/ShooterMaps/Content/Meshes/Expanse/Mesh_A_2_31388C.ubulk, pakchunk1-Windows, 226689024, 78161920, 174116, 4962, 0xee3ed5752afa667e71b374a5975bf6d4e2a0674f, BulkData, , pakchunk1, Windows, Base, Installed, 0, 78161920
864, a9365e9e17cc18a700000002, 0xA718CC179E5E36A9, , ../../../TPSGunsDemo/Plugins/GameFeatures/ShooterMaps/Content/Meshes/Expanse/Mesh_A_2_3B823E.ubulk, pakchunk1-Windows, 226885632, 78168064, 121432, 2712, 0x5c39f4fa7e994b7cfb2d460ef4c9f1aec187f93a, BulkData, , pakchunk1, Windows, Base, Installed, 0, 78168064
865, a7ec022ce9b0fd9c00000002, 0x9CFDB0E92C02ECA7, , ../../../TPSGunsDemo/Plugins/GameFeatures/ShooterMaps/Content/Meshes/Expanse/Mesh_A_2_6533F5.ubulk, pakchunk1-Windows, 227016704, 78170784, 2584, 693, 0xb5b4f46fbeb38148ed6c491c917597c85862b1c1, BulkData, , pakchunk1, Windows, Base, Installed, 0, 78170784
866, 9f8d8a10b0a1ac9700000002, 0x97ACA1B0108A8D9F, , ../../../TPSGunsDemo/Plugins/GameFeatures/ShooterMaps/Content/Meshes/Expanse/Mesh_A_2_BC948F.ubulk, pakchunk1-Windows, 227082240, 78172160, 71212, 2360, 0xf22ad0bc0dbb7163494ce2f7ee722a38f9dfa813, BulkData, , pakchunk1, Windows, Base, Installed, 0, 78172160
867, db2d51491089804300000002, 0x4380891049512DDB, , ../../../TPSGunsDemo/Plugins/GameFeatures/ShooterMaps/Content/Meshes/Expanse/Mesh_A_2_ADBD2B.ubulk, pakchunk1-Windows, 227213312, 78176256, 131160, 3713, 0x985e8744360172f029755fd5b287d65ce60bb9ca, BulkData, , pakchunk1, Windows, Base, Installed, 0, 78176256
868, e7dae19b48bb602d00000002, 0x2D60BB489BE1DAE7, , ../../../TPSGunsDemo/Plugins/GameFeatures/ShooterMaps/Content/Meshes/Expanse/Mesh_A_2_300D10.ubulk, pakchunk1-Windows, 227409920, 78180352, 69208, 2472, 0x8353264287f4379392ccce72415d2e0ddac85d82, BulkData, , pakchunk1, Windows, Base, Installed, 0, 78180352
869, f7b4bfd55c69921c00000002, 0x1C92695CD5BFB4F7, , ../../../TPSGunsDemo/Plugins/GameFeatures/ShooterMaps/Content/Meshes/Expanse/Mesh_A_2_6EC5BE.ubulk, pakchunk1-Windows, 227540992, 78184448, 18580, 1981, 0x3eab84a49ab3037eff5beffd7befd114e11a74df, BulkData, , pakchunk1, Windows, Base, Installed, 0, 78184448
870, f8924e1e6f07840f00000002, 0xF84076F1E4E92F8, , ../../../TPSGunsDemo/Plugins/GameFeatures/ShooterMaps/Content/Meshes/Expanse/Mesh_A_2_BB5906.ubulk, pakchunk1-Windows, 227606528, 78186496, 122456, 2805, 0x95a695225db8dbfa281de50b2834fbce4677460f, BulkData, , pakchunk1, Windows, Base, Installed, 0, 78186496
871, d29389138ad16cff00000002, 0xFF6CD18A138993D2, , ../../../TPSGunsDemo/Plugins/GameFeatures/ShooterMaps/Content/Meshes/Expanse/Mesh_A_2_1EE512.ubulk, pakchunk1-Windows, 227737600, 78190592, 235698, 13901, 0x51f78dd88a74cd593481bb6cbdcf6f5adcffc727, BulkData, , pakchunk1, Windows, Base, Installed, 0, 78190592
872, b04feda45ce978fa00000002, 0xFA78E95CA4ED4FB0, , ../../../TPSGunsDemo/Plugins/GameFeatures/ShooterMaps/Content/Meshes/Expanse/Mesh_A_2_16ABA8.ubulk, pakchunk1-Windows, 227999744, 78204928, 176548, 5408, 0x25f7ee78a26e9a3f83fe4b2e7e9247029b021e0f, BulkData, , pakchunk1, Windows, Base, Installed, 0, 78204928
873, d67f9cd456d796f400000002, 0xF496D756D49C7FD6, , ../../../TPSGunsDemo/Plugins/GameFeatures/ShooterMaps/Content/Meshes/Expanse/Mesh_A_2_CB38AF.ubulk, pakchunk1-Windows, 228196352, 78211072, 37156, 816, 0x6e0a9323ed9293617ee041cd010d4c3516fefd70, BulkData, , pakchunk1, Windows, Base, Installed, 0, 78211072
874, d8ba794d47badff200000002, 0xF2DFBA474D79BAD8, , ../../../TPSGunsDemo/Plugins/GameFeatures/ShooterMaps/Content/Meshes/Expanse/Mesh_A_2_C33CFB.ubulk, pakchunk1-Windows, 228261888, 78213120, 93272, 2128, 0x17944ed5c8bc92becc06daf210915fa9a31f0c3c, BulkData, , pakchunk1, Windows, Base, Installed, 0, 78213120
875, 37ab6b9767382ff200000002, 0xF22F3867976BAB37, , ../../../TPSGunsDemo/Plugins/GameFeatures/ShooterMaps/Content/Meshes/Expanse_Blockout/RampA_084DE2.ubulk, pakchunk1-Windows, 228392960, 78217216, 509280, 52302, 0x27dcbc333164cdf8ac796d66a72d1a74208a0b29, BulkData, , pakchunk1, Windows, Base, Installed, 0, 78217216
876, d2299199e5b5eaee00000002, 0xEEEAB5E5999129D2, , ../../../TPSGunsDemo/Plugins/GameFeatures/ShooterMaps/Content/Meshes/Expanse/Mesh_A_2_5028E3.ubulk, pakchunk1-Windows, 228917248, 78270464, 10324, 1737, 0x2ad7cbb1f9fe7d0c104376b4bc9bcecc7ca7923a, BulkData, , pakchunk1, Windows, Base, Installed, 0, 78270464
877, ffeab77767cde2ea00000002, 0xEAE2CD6777B7EAFF, , ../../../TPSGunsDemo/Plugins/GameFeatures/ShooterMaps/Content/Meshes/Expanse/Mesh_A_2_0F7966.ubulk, pakchunk1-Windows, 228982784, 78272512, 431820, 10138, 0xa7efbc78d20641e09ef70119da4a2ffcf180cb5f, BulkData, , pakchunk1, Windows, Base, Installed, 0, 78272512
878, 538688996548c0e900000002, 0xE9C0486599888653, , ../../../TPSGunsDemo/Plugins/GameFeatures/ShooterMaps/Content/Meshes/Expanse/Mesh_A_2_75A15E.ubulk, pakchunk1-Windows, 229441536, 78282752, 320888, 18731, 0xb11e3a17e87f843d087a9f4fcc889cab50b548f7, BulkData, , pakchunk1, Windows, Base, Installed, 0, 78282752
879, 782112cb3790b6e400000002, 0xE4B69037CB122178, , ../../../TPSGunsDemo/Plugins/GameFeatures/ShooterMaps/Content/Meshes/Expanse/Mesh_A_2_4B5953.ubulk, pakchunk1-Windows, 229769216, 78303232, 51778, 13543, 0xd62a1358c16297244c30bca9ced57dbab9e6d61b, BulkData, , pakchunk1, Windows, Base, Installed, 0, 78303232
880, 72eb1e0ded22a3e300000002, 0xE3A322ED0D1EEB72, , ../../../TPSGunsDemo/Plugins/GameFeatures/ShooterMaps/Content/Meshes/Expanse/Mesh_A_2_390AC5.ubulk, pakchunk1-Windows, 229834752, 78317568, 94268, 2935, 0x7c89bd52af24997e43488360dd440550c2f38f95, BulkData, , pakchunk1, Windows, Base, Installed, 0, 78317568
881, f7b159b6efb989e200000002, 0xE289B9EFB659B1F7, , ../../../TPSGunsDemo/Plugins/GameFeatures/ShooterMaps/Content/Meshes/Expanse/Mesh_A_2_D99A95.ubulk, pakchunk1-Windows, 229965824, 78321664, 161368, 3837, 0x295d2f62402beae5391b28496723b0e27c2f5f54, BulkData, , pakchunk1, Windows, Base, Installed, 0, 78321664
882, 9b8b1e5ce06cb4e000000002, 0xE0B46CE05C1E8B9B, , ../../../TPSGunsDemo/Plugins/GameFeatures/ShooterMaps/Content/Meshes/Expanse/Mesh_A_2_F81362.ubulk, pakchunk1-Windows, 230162432, 78325760, 80906, 5174, 0xcd53f69426d837480f37ec7b03da4c87696ded34, BulkData, , pakchunk1, Windows, Base, Installed, 0, 78325760
883, 8606de55938a01de00000002, 0xDE018A9355DE0686, , ../../../TPSGunsDemo/Plugins/GameFeatures/ShooterMaps/Content/Meshes/Expanse/Mesh_A_2_16E57E.ubulk, pakchunk1-Windows, 230293504, 78331904, 63532, 21471, 0x8b65186a6bc47b5e89ef953f6cfbebf7676916f7, BulkData, , pakchunk1, Windows, Base, Installed, 0, 78331904
884, c73268b2e36236db00000002, 0xDB3662E3B26832C7, , ../../../TPSGunsDemo/Plugins/GameFeatures/ShooterMaps/Content/Meshes/Expanse/Mesh_A_2_00B92E.ubulk, pakchunk1-Windows, 230359040, 78354432, 1291456, 13396, 0x1a4c9aa278ff1d4e4554c395831fd7923adab5e2, BulkData, , pakchunk1, Windows, Base, Installed, 0, 78354432
885, 9133c33f08bc45da00000002, 0xDA45BC083FC33391, , ../../../TPSGunsDemo/Plugins/GameFeatures/ShooterMaps/Content/Meshes/Expanse/Mesh_A_2_57D463.ubulk, pakchunk1-Windows, 231669760, 78368768, 1495277, 58897, 0xee780a0adc858e7bf098037a6e65aeded32e3207, BulkData, , pakchunk1, Windows, Base, Installed, 0, 78368768
886, ad7c7e1bc0d0e6d800000002, 0xD8E6D0C01B7E7CAD, , ../../../TPSGunsDemo/Plugins/GameFeatures/ShooterMaps/Content/Meshes/Expanse_Blockout/WallG_12E713.ubulk, pakchunk1-Windows, 233177088, 78428160, 1538224, 20002, 0x9ebf52b992d3fadb2d39ebfc6eeeed80534ed7e8, BulkData, , pakchunk1, Windows, Base, Installed, 0, 78428160
887, 9a5c80681725e3ca00000002, 0xCAE3251768805C9A, , ../../../TPSGunsDemo/Plugins/GameFeatures/ShooterMaps/Content/Meshes/Expanse/Mesh_A_2_46A34E.ubulk, pakchunk1-Windows, 234749952, 78448640, 125392, 2526, 0x7c06e20d061ff2be36033c8ccb27c3bc57c7e641, BulkData, , pakchunk1, Windows, Base, Installed, 0, 78448640
888, 8ef1ad77de40cdca00000002, 0xCACD40DE77ADF18E, , ../../../TPSGunsDemo/Plugins/GameFeatures/ShooterMaps/Content/Meshes/Expanse/Mesh_A_2_ED9231.ubulk, pakchunk1-Windows, 234881024, 78452736, 148246, 14125, 0xd4929da17e5f8cf2b6d87e23f5013effcd9051af, BulkData, , pakchunk1, Windows, Base, Installed, 0, 78452736
889, 4920ca954f3859c800000002, 0xC859384F95CA2049, , ../../../TPSGunsDemo/Plugins/GameFeatures/ShooterMaps/Content/Meshes/Expanse/Mesh_A_2_E2B5F0.ubulk, pakchunk1-Windows, 235077632, 78467072, 1480596, 22992, 0xd74f3821d9f55933071b2f2bb3fa52c71a96032c, BulkData, , pakchunk1, Windows, Base, Installed, 0, 78467072
890, 6546a89c97af61c500000002, 0xC561AF979CA84665, , ../../../TPSGunsDemo/Plugins/GameFeatures/ShooterMaps/Content/Meshes/Expanse/Mesh_A_2_5A3D39.ubulk, pakchunk1-Windows, 236584960, 78491648, 85336, 4623, 0x0ac4ceda43981a93ee57f7eab26586c172d59e89, BulkData, , pakchunk1, Windows, Base, Installed, 0, 78491648
891, bb59af45b785cbc400000002, 0xC4CB85B745AF59BB, , ../../../TPSGunsDemo/Plugins/GameFeatures/ShooterMaps/Content/Meshes/Expanse/Mesh_A_2_28DD2C.ubulk, pakchunk1-Windows, 236716032, 78497792, 199696, 3474, 0xed4ca59961ace7436f24d5a258be63230c5cb21a, BulkData, , pakchunk1, Windows, Base, Installed, 0, 78497792
892, 189ddc7971310fc300000002, 0xC30F317179DC9D18, , ../../../TPSGunsDemo/Plugins/GameFeatures/ShooterMaps/Content/Meshes/Expanse/Mesh_A_2_5C9C02.ubulk, pakchunk1-Windows, 236978176, 78501888, 74524, 5080, 0x2ef4d57a4cc434616b97a4087b5dc9aefc6f03bc, BulkData, , pakchunk1, Windows, Base, Installed, 0, 78501888
893, b36c7f69c3ce75c100000002, 0xC175CEC3697F6CB3, , ../../../TPSGunsDemo/Plugins/GameFeatures/ShooterMaps/Content/Meshes/Expanse/Mesh_A_2_967D3A.ubulk, pakchunk1-Windows, 237109248, 78508032, 30964, 1297, 0x98156a0c7f1a56a29e7c68dfffb6d99caf9ea8f2, BulkData, , pakchunk1, Windows, Base, Installed, 0, 78508032
894, 2df7b8d59ba98fc000000002, 0xC08FA99BD5B8F72D, , ../../../TPSGunsDemo/Plugins/GameFeatures/ShooterMaps/Content/Meshes/Expanse/Mesh_A_2_F46025.ubulk, pakchunk1-Windows, 237174784, 78510080, 165976, 2909, 0x19ccfb609d15f95a65b6f62cdb619ee9d8f6c9d9, BulkData, , pakchunk1, Windows, Base, Installed, 0, 78510080
895, f7e176828b76c5ba00000002, 0xBAC5768B8276E1F7, , ../../../TPSGunsDemo/Plugins/GameFeatures/ShooterMaps/Content/Meshes/Expanse/Mesh_A_2_B61E45.ubulk, pakchunk1-Windows, 237371392, 78513008, 116104, 944, 0x46c8a221576c342338c235c5426b6e7a536ec196, BulkData, , pakchunk1, Windows, Base, Installed, 0, 78513008
896, 0ce86c75356c89b900000002, 0xB9896C35756CE80C, , ../../../TPSGunsDemo/Plugins/GameFeatures/ShooterMaps/Content/Meshes/Expanse/Mesh_A_2_6D8992.ubulk, pakchunk1-Windows, 237502464, 78514176, 253244, 7552, 0x58ce70b4f1f5c47c441bda2575fad77d5a3d2658, BulkData, , pakchunk1, Windows, Base, Installed, 0, 78514176
897, 843577da9ed587b900000002, 0xB987D59EDA773584, , ../../../TPSGunsDemo/Plugins/GameFeatures/ShooterMaps/Content/Meshes/Expanse/Mesh_A_2_64C304.ubulk, pakchunk1-Windows, 237764608, 78522368, 171608, 2706, 0xdc662afb35e400a55e8d838a0791073ef1d62546, BulkData, , pakchunk1, Windows, Base, Installed, 0, 78522368
898, 6155db6736a908ae00000002, 0xAE08A93667DB5561, , ../../../TPSGunsDemo/Plugins/GameFeatures/ShooterMaps/Content/Meshes/Expanse/Mesh_A_2_12F2EB.ubulk, pakchunk1-Windows, 237961216, 78526464, 135408, 3330, 0x0195a07177444dbce5c82b5d15c310418c49f8e0, BulkData, , pakchunk1, Windows, Base, Installed, 0, 78526464
899, da7b7aa5bbc13eab00000002, 0xAB3EC1BBA57A7BDA, , ../../../TPSGunsDemo/Plugins/GameFeatures/ShooterMaps/Content/Meshes/Expanse/Mesh_A_2_CA7E79.ubulk, pakchunk1-Windows, 238157824, 78530560, 1012708, 22895, 0x0d31aff9b5429d308b2724c549022cfe3420670b, BulkData, , pakchunk1, Windows, Base, Installed, 0, 78530560
900, 8efd6582bbc3efaa00000002, 0xAAEFC3BB8265FD8E, , ../../../TPSGunsDemo/Plugins/GameFeatures/ShooterMaps/Content/Meshes/Expanse/Mesh_A_2_565B55.ubulk, pakchunk1-Windows, 239206400, 78555136, 199916, 41002, 0x7f01d2904a10d4f272bb15a58ddb1e18a0fce5f4, BulkData, , pakchunk1, Windows, Base, Installed, 0, 78555136
901, d66275b862282daa00000002, 0xAA2D2862B87562D6, , ../../../TPSGunsDemo/Plugins/GameFeatures/ShooterMaps/Content/Meshes/Expanse/Mesh_A_2_76B214.ubulk, pakchunk1-Windows, 239468544, 78598144, 376168, 6642, 0x4ff277db72ef8e37db0b3c2de69051216dcb8179, BulkData, , pakchunk1, Windows, Base, Installed, 0, 78598144
902, 497ab13365e226a600000002, 0xA626E26533B17A49, , ../../../TPSGunsDemo/Plugins/GameFeatures/ShooterMaps/Content/Meshes/Expanse/Mesh_A_2_0F799A.ubulk, pakchunk1-Windows, 239861760, 78606336, 162544, 3423, 0x9e49ee36fe7f8c3206f6779e779ac1fa50294f85, BulkData, , pakchunk1, Windows, Base, Installed, 0, 78606336
903, d3b02670cd8d86a100000002, 0xA1868DCD7026B0D3, , ../../../TPSGunsDemo/Plugins/GameFeatures/ShooterMaps/Content/Meshes/Expanse/Mesh_A_2_40429E.ubulk, pakchunk1-Windows, 240058368, 78610432, 333797, 38549, 0x6b2961ae9e99ef5d24f7fa4f00822a014c07e695, BulkData, , pakchunk1, Windows, Base, Installed, 0, 78610432
904, 55b6e10a1522819c00000002, 0x9C8122150AE1B655, , ../../../TPSGunsDemo/Plugins/GameFeatures/ShooterMaps/Content/Meshes/Expanse/Mesh_A_2_B12CED.ubulk, pakchunk1-Windows, 240451584, 78649344, 53244, 3900, 0xf4ebc459447328e397a3d40282bdef98f80f7d87, BulkData, , pakchunk1, Windows, Base, Installed, 0, 78649344
905, 94896fa64393f19600000002, 0x96F19343A66F8994, , ../../../TPSGunsDemo/Plugins/GameFeatures/ShooterMaps/Content/Meshes/Expanse/Mesh_A_2_3F085E.ubulk, pakchunk1-Windows, 240517120, 78653440, 116104, 1738, 0xcf8032a5e74b0afa0f6a16ae69a7482d8179fdf0, BulkData, , pakchunk1, Windows, Base, Installed, 0, 78653440
906, ab13b92eb7898d9500000002, 0x958D89B72EB913AB, , ../../../TPSGunsDemo/Plugins/GameFeatures/ShooterMaps/Content/Meshes/Expanse/Mesh_A_2_1ECB09.ubulk, pakchunk1-Windows, 240648192, 78655488, 91090, 15692, 0x35459ee48d0dc48d8a91779fc41927f09a03f3a7, BulkData, , pakchunk1, Windows, Base, Installed, 0, 78655488
907, 4c923446a864b79400000002, 0x94B764A84634924C, , ../../../TPSGunsDemo/Plugins/GameFeatures/ShooterMaps/Content/Meshes/Expanse/Mesh_A_2_A7D0BC.ubulk, pakchunk1-Windows, 240779264, 78671872, 130036, 3764, 0xdf51edaafd1c90f7ff2030bda2ac16d2b6e99853, BulkData, , pakchunk1, Windows, Base, Installed, 0, 78671872
908, 35e6c2a480f0f08c00000002, 0x8CF0F080A4C2E635, , ../../../TPSGunsDemo/Plugins/GameFeatures/ShooterMaps/Content/Meshes/Expanse/Mesh_A_2_A522DA.ubulk, pakchunk1-Windows, 240910336, 78675968, 801024, 30634, 0xe11d0414e738f17ca2c34664e4110bfabb52512e, BulkData, , pakchunk1, Windows, Base, Installed, 0, 78675968
909, 615bd898bfd7278900000002, 0x8927D7BF98D85B61, , ../../../TPSGunsDemo/Plugins/GameFeatures/ShooterMaps/Content/Meshes/Expanse/Mesh_A_2_BBFF8B.ubulk, pakchunk1-Windows, 241762304, 78706688, 208984, 1706, 0x6f3530b66c2f656e1d8d601912efcfd594f6d969, BulkData, , pakchunk1, Windows, Base, Installed, 0, 78706688
910, 4a6c56dbee97f28100000002, 0x81F297EEDB566C4A, , ../../../TPSGunsDemo/Plugins/GameFeatures/ShooterMaps/Content/Meshes/Expanse/Mesh_A_2_300F08.ubulk, pakchunk1-Windows, 242024448, 78708736, 900657, 32154, 0x36471269ff0f0208aceecd46837ccd12e97a0802, BulkData, , pakchunk1, Windows, Base, Installed, 0, 78708736
911, ea470bda2e3e2d7d00000002, 0x7D2D3E2EDA0B47EA, , ../../../TPSGunsDemo/Plugins/GameFeatures/ShooterMaps/Content/Meshes/Expanse/Mesh_A_2_1A257F.ubulk, pakchunk1-Windows, 242941952, 78741504, 138794, 5768, 0xaa6110be250998a40748315a41bce1edeb286805, BulkData, , pakchunk1, Windows, Base, Installed, 0, 78741504
912, eeabdc4ae684fd7900000002, 0x79FD84E64ADCABEE, , ../../../TPSGunsDemo/Plugins/GameFeatures/ShooterMaps/Content/Meshes/Expanse/Mesh_A_2_3A9D55.ubulk, pakchunk1-Windows, 243138560, 78747648, 452995, 26741, 0x8fe0fac2c68df32d1494977e257baa711545f08b, BulkData, , pakchunk1, Windows, Base, Installed, 0, 78747648
913, cda0c7c90e556b7900000002, 0x796B550EC9C7A0CD, , ../../../TPSGunsDemo/Plugins/GameFeatures/ShooterMaps/Content/Meshes/Expanse/Mesh_A_2_1016B8.ubulk, pakchunk1-Windows, 243597312, 78776320, 176476, 2433, 0x349d810fe6881bfe1de91ce3d6370e00446729cb, BulkData, , pakchunk1, Windows, Base, Installed, 0, 78776320
914, 80fcb9b6652f577600000002, 0x76572F65B6B9FC80, , ../../../TPSGunsDemo/Plugins/GameFeatures/ShooterMaps/Content/Meshes/Expanse/Mesh_A_2_EE7365.ubulk, pakchunk1-Windows, 243793920, 78778768, 137260, 1287, 0x16bd0d1bf07cd7a6436d4eb6c11772635bb8b25b, BulkData, , pakchunk1, Windows, Base, Installed, 0, 78778768
915, 0a9aef7602393b7500000002, 0x753B390276EF9A0A, , ../../../TPSGunsDemo/Plugins/GameFeatures/ShooterMaps/Content/Meshes/Expanse/Mesh_A_2_CF8333.ubulk, pakchunk1-Windows, 243990528, 78780416, 137260, 1291, 0xc487ece58eea2c1ccc169b12bb7553addecebefc, BulkData, , pakchunk1, Windows, Base, Installed, 0, 78780416
916, f321b2bf8a482a7200000002, 0x722A488ABFB221F3, , ../../../TPSGunsDemo/Plugins/GameFeatures/ShooterMaps/Content/Meshes/Expanse/Mesh_A_2_3C64E8.ubulk, pakchunk1-Windows, 244187136, 78782464, 1028930, 86241, 0x3d94cedfb2504c3a57316f8f6e34c76640fbbd46, BulkData, , pakchunk1, Windows, Base, Installed, 0, 78782464
917, fd5a3e1632de1d7200000002, 0x721DDE32163E5AFD, , ../../../TPSGunsDemo/Plugins/GameFeatures/ShooterMaps/Content/Meshes/Expanse/Mesh_A_2_B0D608.ubulk, pakchunk1-Windows, 245235712, 78868832, 153256, 1391, 0xb62a1ed1da38ba42ddd642cd76373c603fc03954, BulkData, , pakchunk1, Windows, Base, Installed, 0, 78868832
918, 142807befd5af26600000002, 0x66F25AFDBE072814, , ../../../TPSGunsDemo/Plugins/GameFeatures/ShooterMaps/Content/Meshes/Expanse/Mesh_A_2_44EBD6.ubulk, pakchunk1-Windows, 245432320, 78870528, 62458, 13274, 0xb36c389fcea6705abdde004b3fd7378636dc5808, BulkData, , pakchunk1, Windows, Base, Installed, 0, 78870528
919, e618969bf1aa2a6300000002, 0x632AAAF19B9618E6, , ../../../TPSGunsDemo/Plugins/GameFeatures/ShooterMaps/Content/Meshes/Expanse/Mesh_A_2_2E79BE.ubulk, pakchunk1-Windows, 245497856, 78883808, 23224, 743, 0xb6a6d33245ba6243ee997cc5e2be4b219009d37c, BulkData, , pakchunk1, Windows, Base, Installed, 0, 78883808
920, 87ff65fe59dc656000000002, 0x6065DC59FE65FF87, , ../../../TPSGunsDemo/Plugins/GameFeatures/ShooterMaps/Content/Meshes/Expanse/Mesh_A_2_B91A4B.ubulk, pakchunk1-Windows, 245563392, 78884864, 302990, 23096, 0x6cdcf2809af1e0cc774bacf42368ed82ed74c0f8, BulkData, , pakchunk1, Windows, Base, Installed, 0, 78884864
921, 4f58773b2c67556000000002, 0x6055672C3B77584F, , ../../../TPSGunsDemo/Plugins/GameFeatures/ShooterMaps/Content/Meshes/Expanse/Mesh_A_2_E7028D.ubulk, pakchunk1-Windows, 245891072, 78909440, 49540, 1969, 0x1c5e2682ef1d351653d8dc5489ff79afcbe40265, BulkData, , pakchunk1, Windows, Base, Installed, 0, 78909440
922, f7222d09b634315b00000002, 0x5B3134B6092D22F7, , ../../../TPSGunsDemo/Plugins/GameFeatures/ShooterMaps/Content/Meshes/Expanse/Mesh_A_2_4935AE.ubulk, pakchunk1-Windows, 245956608, 78911488, 195052, 5487, 0x3a3ee52a8fd44ca026c21de02f6e74364b28c3a2, BulkData, , pakchunk1, Windows, Base, Installed, 0, 78911488
923, f19d42b8e4c6005a00000002, 0x5A00C6E4B8429DF1, , ../../../TPSGunsDemo/Plugins/GameFeatures/ShooterMaps/Content/Meshes/Expanse/Mesh_A_2_515FD9.ubulk, pakchunk1-Windows, 246153216, 78917632, 569788, 10099, 0x30b40159261d6b629012819e1b3ed3de489cb893, BulkData, , pakchunk1, Windows, Base, Installed, 0, 78917632
924, 02074e7a77257c5700000002, 0x577C25777A4E0702, , ../../../TPSGunsDemo/Plugins/GameFeatures/ShooterMaps/Content/Meshes/Expanse/Mesh_A_2_D8FC82.ubulk, pakchunk1-Windows, 246743040, 78927872, 751128, 15569, 0x80975f5607a20a6bc0d2b88016d5fd26fa626e71, BulkData, , pakchunk1, Windows, Base, Installed, 0, 78927872
925, a558cdcc683efb5500000002, 0x55FB3E68CCCD58A5, , ../../../TPSGunsDemo/Plugins/GameFeatures/ShooterMaps/Content/Meshes/Expanse/Mesh_A_2_7350B6.ubulk, pakchunk1-Windows, 247529472, 78944256, 68416, 2440, 0x200b72bdb8b0d667f7bc0d4dee15fefd684c4abd, BulkData, , pakchunk1, Windows, Base, Installed, 0, 78944256
926, 0da845a66ad8a94f00000002, 0x4FA9D86AA645A80D, , ../../../TPSGunsDemo/Plugins/GameFeatures/ShooterMaps/Content/Meshes/Expanse/Mesh_A_2_7B0F50.ubulk, pakchunk1-Windows, 247660544, 78946720, 61924, 1358, 0x593280f033c27bb73ac7c82e9cb26acaa116ef90, BulkData, , pakchunk1, Windows, Base, Installed, 0, 78946720
927, 7636fd8a8021fa4e00000002, 0x4EFA21808AFD3676, , ../../../TPSGunsDemo/Plugins/GameFeatures/ShooterMaps/Content/Meshes/Expanse/Mesh_A_2_6E6D31.ubulk, pakchunk1-Windows, 247726080, 78948352, 272704, 11959, 0x204983b6edb24614f291d397962ec5d15ed7c421, BulkData, , pakchunk1, Windows, Base, Installed, 0, 78948352
928, 8f5dc24389ed044b00000002, 0x4B04ED8943C25D8F, , ../../../TPSGunsDemo/Plugins/GameFeatures/ShooterMaps/Content/Meshes/Expanse/Mesh_A_2_B50523.ubulk, pakchunk1-Windows, 248053760, 78960640, 262381, 36991, 0x46a489bdc29986b397ccfd599c358f6c7eb79ecf, BulkData, , pakchunk1, Windows, Base, Installed, 0, 78960640
929, ead93fe99896b04900000002, 0x49B09698E93FD9EA, , ../../../TPSGunsDemo/Plugins/GameFeatures/ShooterMaps/Content/Meshes/Expanse/Mesh_A_2_68F12D.ubulk, pakchunk1-Windows, 248381440, 78999552, 122456, 2629, 0x9bf2d51a7bb9b8748a2821e66b3271a912014d1d, BulkData, , pakchunk1, Windows, Base, Installed, 0, 78999552
930, b1c7e81a3e430b4800000002, 0x480B433E1AE8C7B1, , ../../../TPSGunsDemo/Plugins/GameFeatures/ShooterMaps/Content/Meshes/Expanse/Mesh_A_2_778EF5.ubulk, pakchunk1-Windows, 248512512, 79002192, 126424, 1109, 0xd4b57ff945ae3803f0062d3f812210d7df960282, BulkData, , pakchunk1, Windows, Base, Installed, 0, 79002192
931, 0714878b8c2e384700000002, 0x47382E8C8B871407, , ../../../TPSGunsDemo/Plugins/GameFeatures/ShooterMaps/Content/Meshes/Expanse/Mesh_A_2_BF565B.ubulk, pakchunk1-Windows, 248643584, 79003648, 89059, 5452, 0x06263fc8fffa2ecfc0f327025af71d1a31b1cc01, BulkData, , pakchunk1, Windows, Base, Installed, 0, 79003648
932, 761dde4107e4334700000002, 0x4733E40741DE1D76, , ../../../TPSGunsDemo/Plugins/GameFeatures/ShooterMaps/Content/Meshes/Expanse/Mesh_A_2_CB0246.ubulk, pakchunk1-Windows, 248774656, 79009792, 162287, 6535, 0x06365ffaafeb9ea19eb7e170f5d6b671edfec7fe, BulkData, , pakchunk1, Windows, Base, Installed, 0, 79009792
933, d3e62889f421e24300000002, 0x43E221F48928E6D3, , ../../../TPSGunsDemo/Plugins/GameFeatures/ShooterMaps/Content/Meshes/Expanse/Mesh_A_2_93E969.ubulk, pakchunk1-Windows, 248971264, 79017984, 526552, 10259, 0x68c9cd3c9291ad93265e3abc1224afb3462ca407, BulkData, , pakchunk1, Windows, Base, Installed, 0, 79017984
934, 6bc41ded03292a4200000002, 0x422A2903ED1DC46B, , ../../../TPSGunsDemo/Plugins/GameFeatures/ShooterMaps/Content/Meshes/Expanse/Mesh_A_2_FA0294.ubulk, pakchunk1-Windows, 249561088, 79030272, 116351, 6900, 0xcdeced29a1eb366d00a6f184e0dc59e8593a126b, BulkData, , pakchunk1, Windows, Base, Installed, 0, 79030272
935, 78f1fed6108e0e4100000002, 0x410E8E10D6FEF178, , ../../../TPSGunsDemo/Plugins/GameFeatures/ShooterMaps/Content/Meshes/Expanse/Mesh_A_2_42BFF1.ubulk, pakchunk1-Windows, 249692160, 79038464, 110248, 2597, 0x4ae0a4e0c0d6e310ff56f216c42563800b93a973, BulkData, , pakchunk1, Windows, Base, Installed, 0, 79038464
936, befe5edf3502063c00000002, 0x3C060235DF5EFEBE, , ../../../TPSGunsDemo/Plugins/GameFeatures/ShooterMaps/Content/Meshes/Expanse/Mesh_A_2_A14CD1.ubulk, pakchunk1-Windows, 249823232, 79042560, 146548, 2676, 0xb5618349a6ce66092ef7716432c6bab872faf436, BulkData, , pakchunk1, Windows, Base, Installed, 0, 79042560
937, 1ee71fdf17d2aa3b00000002, 0x3BAAD217DF1FE71E, , ../../../TPSGunsDemo/Plugins/GameFeatures/ShooterMaps/Content/Meshes/Expanse/Mesh_A_2_412B3D.ubulk, pakchunk1-Windows, 250019840, 79045264, 106816, 1384, 0x1c8b31c5073137514862dcb392ef7bc910900cde, BulkData, , pakchunk1, Windows, Base, Installed, 0, 79045264
938, 2fef96b8d63ddd3a00000002, 0x3ADD3DD6B896EF2F, , ../../../TPSGunsDemo/Plugins/GameFeatures/ShooterMaps/Content/Meshes/Expanse/Mesh_A_2_B329AD.ubulk, pakchunk1-Windows, 250150912, 79046656, 176476, 1485, 0x82c49a6cc535115ef00241eab29fc9645138cd89, BulkData, , pakchunk1, Windows, Base, Installed, 0, 79046656
939, 291bee9aa53d153900000002, 0x39153DA59AEE1B29, , ../../../TPSGunsDemo/Plugins/GameFeatures/ShooterMaps/Content/Meshes/Expanse/Mesh_A_2_287C2A.ubulk, pakchunk1-Windows, 250347520, 79048704, 75352, 2302, 0x17890de714261fa777bd823f67072a523ac7fab5, BulkData, , pakchunk1, Windows, Base, Installed, 0, 79048704
940, 4833ee91a0e6003800000002, 0x3800E6A091EE3348, , ../../../TPSGunsDemo/Plugins/GameFeatures/ShooterMaps/Content/Meshes/Expanse/Mesh_A_2_5B464C.ubulk, pakchunk1-Windows, 250478592, 79052800, 416212, 8995, 0x9fdb385a28db4f331a1d5e998d7b40a6ad137592, BulkData, , pakchunk1, Windows, Base, Installed, 0, 79052800
941, 20ed6de1b0cf253200000002, 0x3225CFB0E16DED20, , ../../../TPSGunsDemo/Plugins/GameFeatures/ShooterMaps/Content/Meshes/Expanse/Mesh_A_2_D6817D.ubulk, pakchunk1-Windows, 250937344, 79063040, 162544, 1816, 0xe6e0934f42b4491a453568721da481a8d8d2b2af, BulkData, , pakchunk1, Windows, Base, Installed, 0, 79063040
942, efc32b7802cfa53100000002, 0x31A5CF02782BC3EF, , ../../../TPSGunsDemo/Plugins/GameFeatures/ShooterMaps/Content/Meshes/Expanse/Mesh_A_2_BBA547.ubulk, pakchunk1-Windows, 251133952, 79065088, 1008649, 35637, 0x6a4d44e29f93dfb24b55621f80e1c4633e13d3b6, BulkData, , pakchunk1, Windows, Base, Installed, 0, 79065088
943, aafad4dff340d12900000002, 0x29D140F3DFD4FAAA, , ../../../TPSGunsDemo/Plugins/GameFeatures/ShooterMaps/Content/Meshes/Expanse/Mesh_A_2_9AA6C7.ubulk, pakchunk1-Windows, 252182528, 79101952, 429772, 91427, 0x12e92e0d98369f262c44948ef4ad502445a27ebc, BulkData, , pakchunk1, Windows, Base, Installed, 0, 79101952
944, b387b90bde00c72200000002, 0x22C700DE0BB987B3, , ../../../TPSGunsDemo/Plugins/GameFeatures/ShooterMaps/Content/Meshes/Expanse/Mesh_A_2_6AA72B.ubulk, pakchunk1-Windows, 252641280, 79194112, 650692, 9133, 0x7cf78b2e4b3e59cb64c51e03982d47dcfe5131fb, BulkData, , pakchunk1, Windows, Base, Installed, 0, 79194112
945, 2e81d84d2dd2c32100000002, 0x21C3D22D4DD8812E, , ../../../TPSGunsDemo/Plugins/GameFeatures/ShooterMaps/Content/Meshes/Expanse/Mesh_A_2_E4871D.ubulk, pakchunk1-Windows, 253296640, 79204352, 139324, 1368, 0xfa58349ee8c0a1d91beb3e123efef8f2dfc98bd1, BulkData, , pakchunk1, Windows, Base, Installed, 0, 79204352
946, c98ba9b2cba0cd2000000002, 0x20CDA0CBB2A98BC9, , ../../../TPSGunsDemo/Plugins/GameFeatures/ShooterMaps/Content/Meshes/Expanse/Mesh_A_2_75CE0F.ubulk, pakchunk1-Windows, 253493248, 79206400, 116104, 1772, 0xe3cbff06b72e320717dc6990ab300db0d187d6d2, BulkData, , pakchunk1, Windows, Base, Installed, 0, 79206400
947, 7e08b4ef0d6aa81900000002, 0x19A86A0DEFB4087E, , ../../../TPSGunsDemo/Plugins/GameFeatures/ShooterMaps/Content/Meshes/Expanse/Mesh_A_2_B9133A.ubulk, pakchunk1-Windows, 253624320, 79208448, 83080, 1752, 0x0892c786357f5ec7bc2d454faf56359cc9b75777, BulkData, , pakchunk1, Windows, Base, Installed, 0, 79208448
948, 5b040ac8343da51900000002, 0x19A53D34C80A045B, , ../../../TPSGunsDemo/Plugins/GameFeatures/ShooterMaps/Content/Meshes/Expanse/Mesh_A_2_29959A.ubulk, pakchunk1-Windows, 253755392, 79210496, 174440, 4175, 0xe316f953186c92d6bff554202a15f90a60316bfb, BulkData, , pakchunk1, Windows, Base, Installed, 0, 79210496
949, 6e4947c9c3790e1700000002, 0x170E79C3C947496E, , ../../../TPSGunsDemo/Plugins/GameFeatures/ShooterMaps/Content/Meshes/Expanse/Mesh_A_2_0B8D9F.ubulk, pakchunk1-Windows, 253952000, 79216640, 130036, 2990, 0xb2cd1431f2f7f5d62656084869db7a659c957b35, BulkData, , pakchunk1, Windows, Base, Installed, 0, 79216640
950, 783921318831ec1500000002, 0x15EC318831213978, , ../../../TPSGunsDemo/Plugins/GameFeatures/ShooterMaps/Content/Meshes/Expanse/Mesh_A_2_87DE16.ubulk, pakchunk1-Windows, 254083072, 79220736, 106044, 4882, 0x1f5e8df786281e4ccbe30ff1dc407a8b8739f594, BulkData, , pakchunk1, Windows, Base, Installed, 0, 79220736
951, df8361e8cd4f091400000002, 0x14094FCDE86183DF, , ../../../TPSGunsDemo/Plugins/GameFeatures/ShooterMaps/Content/Meshes/Expanse/Mesh_A_2_A82418.ubulk, pakchunk1-Windows, 254214144, 79226880, 253913, 20498, 0x1b6bc78edd617441d762451f8aa3bad125b59fdf, BulkData, , pakchunk1, Windows, Base, Installed, 0, 79226880
952, b74c3b98c656421300000002, 0x134256C6983B4CB7, , ../../../TPSGunsDemo/Plugins/GameFeatures/ShooterMaps/Content/Meshes/Expanse/Mesh_A_2_1AC7F7.ubulk, pakchunk1-Windows, 254476288, 79247408, 72792, 1587, 0xf1fb83f0c08e8d34cb9de1dc19a82176c50cdf70, BulkData, , pakchunk1, Windows, Base, Installed, 0, 79247408
953, c824b2242de2341300000002, 0x1334E22D24B224C8, , ../../../TPSGunsDemo/Plugins/GameFeatures/ShooterMaps/Content/Meshes/Expanse/Mesh_A_2_46ACC7.ubulk, pakchunk1-Windows, 254607360, 79249408, 421506, 21517, 0x54f2243ef2ec0b97a423be309563f8befd7aa66e, BulkData, , pakchunk1, Windows, Base, Installed, 0, 79249408
954, 4e7531c446d5081100000002, 0x1108D546C431754E, , ../../../TPSGunsDemo/Plugins/GameFeatures/ShooterMaps/Content/Meshes/Expanse/Mesh_A_2_BCAFE2.ubulk, pakchunk1-Windows, 255066112, 79270976, 14452, 445, 0x00749fd43db34aa947e2744ae9750a6752c55298, BulkData, , pakchunk1, Windows, Base, Installed, 0, 79270976
955, e15d1265a83ecc0f00000002, 0xFCC3EA865125DE1, , ../../../TPSGunsDemo/Plugins/GameFeatures/ShooterMaps/Content/Meshes/Expanse_Blockout/WallH_3749AE.ubulk, pakchunk1-Windows, 255131648, 79271936, 126632, 3093, 0xf7fc2ae0f27bfd9935a6a36b2f44ddee336f5233, BulkData, , pakchunk1, Windows, Base, Installed, 0, 79271936
956, 1e8310b552cd6d7100000002, 0x716DCD52B510831E, , ../../../TPSGunsDemo/Plugins/GameFeatures/ShooterMaps/Content/Meshes/Expanse/Mesh_A_2_B9732E.ubulk, pakchunk1-Windows, 255262720, 79276032, 208984, 2606, 0x624f76e0961f6d92bd90e090bff6e94732cd9e89, BulkData, , pakchunk1, Windows, Base, Installed, 0, 79276032
957, 96acc8e815b98d6b00000002, 0x6B8DB915E8C8AC96, , ../../../TPSGunsDemo/Plugins/GameFeatures/ShooterMaps/Content/Meshes/Expanse/Mesh_A_2_674F70.ubulk, pakchunk1-Windows, 255524864, 79278672, 16892, 921, 0x5b31d5bd44d05ac5b2e9af3bad39294ff9424f09, BulkData, , pakchunk1, Windows, Base, Installed, 0, 79278672
958, 26e6bc15303c585600000002, 0x56583C3015BCE626, , ../../../TPSGunsDemo/Plugins/GameFeatures/ShooterMaps/Content/Meshes/Expanse/Mesh_A_2_4EA8AE.ubulk, pakchunk1-Windows, 255590400, 79280128, 23224, 707, 0xa824f7298d03e139289339737d72de2d1492ece8, BulkData, , pakchunk1, Windows, Base, Installed, 0, 79280128
959, c3d4430b7a2e32dc00000002, 0xDC322E7A0B43D4C3, , ../../../TPSGunsDemo/Plugins/GameFeatures/ShooterMaps/Content/Meshes/Expanse/Mesh_A_2_A6AC56.ubulk, pakchunk1-Windows, 255655936, 79280848, 1552, 684, 0x1aa17c9f7a2686ece052b309b8eecacd7a857278, BulkData, , pakchunk1, Windows, Base, Installed, 0, 79280848
960, 2b817ec6d127f5c800000002, 0xC8F527D1C67E812B, , ../../../TPSGunsDemo/Plugins/GameFeatures/ShooterMaps/Content/Meshes/Expanse/Mesh_A_2_C3E13A.ubulk, pakchunk1-Windows, 255721472, 79282176, 106816, 1346, 0x9044b6caf8ba8c9707a7ed1151ef0a6c4fb41cf9, BulkData, , pakchunk1, Windows, Base, Installed, 0, 79282176
961, e1f966c022095ba100000002, 0xA15B0922C066F9E1, , ../../../TPSGunsDemo/Plugins/GameFeatures/ShooterMaps/Content/Meshes/Expanse/Mesh_A_2_E6A5E5.ubulk, pakchunk1-Windows, 255852544, 79284224, 204100, 26075, 0x364aeba59f4c89c8210866d7b1e3a2fdc54683c8, BulkData, , pakchunk1, Windows, Base, Installed, 0, 79284224
962, 5a805f704e667c9500000002, 0x957C664E705F805A, , ../../../TPSGunsDemo/Plugins/GameFeatures/ShooterMaps/Content/Meshes/Expanse/Mesh_A_2_F00149.ubulk, pakchunk1-Windows, 256114688, 79310848, 82150, 2854, 0x973a20478d19f8f75030711365271d4a1c6c9f01, BulkData, , pakchunk1, Windows, Base, Installed, 0, 79310848
963, 01abd699ea0f378b00000002, 0x8B370FEA99D6AB01, , ../../../TPSGunsDemo/Plugins/GameFeatures/ShooterMaps/Content/Meshes/Expanse/Mesh_A_2_C5005E.ubulk, pakchunk1-Windows, 256245760, 79313712, 39220, 1160, 0x83d9606fd5a088f47e10578c961e05f3eafae8d5, BulkData, , pakchunk1, Windows, Base, Installed, 0, 79313712
964, 884caca33616308a00000002, 0x8A301636A3AC4C88, , ../../../TPSGunsDemo/Plugins/GameFeatures/ShooterMaps/Content/Meshes/Expanse/Mesh_A_2_D29BDA.ubulk, pakchunk1-Windows, 256311296, 79314944, 119200, 3403, 0xb1626e2a807ed846c5297137702647967b700d61, BulkData, , pakchunk1, Windows, Base, Installed, 0, 79314944
965, 67ace4dd7c6fc28100000002, 0x81C26F7CDDE4AC67, , ../../../TPSGunsDemo/Plugins/GameFeatures/ShooterMaps/Content/Meshes/Expanse/Mesh_A_2_1D0ED8.ubulk, pakchunk1-Windows, 256442368, 79319040, 28900, 1148, 0x9af88c521bc47cd8b1df1e414d9ac8d1390e5b3d, BulkData, , pakchunk1, Windows, Base, Installed, 0, 79319040
966, 52fa5cdf501ea37600000002, 0x76A31E50DF5CFA52, , ../../../TPSGunsDemo/Plugins/GameFeatures/ShooterMaps/Content/Meshes/Expanse/Mesh_A_2_3BFC77.ubulk, pakchunk1-Windows, 256507904, 79321088, 497044, 8925, 0xe423aa025930914c49df1f954a4e161c1e3fdec3, BulkData, , pakchunk1, Windows, Base, Installed, 0, 79321088
967, 9bcc35ae4b39af5f00000002, 0x5FAF394BAE35CC9B, , ../../../TPSGunsDemo/Plugins/GameFeatures/ShooterMaps/Content/Meshes/Expanse/Mesh_A_2_435A42.ubulk, pakchunk1-Windows, 257032192, 79331328, 193394, 19712, 0xe6c2a2fd1ab8b82598c87ee60d88b626d098a5ed, BulkData, , pakchunk1, Windows, Base, Installed, 0, 79331328
968, d8e39e939899925700000002, 0x57929998939EE3D8, , ../../../TPSGunsDemo/Plugins/GameFeatures/ShooterMaps/Content/Meshes/Expanse/Mesh_A_2_2C0BF7.ubulk, pakchunk1-Windows, 257228800, 79351808, 376168, 2146, 0x9165fdc385ef7ba7b9e2fb5542a8c4ed1f8156b2, BulkData, , pakchunk1, Windows, Base, Installed, 0, 79351808
969, ae889cd1b29a873f00000002, 0x3F879AB2D19C88AE, , ../../../TPSGunsDemo/Plugins/GameFeatures/ShooterMaps/Content/Meshes/Expanse/Mesh_A_2_219EDE.ubulk, pakchunk1-Windows, 257622016, 79355904, 216537, 34003, 0x307e8684dc25b0b8ab15883b3dee1151109c1194, BulkData, , pakchunk1, Windows, Base, Installed, 0, 79355904
970, 432ad0375d82313400000002, 0x3431825D37D02A43, , ../../../TPSGunsDemo/Plugins/GameFeatures/ShooterMaps/Content/Meshes/Expanse/Mesh_A_2_E97AAF.ubulk, pakchunk1-Windows, 257884160, 79390720, 53668, 1395, 0x04b20afe61957de041a17b2bf1aa99120e40b615, BulkData, , pakchunk1, Windows, Base, Installed, 0, 79390720
971, 7913115c6e41bf2700000002, 0x27BF416E5C111379, , ../../../TPSGunsDemo/Plugins/GameFeatures/ShooterMaps/Content/Meshes/Expanse/Mesh_A_2_99A201.ubulk, pakchunk1-Windows, 257949696, 79392768, 27352, 1235, 0xb4f586d6bf2a54f3b28dc932b16c0c2a2c287191, BulkData, , pakchunk1, Windows, Base, Installed, 0, 79392768
972, e47105d2ae84bd1b00000002, 0x1BBD84AED20571E4, , ../../../TPSGunsDemo/Plugins/GameFeatures/ShooterMaps/Content/Meshes/Expanse_Blockout/SM_BridgeH_7DB141.ubulk, pakchunk1-Windows, 258015232, 79394816, 517524, 13100, 0xc4b7026b449b48f66b6a5e4dbd3a98ef4bf4036d, BulkData, , pakchunk1, Windows, Base, Installed, 0, 79394816
973, 3bd61145e4826c0e00000002, 0xE6C82E44511D63B, , ../../../TPSGunsDemo/Plugins/GameFeatures/ShooterMaps/Content/Meshes/Expanse/Mesh_A_2_E222D0.ubulk, pakchunk1-Windows, 258539520, 79407984, 25804, 1050, 0x76aeb5bf4d42a1383f0431bbb4a9c002334bc124, BulkData, , pakchunk1, Windows, Base, Installed, 0, 79407984
974, fbac905c4cd9a6f900000002, 0xF9A6D94C5C90ACFB, , ../../../TPSGunsDemo/Plugins/GameFeatures/ShooterMaps/Content/Meshes/Expanse/Mesh_A_2_7B75E5.ubulk, pakchunk1-Windows, 258605056, 79409152, 115952, 5118, 0xdb64f717e579c8559fb361e2d8004826a6067156, BulkData, , pakchunk1, Windows, Base, Installed, 0, 79409152
975, 070cdc493f2231f600000002, 0xF631223F49DC0C07, , ../../../TPSGunsDemo/Plugins/GameFeatures/ShooterMaps/Content/Meshes/Expanse/Mesh_A_2_C5797F.ubulk, pakchunk1-Windows, 258736128, 79414288, 28, 28, 0x1f024a613b2e17c65a9716f9c519dc346c370ebb, BulkData, , pakchunk1, Windows, Base, Installed, 0, 79414288
976, fea728f7f21639f500000002, 0xF53916F2F728A7FE, , ../../../TPSGunsDemo/Plugins/GameFeatures/ShooterMaps/Content/Meshes/Expanse/Mesh_A_2_B83448.ubulk, pakchunk1-Windows, 258801664, 79414320, 10840, 246, 0x123c2028a88a08b7d5403e6a29c9ea5dd2f6b996, BulkData, , pakchunk1, Windows, Base, Installed, 0, 79414320
977, 4ba8fb281413f9ed00000002, 0xEDF9131428FBA84B, , ../../../TPSGunsDemo/Plugins/GameFeatures/ShooterMaps/Content/Meshes/Expanse/Mesh_A_2_B93EB0.ubulk, pakchunk1-Windows, 258867200, 79414576, 4132, 685, 0x59385c0468f00f523674022b6062069eb88b5422, BulkData, , pakchunk1, Windows, Base, Installed, 0, 79414576
978, 361b84e747e004ec00000002, 0xEC04E047E7841B36, , ../../../TPSGunsDemo/Plugins/GameFeatures/ShooterMaps/Content/Meshes/Expanse/Mesh_A_2_863DA2.ubulk, pakchunk1-Windows, 258932736, 79415296, 46444, 1299, 0xfc37770267a6ed5c60ae36c29e896c3d05e0fb1d, BulkData, , pakchunk1, Windows, Base, Installed, 0, 79415296
979, ff63cc377c4d48e900000002, 0xE9484D7C37CC63FF, , ../../../TPSGunsDemo/Plugins/GameFeatures/ShooterMaps/Content/Meshes/Expanse/Mesh_A_2_626D04.ubulk, pakchunk1-Windows, 258998272, 79417344, 12388, 1047, 0x225d1c6f696177fa6515a86c9122ba911c7934a1, BulkData, , pakchunk1, Windows, Base, Installed, 0, 79417344
980, 95f7f073a88e97e500000002, 0xE5978EA873F0F795, , ../../../TPSGunsDemo/Plugins/GameFeatures/ShooterMaps/Content/Meshes/Expanse/Mesh_A_2_82557F.ubulk, pakchunk1-Windows, 259063808, 79419392, 247564, 45996, 0xe3de7d82f1cd4d81c5bff78c5b484a77044d08e4, BulkData, , pakchunk1, Windows, Base, Installed, 0, 79419392
981, d1d40b089a4553e300000002, 0xE353459A080BD4D1, , ../../../TPSGunsDemo/Plugins/GameFeatures/ShooterMaps/Content/Meshes/Expanse/Mesh_A_2_6183EC.ubulk, pakchunk1-Windows, 259325952, 79466496, 460450, 13944, 0xaac00195943db536248d9cc586ffafae78b70e45, BulkData, , pakchunk1, Windows, Base, Installed, 0, 79466496
982, 63601ed3c5488de200000002, 0xE28D48C5D31E6063, , ../../../TPSGunsDemo/Plugins/GameFeatures/ShooterMaps/Content/Meshes/Expanse/Mesh_A_2_E7FA38.ubulk, pakchunk1-Windows, 259850240, 79480496, 184, 184, 0x90193d1e2ab05459d0711be5a0213e58863708dc, BulkData, , pakchunk1, Windows, Base, Installed, 0, 79480496
983, b505f601e9e174de00000002, 0xDE74E1E901F605B5, , ../../../TPSGunsDemo/Plugins/GameFeatures/ShooterMaps/Content/Meshes/Expanse/Mesh_A_2_4B645A.ubulk, pakchunk1-Windows, 259915776, 79480832, 16516, 954, 0xe67d5d63fd3d8ceb9bb2e7f2c095b4940e5fca69, BulkData, , pakchunk1, Windows, Base, Installed, 0, 79480832
984, 68b5967a52058ac700000002, 0xC78A05527A96B568, , ../../../TPSGunsDemo/Plugins/GameFeatures/ShooterMaps/Content/Meshes/Expanse/Mesh_A_2_668B4D.ubulk, pakchunk1-Windows, 259981312, 79481792, 13936, 211, 0x6407a3aa8df7c2de0e29850417e769ad162b8ff8, BulkData, , pakchunk1, Windows, Base, Installed, 0, 79481792
985, 2b886abae2cc43bf00000002, 0xBF43CCE2BA6A882B, , ../../../TPSGunsDemo/Plugins/GameFeatures/ShooterMaps/Content/Meshes/Expanse/Mesh_A_2_0B044F.ubulk, pakchunk1-Windows, 260046848, 79482880, 130036, 3610, 0x14dd62ba3530b6b98ad10cc046be0c7d3ca1ea7a, BulkData, , pakchunk1, Windows, Base, Installed, 0, 79482880
986, e6b6f2b16c3eb8be00000002, 0xBEB83E6CB1F2B6E6, , ../../../TPSGunsDemo/Plugins/GameFeatures/ShooterMaps/Content/Meshes/Expanse/Mesh_A_2_25BB70.ubulk, pakchunk1-Windows, 260177920, 79486976, 10324, 594, 0x22acfa59d6ab5fcbc8560ae0aaa2236244ddbdbe, BulkData, , pakchunk1, Windows, Base, Installed, 0, 79486976
987, 5452b2ae0ffe00bd00000002, 0xBD00FE0FAEB25254, , ../../../TPSGunsDemo/Plugins/GameFeatures/ShooterMaps/Content/Meshes/Expanse/Mesh_A_2_4DBC05.ubulk, pakchunk1-Windows, 260243456, 79489024, 237233, 39447, 0xaca5bac116e5a507031dad8c08ff8a82b2ee191f, BulkData, , pakchunk1, Windows, Base, Installed, 0, 79489024
988, ec44a27decab71b200000002, 0xB271ABEC7DA244EC, , ../../../TPSGunsDemo/Plugins/GameFeatures/ShooterMaps/Content/Meshes/Expanse/Mesh_A_2_54094D.ubulk, pakchunk1-Windows, 260505600, 79529984, 12807, 3687, 0x80fd7fb918763a502695e8fb70f3bbc2178ee220, BulkData, , pakchunk1, Windows, Base, Installed, 0, 79529984
989, 59d4790fbbfc7ab100000002, 0xB17AFCBB0F79D459, , ../../../TPSGunsDemo/Plugins/GameFeatures/ShooterMaps/Content/Meshes/Expanse/Mesh_A_2_9E4FA3.ubulk, pakchunk1-Windows, 260571136, 79534080, 77120, 4649, 0xe6cd81e23b665b39bf3500b14c85c4600ae31165, BulkData, , pakchunk1, Windows, Base, Installed, 0, 79534080
990, 1fea57d7737869aa00000002, 0xAA697873D757EA1F, , ../../../TPSGunsDemo/Plugins/GameFeatures/ShooterMaps/Content/Meshes/Expanse/Mesh_A_2_AC587F.ubulk, pakchunk1-Windows, 260702208, 79540224, 147112, 3441, 0x19b36e47d44c9151e61a4118af03068605069b36, BulkData, , pakchunk1, Windows, Base, Installed, 0, 79540224
991, bc14b1f9a3c972a500000002, 0xA572C9A3F9B114BC, , ../../../TPSGunsDemo/Plugins/GameFeatures/ShooterMaps/Content/Meshes/Expanse/Mesh_A_2_F4E01C.ubulk, pakchunk1-Windows, 260898816, 79543680, 2584, 577, 0x6f1d3da9afebd12eae427f351b60cd1bee6e52e3, BulkData, , pakchunk1, Windows, Base, Installed, 0, 79543680
992, 9d40b61df0b87f9e00000002, 0x9E7FB8F01DB6409D, , ../../../TPSGunsDemo/Plugins/GameFeatures/ShooterMaps/Content/Meshes/Expanse/Mesh_A_2_5D0865.ubulk, pakchunk1-Windows, 260964352, 79544320, 1036, 296, 0xe909b29c0b8676019ca2f548442edcba14381806, BulkData, , pakchunk1, Windows, Base, Installed, 0, 79544320
993, f3d6a6403cf3b59600000002, 0x96B5F33C40A6D6F3, , ../../../TPSGunsDemo/Plugins/GameFeatures/ShooterMaps/Content/Meshes/Expanse/Mesh_A_2_40987B.ubulk, pakchunk1-Windows, 261029888, 79544624, 83596, 647, 0x61167cc8c5a307233236a79dc1da1780db5236e7, BulkData, , pakchunk1, Windows, Base, Installed, 0, 79544624
994, 90a14491beee348f00000002, 0x8F34EEBE9144A190, , ../../../TPSGunsDemo/Plugins/GameFeatures/ShooterMaps/Content/Meshes/Expanse/Mesh_A_2_7E1711.ubulk, pakchunk1-Windows, 261160960, 79546368, 348434, 28186, 0x480291058519ca962cc9fb5bc6a325b4863829e1, BulkData, , pakchunk1, Windows, Base, Installed, 0, 79546368
995, 862e5d840181518e00000002, 0x8E518101845D2E86, , ../../../TPSGunsDemo/Plugins/GameFeatures/ShooterMaps/Content/Meshes/Expanse/Mesh_A_2_99AF90.ubulk, pakchunk1-Windows, 261554176, 79575040, 11356, 1564, 0xe4c42e977083f88fb4be7251fb556264455aebc7, BulkData, , pakchunk1, Windows, Base, Installed, 0, 79575040
996, 054b280ba64f3b8d00000002, 0x8D3B4FA60B284B05, , ../../../TPSGunsDemo/Plugins/GameFeatures/ShooterMaps/Content/Meshes/Expanse/Mesh_A_2_05663B.ubulk, pakchunk1-Windows, 261619712, 79576608, 1036, 246, 0x52c39ba412c6bdbc127580a0a518df5a455a7c02, BulkData, , pakchunk1, Windows, Base, Installed, 0, 79576608
997, c489146f70bd078400000002, 0x8407BD706F1489C4, , ../../../TPSGunsDemo/Plugins/GameFeatures/ShooterMaps/Content/Meshes/Expanse/Mesh_A_2_CE3131.ubulk, pakchunk1-Windows, 261685248, 79577088, 13936, 256, 0x0cbb1f6897b190379467582d5c32616d4bf3a70b, BulkData, , pakchunk1, Windows, Base, Installed, 0, 79577088
998, eaddee81adbb957500000002, 0x7595BBAD81EEDDEA, , ../../../TPSGunsDemo/Plugins/GameFeatures/ShooterMaps/Content/Meshes/Expanse/Mesh_A_2_DFA3EF.ubulk, pakchunk1-Windows, 261750784, 79577344, 364, 364, 0xb7d5931ced5ebee920464fc999023ed64bf88bb9, BulkData, , pakchunk1, Windows, Base, Installed, 0, 79577344
999, 762d3b46a3cb527200000002, 0x7252CBA3463B2D76, , ../../../TPSGunsDemo/Plugins/GameFeatures/ShooterMaps/Content/Meshes/Expanse/Mesh_A_2_ABF695.ubulk, pakchunk1-Windows, 261816320, 79577712, 17032, 661, 0x1f6b722ac7fa2976d8d7ffbd5d12d76937b55c4d, BulkData, , pakchunk1, Windows, Base, Installed, 0, 79577712
1000, 83dc59652073617000000002, 0x706173206559DC83, , ../../../TPSGunsDemo/Plugins/GameFeatures/ShooterMaps/Content/Meshes/Expanse/Mesh_A_2_DD2052.ubulk, pakchunk1-Windows, 261881856, 79579136, 320398, 26304, 0xf9b9446c1c0f6c6344092facbb167a811ac06d68, BulkData, , pakchunk1, Windows, Base, Installed, 0, 79579136
1001, 04e04881878fd06b00000002, 0x6BD08F878148E004, , ../../../TPSGunsDemo/Plugins/GameFeatures/ShooterMaps/Content/Meshes/Expanse/Mesh_A_2_0DFFED.ubulk, pakchunk1-Windows, 262209536, 79605760, 407851, 15916, 0xa995f771ebd1f8cec5c78cb86ee586cbc5accfc1, BulkData, , pakchunk1, Windows, Base, Installed, 0, 79605760
1002, a39515412fb2d86a00000002, 0x6AD8B22F411595A3, , ../../../TPSGunsDemo/Plugins/GameFeatures/ShooterMaps/Content/Meshes/Expanse/Mesh_A_2_D21E89.ubulk, pakchunk1-Windows, 262668288, 79622144, 6712, 1218, 0xeb2835af82891b8db290060b01118c61e483591d, BulkData, , pakchunk1, Windows, Base, Installed, 0, 79622144
1003, 6b546e45128fa36300000002, 0x63A38F12456E546B, , ../../../TPSGunsDemo/Plugins/GameFeatures/ShooterMaps/Content/Meshes/Expanse/Mesh_A_2_B241CA.ubulk, pakchunk1-Windows, 262733824, 79623376, 13936, 764, 0x4fee7dccc0a2b08ff0fdcd1dc1b662d7879d304d, BulkData, , pakchunk1, Windows, Base, Installed, 0, 79623376
1004, dc005dd58617915800000002, 0x58911786D55D00DC, , ../../../TPSGunsDemo/Plugins/GameFeatures/ShooterMaps/Content/Meshes/Expanse/Mesh_A_2_30182F.ubulk, pakchunk1-Windows, 262799360, 79624192, 9292, 655, 0x97b1372c0500ffad0050b5f21788e88720ad9b7f, BulkData, , pakchunk1, Windows, Base, Installed, 0, 79624192
1005, 8a0d794685eed05700000002, 0x57D0EE8546790D8A, , ../../../TPSGunsDemo/Plugins/GameFeatures/ShooterMaps/Content/Meshes/Expanse/Mesh_A_2_D59A41.ubulk, pakchunk1-Windows, 262864896, 79624848, 13936, 251, 0x1b1198abe572949d244ad2b7c320fed7b16b6e4e, BulkData, , pakchunk1, Windows, Base, Installed, 0, 79624848
1006, 30c27ce07f56475600000002, 0x5647567FE07CC230, , ../../../TPSGunsDemo/Plugins/GameFeatures/ShooterMaps/Content/Meshes/Expanse/Mesh_A_2_285D49.ubulk, pakchunk1-Windows, 262930432, 79626240, 139324, 2406, 0x570a510d31d3e2ff407a3183e5889aea3775d23a, BulkData, , pakchunk1, Windows, Base, Installed, 0, 79626240
1007, e08308127f95935200000002, 0x5293957F120883E0, , ../../../TPSGunsDemo/Plugins/GameFeatures/ShooterMaps/Content/Meshes/Expanse/Mesh_A_2_029CA5.ubulk, pakchunk1-Windows, 263127040, 79628672, 11872, 979, 0xfc6a5958204d137cb31855082230c7a97ea62974, BulkData, , pakchunk1, Windows, Base, Installed, 0, 79628672
1008, 2a4eb41be1e9fd4f00000002, 0x4FFDE9E11BB44E2A, , ../../../TPSGunsDemo/Plugins/GameFeatures/ShooterMaps/Content/Meshes/Expanse/Mesh_A_2_EA5470.ubulk, pakchunk1-Windows, 263192576, 79630336, 253650, 49618, 0x0be6060a0cd987f2d86233270df78df55ef618c5, BulkData, , pakchunk1, Windows, Base, Installed, 0, 79630336
1009, 9776672c40b6594c00000002, 0x4C59B6402C677697, , ../../../TPSGunsDemo/Plugins/GameFeatures/ShooterMaps/Content/Meshes/Expanse/Mesh_A_2_A83366.ubulk, pakchunk1-Windows, 263454720, 79679984, 564, 564, 0xd59c623b8052fda448e395d77e4f933ed3f85268, BulkData, , pakchunk1, Windows, Base, Installed, 0, 79679984
1010, 16de0270ff94c64900000002, 0x49C694FF7002DE16, , ../../../TPSGunsDemo/Plugins/GameFeatures/ShooterMaps/Content/Meshes/Expanse/Mesh_A_2_6091BB.ubulk, pakchunk1-Windows, 263520256, 79681536, 16536, 979, 0xbbeaa7bf968bd51625958dee20b202fa435f1b64, BulkData, , pakchunk1, Windows, Base, Installed, 0, 79681536
1011, daafe267131ebb4500000002, 0x45BB1E1367E2AFDA, , ../../../TPSGunsDemo/Plugins/GameFeatures/ShooterMaps/Content/Meshes/Expanse/Mesh_A_2_01308C.ubulk, pakchunk1-Windows, 263585792, 79682528, 13936, 277, 0xeff7041dc76fe3afe5406d0902cd23b7131a0c94, BulkData, , pakchunk1, Windows, Base, Installed, 0, 79682528
1012, 0c9cffc1b704043300000002, 0x330404B7C1FF9C0C, , ../../../TPSGunsDemo/Plugins/GameFeatures/ShooterMaps/Content/Meshes/Expanse/Mesh_A_2_6DDB71.ubulk, pakchunk1-Windows, 263651328, 79682816, 184, 184, 0x90193d1e2ab05459d0711be5a0213e58863708dc, BulkData, , pakchunk1, Windows, Base, Installed, 0, 79682816
1013, 434eb842c9a3022b00000002, 0x2B02A3C942B84E43, , ../../../TPSGunsDemo/Plugins/GameFeatures/ShooterMaps/Content/Meshes/Expanse/Mesh_A_2_6DD0A5.ubulk, pakchunk1-Windows, 263716864, 79683584, 80984, 1676, 0xbadc68e2eb057be126ae09c07db71a36a6e167ed, BulkData, , pakchunk1, Windows, Base, Installed, 0, 79683584
1014, b8b536fc0f3ce82900000002, 0x29E83C0FFC36B5B8, , ../../../TPSGunsDemo/Plugins/GameFeatures/ShooterMaps/Content/Meshes/Expanse/Mesh_A_2_0ED3A2.ubulk, pakchunk1-Windows, 263847936, 79685280, 1552, 340, 0x44e775813fc480835a19565416e9e92cafde1424, BulkData, , pakchunk1, Windows, Base, Installed, 0, 79685280
1015, f16d1cab07612f1a00000002, 0x1A2F6107AB1C6DF1, , ../../../TPSGunsDemo/Plugins/GameFeatures/ShooterMaps/Content/Meshes/Expanse/Mesh_A_2_6263F1.ubulk, pakchunk1-Windows, 263913472, 79685632, 18580, 2978, 0xc78382e4fed6d338687daea10416c0279c4b434a, BulkData, , pakchunk1, Windows, Base, Installed, 0, 79685632
1016, 18c283ee9f71621500000002, 0x1562719FEE83C218, , ../../../TPSGunsDemo/Plugins/GameFeatures/ShooterMaps/Content/Meshes/Expanse/Mesh_A_2_8352AC.ubulk, pakchunk1-Windows, 263979008, 79688624, 13936, 225, 0x2e901a962881e7eafc4cc9e874988313e0be0966, BulkData, , pakchunk1, Windows, Base, Installed, 0, 79688624
1017, 571b841df0fd271200000002, 0x1227FDF01D841B57, , ../../../TPSGunsDemo/Plugins/GameFeatures/ShooterMaps/Content/Meshes/Expanse/Mesh_A_2_D7370E.ubulk, pakchunk1-Windows, 264044544, 79689728, 162544, 3825, 0x9f09d8bea684b4802522a01e2834a98e97821bf3, BulkData, , pakchunk1, Windows, Base, Installed, 0, 79689728
1018, 8a236ec6eef15d1000000002, 0x105DF1EEC66E238A, , ../../../TPSGunsDemo/Plugins/GameFeatures/ShooterMaps/Content/Meshes/Expanse/Mesh_A_2_F7643F.ubulk, pakchunk1-Windows, 264241152, 79693824, 11364, 1191, 0x573fb1c9fefdf67fb53741199097dad67c0eddf2, BulkData, , pakchunk1, Windows, Base, Installed, 0, 79693824
1019, 553e00562693bb0f00000002, 0xFBB932656003E55, , ../../../TPSGunsDemo/Plugins/GameFeatures/ShooterMaps/Content/Meshes/Expanse/Mesh_A_2_D03773.ubulk, pakchunk1-Windows, 264306688, 79695872, 19612, 904, 0x2b9a0100ac17c06826513ca763f8efd70b6a6710, BulkData, , pakchunk1, Windows, Base, Installed, 0, 79695872
1020, b6ee0a3bc65c760d00000002, 0xD765CC63B0AEEB6, , ../../../TPSGunsDemo/Plugins/GameFeatures/ShooterMaps/Content/Meshes/Expanse/Mesh_A_2_03EDC5.ubulk, pakchunk1-Windows, 264372224, 79697920, 369592, 8477, 0xc31b3ec68f4bf1d02535ba3996bd72155b893afb, BulkData, , pakchunk1, Windows, Base, Installed, 0, 79697920
1021, 7e97335403f4260b00000002, 0xB26F4035433977E, , ../../../TPSGunsDemo/Plugins/GameFeatures/ShooterMaps/Content/Meshes/Expanse/Mesh_A_2_B91289.ubulk, pakchunk1-Windows, 264765440, 79706448, 65020, 1208, 0xea1b4a8732c94fdbcd80d3aa24086ce24a61b3be, BulkData, , pakchunk1, Windows, Base, Installed, 0, 79706448
1022, ed0d964c5c71f30a00000002, 0xAF3715C4C960DED, , ../../../TPSGunsDemo/Plugins/GameFeatures/ShooterMaps/Content/Meshes/Expanse/Mesh_A_2_5E7B8E.ubulk, pakchunk1-Windows, 264830976, 79707664, 260, 260, 0x826077b797340908475c57656f040d4e0f18b4f9, BulkData, , pakchunk1, Windows, Base, Installed, 0, 79707664
1023, a8521b658565000a00000002, 0xA006585651B52A8, , ../../../TPSGunsDemo/Plugins/GameFeatures/ShooterMaps/Content/Meshes/Expanse/Mesh_A_2_3863E3.ubulk, pakchunk1-Windows, 264896512, 79708160, 334540, 6385, 0xf2fd6ba8aa37d046f5821059b60e17d32da4e47e, BulkData, , pakchunk1, Windows, Base, Installed, 0, 79708160
1024, bcfc4648314b6a0800000002, 0x86A4B314846FCBC, , ../../../TPSGunsDemo/Plugins/GameFeatures/ShooterMaps/Content/Meshes/Expanse/Mesh_A_2_D26128.ubulk, pakchunk1-Windows, 265289728, 79716352, 181336, 5043, 0x66ef866a09c5e7d77099d3a1d57189fb3df5e440, BulkData, , pakchunk1, Windows, Base, Installed, 0, 79716352
1025, 2b7ad262548b390700000002, 0x7398B5462D27A2B, , ../../../TPSGunsDemo/Plugins/GameFeatures/ShooterMaps/Content/Meshes/Expanse/Mesh_A_2_A23660.ubulk, pakchunk1-Windows, 265486336, 79721424, 11872, 251, 0x2df9a37fc216da73b3b2766166d875665feb3976, BulkData, , pakchunk1, Windows, Base, Installed, 0, 79721424
1026, db8f559c80ba090700000002, 0x709BA809C558FDB, , ../../../TPSGunsDemo/Plugins/GameFeatures/ShooterMaps/Content/Meshes/Expanse/Mesh_A_2_66D8ED.ubulk, pakchunk1-Windows, 265551872, 79722496, 52420, 3653, 0xb6bdb78007cda1d17860224def46435b7999d087, BulkData, , pakchunk1, Windows, Base, Installed, 0, 79722496
1027, e7816a25be09b10500000002, 0x5B109BE256A81E7, , ../../../TPSGunsDemo/Plugins/GameFeatures/ShooterMaps/Content/Meshes/UELogo.ubulk, pakchunk1-Windows, 265617408, 79726592, 2454543, 1241322, 0x121b9a2ff8daa63af75ac4882cdd34b8174c7cee, BulkData, , pakchunk1, Windows, Base, Installed, 0, 79726592
1028, df79e97aac9b610500000002, 0x5619BAC7AE979DF, , ../../../TPSGunsDemo/Plugins/GameFeatures/ShooterMaps/Content/Meshes/Expanse/Mesh_A_2_9D2FA2.ubulk, pakchunk1-Windows, 268107776, 80969728, 39840, 4298, 0xa2fda68aee3a66427861b7f0ae8d1fc245786f88, BulkData, , pakchunk1, Windows, Base, Installed, 0, 80969728
1029, 5ef27bd85fc8360500000002, 0x536C85FD87BF25E, , ../../../TPSGunsDemo/Plugins/GameFeatures/ShooterMaps/Content/Meshes/Expanse/Mesh_A_2_CFB02B.ubulk, pakchunk1-Windows, 268173312, 80974032, 1552, 311, 0x5ab7e6fda645df9506a423c45f7f9bb728026f40, BulkData, , pakchunk1, Windows, Base, Installed, 0, 80974032
1030, c628c678ee76130500000002, 0x51376EE78C628C6, , ../../../TPSGunsDemo/Plugins/GameFeatures/ShooterMaps/Content/Meshes/Expanse/Mesh_A_2_73BCB5.ubulk, pakchunk1-Windows, 268238848, 80974352, 13936, 228, 0xd9ed01b60b0a07aec890a193b1c7e274c48c4f01, BulkData, , pakchunk1, Windows, Base, Installed, 0, 80974352
1031, a0167c11a9faeb0400000002, 0x4EBFAA9117C16A0, , ../../../TPSGunsDemo/Plugins/GameFeatures/ShooterMaps/Content/Meshes/Expanse/Mesh_A_2_D71D44.ubulk, pakchunk1-Windows, 268304384, 80975872, 18580, 2068, 0xcb5ffbb0290c9e30aa2a96211488cdf460af5184, BulkData, , pakchunk1, Windows, Base, Installed, 0, 80975872
1032, 9a5fc5fc8fac350400000002, 0x435AC8FFCC55F9A, , ../../../TPSGunsDemo/Plugins/GameFeatures/ShooterMaps/Content/Meshes/Expanse/Mesh_A_2_30E606.ubulk, pakchunk1-Windows, 268369920, 80977952, 44380, 1287, 0x896be2e5f7934367654a54f408c9bbc2e4eba1f4, BulkData, , pakchunk1, Windows, Base, Installed, 0, 80977952
1033, 554b9140977a290400000002, 0x4297A9740914B55, , ../../../TPSGunsDemo/Plugins/GameFeatures/ShooterMaps/Content/Meshes/Expanse/Mesh_A_2_18A49A.ubulk, pakchunk1-Windows, 268435456, 80979968, 143960, 5472, 0x5b6652b5729e0820c31f4a5df77d363022b907c7, BulkData, , pakchunk1, Windows, Base, Installed, 0, 80979968
1034, b9c0d8652fe9a00300000002, 0x3A0E92F65D8C0B9, , ../../../TPSGunsDemo/Plugins/GameFeatures/ShooterMaps/Content/Meshes/Expanse/Mesh_A_2_C18AE2.ubulk, pakchunk1-Windows, 268632064, 80986112, 752332, 11869, 0xd825521232566a8ce65c4ab92e61d5149f1bff4f, BulkData, , pakchunk1, Windows, Base, Installed, 0, 80986112
1035, 4e55cd103fff7f0200000002, 0x27FFF3F10CD554E, , ../../../TPSGunsDemo/Plugins/GameFeatures/ShooterMaps/Content/Meshes/Expanse/Mesh_A_2_2D6CAC.ubulk, pakchunk1-Windows, 269418496, 80998400, 134824, 3402, 0x965191f17c9ef65cc04762478323584a5bc6bc50, BulkData, , pakchunk1, Windows, Base, Installed, 0, 80998400
1036, 1607c791c019170200000002, 0x21719C091C70716, , ../../../TPSGunsDemo/Plugins/GameFeatures/ShooterMaps/Content/Meshes/Expanse/Mesh_A_2_FFFDB7.ubulk, pakchunk1-Windows, 269615104, 81002496, 106328, 3964, 0x853cab2a54d12f54d2ffc8349bb3cda688ad9092, BulkData, , pakchunk1, Windows, Base, Installed, 0, 81002496
1037, c90a0c6f7ea1b2e800000002, 0xE8B2A17E6F0C0AC9, , ../../../TPSGunsDemo/Plugins/GameFeatures/ShooterMaps/Content/Meshes/Expanse/Mesh_A_2_1E58A3.ubulk, pakchunk1-Windows, 269746176, 81006592, 360185, 37787, 0x431afcf3864598179a59916d65caeff0059ce572, BulkData, , pakchunk1, Windows, Base, Installed, 0, 81006592
1038, 92fa05a631b7a5e700000002, 0xE7A5B731A605FA92, , ../../../TPSGunsDemo/Plugins/GameFeatures/ShooterMaps/Content/Meshes/Expanse/Mesh_A_2_2C9F67.ubulk, pakchunk1-Windows, 270139392, 81045504, 140848, 9853, 0x053014d29b54506cfa0c9be6d6a79e12a359f32b, BulkData, , pakchunk1, Windows, Base, Installed, 0, 81045504
1039, a4fa226b866abedb00000002, 0xDBBE6A866B22FAA4, , ../../../TPSGunsDemo/Plugins/GameFeatures/ShooterMaps/Content/Meshes/Expanse/Mesh_A_2_4791EE.ubulk, pakchunk1-Windows, 270336000, 81055744, 200632, 24162, 0x82d795d7093fb415f2934dc3713302c41da26ac9, BulkData, , pakchunk1, Windows, Base, Installed, 0, 81055744
1040, 5886afea9b0182c600000002, 0xC682019BEAAF8658, , ../../../TPSGunsDemo/Plugins/GameFeatures/ShooterMaps/Content/Meshes/Expanse/Mesh_A_2_A760DC.ubulk, pakchunk1-Windows, 270598144, 81080320, 208984, 2054, 0x87e8cb6c26ef9cc008a7baf233b7ffeafeab8797, BulkData, , pakchunk1, Windows, Base, Installed, 0, 81080320
1041, 8a54944fff27bdab00000002, 0xABBD27FF4F94548A, , ../../../TPSGunsDemo/Plugins/GameFeatures/ShooterMaps/Content/Meshes/Expanse/Mesh_A_2_0EE11E.ubulk, pakchunk1-Windows, 270860288, 81084416, 176548, 5640, 0x2cef6fc31c511ee2395bb6e532c8e6269d1610b6, BulkData, , pakchunk1, Windows, Base, Installed, 0, 81084416
1042, 5f311cc2d41c858500000002, 0x85851CD4C21C315F, , ../../../TPSGunsDemo/Plugins/GameFeatures/ShooterMaps/Content/Meshes/Expanse/Mesh_A_2_548D6B.ubulk, pakchunk1-Windows, 271056896, 81090560, 3100, 879, 0x4ab8b143bfde30377c16bc5e6b1b3cc731a89627, BulkData, , pakchunk1, Windows, Base, Installed, 0, 81090560
1043, 00d915ba360c917a00000002, 0x7A910C36BA15D900, , ../../../TPSGunsDemo/Plugins/GameFeatures/ShooterMaps/Content/Meshes/Expanse/Mesh_A_2_96C65A.ubulk, pakchunk1-Windows, 271122432, 81091440, 20644, 1029, 0xd616e0a5754b52a5c10d4d1f6a484f2c220b969a, BulkData, , pakchunk1, Windows, Base, Installed, 0, 81091440
1044, 8e2e8c4fe39d623d00000002, 0x3D629DE34F8C2E8E, , ../../../TPSGunsDemo/Plugins/GameFeatures/ShooterMaps/Content/Meshes/Expanse/Mesh_A_2_381B24.ubulk, pakchunk1-Windows, 271187968, 81092608, 193442, 41102, 0xfcb0ecbf1f3029ebc91b358a86d46d90fc833e90, BulkData, , pakchunk1, Windows, Base, Installed, 0, 81092608
1045, 9e9aa09ac1e3b73a00000002, 0x3AB7E3C19AA09A9E, , ../../../TPSGunsDemo/Plugins/GameFeatures/ShooterMaps/Content/Meshes/Expanse/Mesh_A_2_5CC092.ubulk, pakchunk1-Windows, 271384576, 81133744, 37156, 816, 0x6e0a9323ed9293617ee041cd010d4c3516fefd70, BulkData, , pakchunk1, Windows, Base, Installed, 0, 81133744
1046, 38555695c615012400000002, 0x240115C695565538, , ../../../TPSGunsDemo/Plugins/GameFeatures/ShooterMaps/Content/Meshes/Expanse/Mesh_A_2_7DA053.ubulk, pakchunk1-Windows, 271450112, 81135616, 41038, 10768, 0xffbd16833e1a94913b920e67fd4e4e20c3b84105, BulkData, , pakchunk1, Windows, Base, Installed, 0, 81135616
1047, 10a4387df518c81a00000002, 0x1AC818F57D38A410, , ../../../TPSGunsDemo/Plugins/GameFeatures/ShooterMaps/Content/Meshes/Expanse/Mesh_A_2_82FBB8.ubulk, pakchunk1-Windows, 271515648, 81147904, 208984, 2400, 0xac755c0eeb17912f2a6bd12761571c35f752e539, BulkData, , pakchunk1, Windows, Base, Installed, 0, 81147904
1048, 9cce325fc9340f1400000002, 0x140F34C95F32CE9C, , ../../../TPSGunsDemo/Plugins/GameFeatures/ShooterMaps/Content/Meshes/Expanse/Mesh_A_2_6755C8.ubulk, pakchunk1-Windows, 271777792, 81152000, 80984, 1691, 0x48ba1c2ab0797d493222c4dba880f249da31550e, BulkData, , pakchunk1, Windows, Base, Installed, 0, 81152000
1049, 199ed05e390b7cf100000002, 0xF17C0B395ED09E19, , ../../../TPSGunsDemo/Plugins/GameFeatures/ShooterMaps/Content/Meshes/Expanse/Mesh_A_2_5E608F.ubulk, pakchunk1-Windows, 271908864, 81154048, 23224, 1252, 0x54bad44fbfa49eb165f3ef64d90e9c4e0a6d6968, BulkData, , pakchunk1, Windows, Base, Installed, 0, 81154048
1050, 2cf74d1355ab29d000000002, 0xD029AB55134DF72C, , ../../../TPSGunsDemo/Plugins/GameFeatures/ShooterMaps/Content/Meshes/Expanse/Mesh_A_2_28A2AC.ubulk, pakchunk1-Windows, 271974400, 81156096, 115548, 9066, 0xb3baf7c364399620f47839b8bd61fb768cbce8e7, BulkData, , pakchunk1, Windows, Base, Installed, 0, 81156096
1051, 3afd55b185f1067800000002, 0x7806F185B155FD3A, , ../../../TPSGunsDemo/Plugins/GameFeatures/ShooterMaps/Content/Meshes/Expanse/Mesh_A_2_BB85A6.ubulk, pakchunk1-Windows, 272105472, 81166336, 84800, 5608, 0x1d952b0d84425df185d14edd96d469bf45d7e670, BulkData, , pakchunk1, Windows, Base, Installed, 0, 81166336
1052, 3df8c9949cd9b44800000002, 0x48B4D99C94C9F83D, , ../../../TPSGunsDemo/Plugins/GameFeatures/ShooterMaps/Content/Meshes/Expanse/Mesh_A_2_CEE282.ubulk, pakchunk1-Windows, 272236544, 81172480, 87872, 5276, 0x32d149f5a766025bb7961d697341eebb45e3eb8b, BulkData, , pakchunk1, Windows, Base, Installed, 0, 81172480
1053, cc6cc4e50da3f47600000002, 0x76F4A30DE5C46CCC, , ../../../TPSGunsDemo/Plugins/GameFeatures/ShooterMaps/Content/Meshes/Expanse/Mesh_A_2_D83A6F.ubulk, pakchunk1-Windows, 272367616, 81178624, 40276, 2288, 0xaab1abb6a913657df22a88a349afde51d9ce4102, BulkData, , pakchunk1, Windows, Base, Installed, 0, 81178624
1054, 545b8826d9c82a6400000002, 0x642AC8D926885B54, , ../../../TPSGunsDemo/Plugins/GameFeatures/ShooterMaps/Content/Meshes/Expanse/Mesh_A_2_3204DD.ubulk, pakchunk1-Windows, 272433152, 81182720, 103204, 2363, 0x1463af80afb1cf4faa90af0e8bcb99587c57e60d, BulkData, , pakchunk1, Windows, Base, Installed, 0, 81182720
1055, ea27fde2e37ef51400000002, 0x14F57EE3E2FD27EA, , ../../../TPSGunsDemo/Plugins/GameFeatures/ShooterMaps/Content/Meshes/Expanse/Mesh_A_2_A66FC6.ubulk, pakchunk1-Windows, 272564224, 81185104, 69664, 1667, 0x34cace62c4c147da4bd4b0b68d12ba29fbafb447, BulkData, , pakchunk1, Windows, Base, Installed, 0, 81185104
1056, 205e8c21e891e6d600000002, 0xD6E691E8218C5E20, , ../../../TPSGunsDemo/Plugins/GameFeatures/ShooterMaps/Content/Meshes/Expanse/Mesh_A_2_09FF96.ubulk, pakchunk1-Windows, 272695296, 81186816, 64504, 1572, 0x2ad4de3113d7ad1053d6d96f4d6d0cbfec821b1a, BulkData, , pakchunk1, Windows, Base, Installed, 0, 81186816
1057, 76963820ceeba3c200000002, 0xC2A3EBCE20389676, , ../../../TPSGunsDemo/Plugins/GameFeatures/ShooterMaps/Content/Meshes/Expanse/Mesh_A_2_7386B9.ubulk, pakchunk1-Windows, 272760832, 81188864, 13936, 503, 0xa57914ae6f6a2b1f2108fd32ac2b01687b50ac6e, BulkData, , pakchunk1, Windows, Base, Installed, 0, 81188864
1058, 1c5db09382a4b1a700000002, 0xA7B1A48293B05D1C, , ../../../TPSGunsDemo/Plugins/GameFeatures/ShooterMaps/Content/Meshes/Expanse/Mesh_A_2_602A69.ubulk, pakchunk1-Windows, 272826368, 81190912, 106816, 2399, 0x44cebd0496b41f3730deefe89cbd17fe7c596a24, BulkData, , pakchunk1, Windows, Base, Installed, 0, 81190912
1059, 5fa0889df541a76d00000002, 0x6DA741F59D88A05F, , ../../../TPSGunsDemo/Plugins/GameFeatures/ShooterMaps/Content/Meshes/Expanse_Blockout/ElevatorShaftC_3ED496.ubulk, pakchunk1-Windows, 272957440, 81195008, 688828, 11018, 0x2c1da912aecf27ff84b2298d4dfc590a9450775a, BulkData, , pakchunk1, Windows, Base, Installed, 0, 81195008
1060, d8beadb9e250835e00000002, 0x5E8350E2B9ADBED8, , ../../../TPSGunsDemo/Plugins/GameFeatures/ShooterMaps/Content/Meshes/Expanse/Mesh_A_2_3C3D27.ubulk, pakchunk1-Windows, 273678336, 81206112, 23224, 928, 0x800e2cf16b198c208ee831e22234c78a25d1d294, BulkData, , pakchunk1, Windows, Base, Installed, 0, 81206112
1061, b45caa1024f6255800000002, 0x5825F62410AA5CB4, , ../../../TPSGunsDemo/Plugins/GameFeatures/ShooterMaps/Content/Meshes/Expanse/Mesh_A_2_7E1EFF.ubulk, pakchunk1-Windows, 273743872, 81207296, 396212, 23673, 0xf5fb227cf414cfb3c29dcf2b350b05c30adce061, BulkData, , pakchunk1, Windows, Base, Installed, 0, 81207296
1062, ba77f2aa9253034600000002, 0x46035392AAF277BA, , ../../../TPSGunsDemo/Plugins/GameFeatures/ShooterMaps/Content/Meshes/Expanse/Mesh_A_2_36AA2A.ubulk, pakchunk1-Windows, 274202624, 81231872, 109224, 5707, 0x534c78f27e33e266d3b393346dabe3d5d6ae5505, BulkData, , pakchunk1, Windows, Base, Installed, 0, 81231872
1063, 4d2531a9cf92b23f00000002, 0x3FB292CFA931254D, , ../../../TPSGunsDemo/Plugins/GameFeatures/ShooterMaps/Content/Meshes/Expanse/Mesh_A_2_914EFE.ubulk, pakchunk1-Windows, 274333696, 81238016, 250780, 2644, 0x5486070822b3148011d0b4035de728c3b3e10f85, BulkData, , pakchunk1, Windows, Base, Installed, 0, 81238016
1064, e39e0fe6f3a69a1200000002, 0x129AA6F3E60F9EE3, , ../../../TPSGunsDemo/Plugins/GameFeatures/ShooterMaps/Content/Meshes/Expanse/Mesh_A_2_5B848E.ubulk, pakchunk1-Windows, 274595840, 81242112, 649044, 57558, 0x08ddac8d85401cc10deb3deb5a1c7c06b8f3145c, BulkData, , pakchunk1, Windows, Base, Installed, 0, 81242112
1065, a69b9ca627dddf0800000002, 0x8DFDD27A69C9BA6, , ../../../TPSGunsDemo/Plugins/GameFeatures/ShooterMaps/Content/Meshes/Expanse/Mesh_A_2_EAE80F.ubulk, pakchunk1-Windows, 275251200, 81301504, 112728, 6799, 0x4491379c485e28e54fc21ebd31262ce2bc0a231b, BulkData, , pakchunk1, Windows, Base, Installed, 0, 81301504
1066, db73f0386b3bbf0800000002, 0x8BF3B6B38F073DB, , ../../../TPSGunsDemo/Plugins/GameFeatures/ShooterMaps/Content/Meshes/Expanse/Mesh_A_2_9C7ACC.ubulk, pakchunk1-Windows, 275382272, 81309696, 250780, 2821, 0xb07f29d6eb88f6ef2e1b909789c7a61b400bbf92, BulkData, , pakchunk1, Windows, Base, Installed, 0, 81309696
1067, 8f428397e8d279aa00000002, 0xAA79D2E89783428F, , ../../../TPSGunsDemo/Plugins/LyraExampleContent/Content/Materials/Textures/T_Concrete_Glossiness.ubulk, pakchunk1-Windows, 275644416, 81313792, 2793472, 1303571, 0x152d38440ff2f26f12807e1fab902d96fddb382f, BulkData, , pakchunk1, Windows, Base, Installed, 0, 81313792
1068, 45cf2fb3719b63a600000002, 0xA6639B71B32FCF45, , ../../../TPSGunsDemo/Plugins/GameFeatures/ShooterMaps/Content/Meshes/FiringRange/SM_ModuleA_090.ubulk, pakchunk1-Windows, 278462464, 82618368, 81016, 1299, 0x956c813c726fc4ad6077d53d225a32b0d2cc95f3, BulkData, , pakchunk1, Windows, Base, Installed, 0, 82618368
1069, ab33f640fab16d9400000002, 0x946DB1FA40F633AB, , ../../../TPSGunsDemo/Plugins/GameFeatures/ShooterMaps/Content/Meshes/Expanse_Blockout/SM_TeleporterFrameA_3EC34D.ubulk, pakchunk1-Windows, 278593536, 82620416, 26868, 1568, 0x14073fe2118de18f0be6ba0644098a8f2ab252e0, BulkData, , pakchunk1, Windows, Base, Installed, 0, 82620416
1070, b4d035265cb4446a00000002, 0x6A44B45C2635D0B4, , ../../../TPSGunsDemo/Plugins/GameFeatures/ShooterMaps/Content/Meshes/Expanse_Blockout/SM_TeleporterFrameA_92CAB8.ubulk, pakchunk1-Windows, 278659072, 82622464, 26868, 1754, 0xe431704322d50dde67a4ec29797e086027748ceb, BulkData, , pakchunk1, Windows, Base, Installed, 0, 82622464
1071, 5fe3db5cbebd0fe800000002, 0xE80FBDBE5CDBE35F, , ../../../TPSGunsDemo/Plugins/GameFeatures/ShooterMaps/Content/Meshes/Expanse_Blockout/SkyBridgeTrimeA_DD17F1.ubulk, pakchunk1-Windows, 278724608, 82624512, 13936, 364, 0x02704f062a0c438710ba37b0123cb1bbb4a4ea07, BulkData, , pakchunk1, Windows, Base, Installed, 0, 82624512
1072, 19dcb75b89d1aec100000002, 0xC1AED1895BB7DC19, , ../../../TPSGunsDemo/Plugins/LyraExampleContent/Content/Materials/Textures/GlassPattern/T_Glass_Pattern_Option_05.ubulk, pakchunk1-Windows, 278790144, 82626560, 22364160, 3408940, 0xf8cafb321205e72a41d0fb21343d47affc7ab923, BulkData, , pakchunk1, Windows, Base, Installed, 0, 82626560
1073, ef48917fe187a9eb00000002, 0xEBA987E17F9148EF, , ../../../TPSGunsDemo/Plugins/GameFeatures/ShooterMaps/Content/Meshes/Expanse_Blockout/CurvedFrameK_A6442D.ubulk, pakchunk1-Windows, 301203456, 86038064, 6612, 18, 0xc0a068623778bc430196a55df88daa9b66b12727, BulkData, , pakchunk1, Windows, Base, Installed, 0, 86038064
1074, 0a2384ff8c20cc8000000002, 0x80CC208CFF84230A, , ../../../TPSGunsDemo/Plugins/GameFeatures/ShooterMaps/Content/Meshes/Expanse_Blockout/CurvedCornerJ_00A6B8.ubulk, pakchunk1-Windows, 301268992, 86038096, 26248, 17, 0x7f132a47ad5ada04cb42f98a38c1e3c0b8cf5eb7, BulkData, , pakchunk1, Windows, Base, Installed, 0, 86038096
1075, e6177f35098b6e6a00000002, 0x6A6E8B09357F17E6, , ../../../TPSGunsDemo/Plugins/GameFeatures/ShooterMaps/Content/Meshes/Expanse_Blockout/BridgeC_2A4BC0.ubulk, pakchunk1-Windows, 301334528, 86038128, 4540, 18, 0x25b87f077908c070406e339027ec13080db1989b, BulkData, , pakchunk1, Windows, Base, Installed, 0, 86038128
1076, f2d3d9a333953acd00000002, 0xCD3A9533A3D9D3F2, , ../../../TPSGunsDemo/Plugins/GameFeatures/ShooterMaps/Content/Meshes/Expanse_Blockout/ElevatorShaftB_9B1610.ubulk, pakchunk1-Windows, 301400064, 86038528, 1012708, 22895, 0x0d31aff9b5429d308b2724c549022cfe3420670b, BulkData, , pakchunk1, Windows, Base, Installed, 0, 86038528
1077, 189ac8c7e6397bf400000002, 0xF47B39E6C7C89A18, , ../../../TPSGunsDemo/Plugins/GameFeatures/ShooterMaps/Content/Meshes/Expanse_Blockout/SM_CurvedFloorPatchA_C1C156.ubulk, pakchunk1-Windows, 302448640, 86063104, 102720, 2655, 0x445c35aacc9a8fc86fdf0feeb0e572637395a26b, BulkData, , pakchunk1, Windows, Base, Installed, 0, 86063104
1078, 138eb1c3a8f8a5f900000002, 0xF9A5F8A8C3B18E13, , ../../../TPSGunsDemo/Plugins/GameFeatures/ShooterMaps/Content/Meshes/Expanse_Blockout/Block_1x1m_A_AE19EE2.ubulk, pakchunk1-Windows, 302579712, 86065776, 18064, 898, 0xec2a9138b4b770995edd1e7738f60a8ef1abc0bb, BulkData, , pakchunk1, Windows, Base, Installed, 0, 86065776
1079, df6dc1ea43daa3c900000002, 0xC9A3DA43EAC16DDF, , ../../../TPSGunsDemo/Plugins/GameFeatures/ShooterMaps/Content/Meshes/Expanse_Blockout/BridgeF_A24598.ubulk, pakchunk1-Windows, 302645248, 86067200, 756556, 6985, 0xeff1e225a37bc5a7e26b2005d3f36b3c3d1afff4, BulkData, , pakchunk1, Windows, Base, Installed, 0, 86067200
1080, 9a8dd42f0aa2f99200000002, 0x92F9A20A2FD48D9A, , ../../../TPSGunsDemo/Plugins/GameFeatures/ShooterMaps/Content/Meshes/Expanse_Blockout/ElevatorShaftA_6D6664.ubulk, pakchunk1-Windows, 303431680, 86075392, 372744, 9780, 0x86707b1dbdbaf91b446868a319ed624cc160a4ae, BulkData, , pakchunk1, Windows, Base, Installed, 0, 86075392
1081, f1492ff8fda8359200000002, 0x9235A8FDF82F49F1, , ../../../TPSGunsDemo/Plugins/GameFeatures/ShooterMaps/Content/Meshes/Expanse_Blockout/StairsB_12305C.ubulk, pakchunk1-Windows, 303824896, 86085632, 1467717, 45792, 0x7d7f9edfa6b8ee58dce344c4f0e391c0445db7bb, BulkData, , pakchunk1, Windows, Base, Installed, 0, 86085632
1082, c5f3ec2e0ab1b88f00000002, 0x8FB8B10A2EECF3C5, , ../../../TPSGunsDemo/Plugins/GameFeatures/ShooterMaps/Content/Meshes/Expanse_Blockout/WallC_C7EBFC.ubulk, pakchunk1-Windows, 305332224, 86132736, 1726128, 30135, 0x6c7092ecc42f59e73d5745620d4c89a95b71694a, BulkData, , pakchunk1, Windows, Base, Installed, 0, 86132736
1083, 78991dabe090948600000002, 0x869490E0AB1D9978, , ../../../TPSGunsDemo/Plugins/GameFeatures/ShooterMaps/Content/Meshes/Expanse_Blockout/CurvedCornerL_0E20B9.ubulk, pakchunk1-Windows, 307101696, 86163456, 763528, 21617, 0xadb5ac619034a6efd4b4f0bd3fd72228387b7b6a, BulkData, , pakchunk1, Windows, Base, Installed, 0, 86163456
1084, 56ddefe9029dad6600000002, 0x66AD9D02E9EFDD56, , ../../../TPSGunsDemo/Plugins/GameFeatures/ShooterMaps/Content/Meshes/Expanse_Blockout/Block_1x1m_A_AE19EE.ubulk, pakchunk1-Windows, 307888128, 86185984, 18064, 898, 0xec2a9138b4b770995edd1e7738f60a8ef1abc0bb, BulkData, , pakchunk1, Windows, Base, Installed, 0, 86185984
1085, e16159d98072c46300000002, 0x63C47280D95961E1, , ../../../TPSGunsDemo/Plugins/GameFeatures/ShooterMaps/Content/Meshes/Expanse_Blockout/StairsA_C2055F.ubulk, pakchunk1-Windows, 307953664, 86188032, 879116, 22644, 0xce08b98bc9a844e917a36b401d37fa1e7804f62d, BulkData, , pakchunk1, Windows, Base, Installed, 0, 86188032
1086, ab8c7a559e18584200000002, 0x4258189E557A8CAB, , ../../../TPSGunsDemo/Plugins/GameFeatures/ShooterMaps/Content/Meshes/Expanse_Blockout/SM_TeleporterFrameB_4E67A5.ubulk, pakchunk1-Windows, 308871168, 86212608, 70536, 2327, 0xb7c382402be6479b5e7c9f8fa32ff1ca83d41c8f, BulkData, , pakchunk1, Windows, Base, Installed, 0, 86212608
1087, 7fc542d6d4bc914000000002, 0x4091BCD4D642C57F, , ../../../TPSGunsDemo/Plugins/GameFeatures/ShooterMaps/Content/Meshes/Expanse_Blockout/SM_CurvedFloorPatchB_C82BD3.ubulk, pakchunk1-Windows, 309002240, 86214960, 136792, 1670, 0x2f899c2aa7eae09e37dcef7a92bad8b0229c8138, BulkData, , pakchunk1, Windows, Base, Installed, 0, 86214960
1088, f3e84f54b33c5d3500000002, 0x355D3CB3544FE8F3, , ../../../TPSGunsDemo/Plugins/GameFeatures/ShooterMaps/Content/Meshes/Expanse_Blockout/BridgeE_BE2BF9.ubulk, pakchunk1-Windows, 309198848, 86216704, 52824, 1157, 0xd39113e57f10a6e6054d4804375811b970843355, BulkData, , pakchunk1, Windows, Base, Installed, 0, 86216704
1089, bf129d10103b322c00000002, 0x2C323B10109D12BF, , ../../../TPSGunsDemo/Plugins/GameFeatures/ShooterMaps/Content/Meshes/Expanse_Blockout/PanelFloorD_D3F505.ubulk, pakchunk1-Windows, 309264384, 86218752, 130036, 3341, 0x4ebdbf0f17712bb6d78b98fd1639433df2a700e3, BulkData, , pakchunk1, Windows, Base, Installed, 0, 86218752
1090, 8ce9b55a1a974bc200000002, 0xC24B971A5AB5E98C, , ../../../TPSGunsDemo/Plugins/GameFeatures/ShooterMaps/Content/Meshes/Expanse_Blockout/CurvedCornerN_21DC0E.ubulk, pakchunk1-Windows, 309395456, 86222112, 1624, 18, 0xacd7962e5924ec17382ca7a365b8679aae643d19, BulkData, , pakchunk1, Windows, Base, Installed, 0, 86222112
1091, db8a2c73dcbbb13000000002, 0x30B1BBDC732C8ADB, , ../../../TPSGunsDemo/Plugins/GameFeatures/ShooterMaps/Content/Meshes/Expanse_Blockout/RampA_51A1CB.ubulk, pakchunk1-Windows, 309460992, 86222848, 1064800, 50216, 0x02d41ed9ba4f3ad2e220b3a02f0e80370145c33a, BulkData, , pakchunk1, Windows, Base, Installed, 0, 86222848
1092, 2b1fb49f4527372600000002, 0x263727459FB41F2B, , ../../../TPSGunsDemo/Plugins/GameFeatures/ShooterMaps/Content/Meshes/Expanse_Blockout/FloorE_0861E5.ubulk, pakchunk1-Windows, 310575104, 86274048, 208984, 2233, 0x51ed53090f395b1cefe9553df3ecfa2371e1c4b8, BulkData, , pakchunk1, Windows, Base, Installed, 0, 86274048
1093, a3cd96fdf52a591800000002, 0x18592AF5FD96CDA3, , ../../../TPSGunsDemo/Plugins/GameFeatures/ShooterMaps/Content/Meshes/Expanse_Blockout/FloorC_2EE61D.ubulk, pakchunk1-Windows, 310837248, 86278144, 177240, 3296, 0x1b39451a4d96dbf591e656f4087e8f648beefebd, BulkData, , pakchunk1, Windows, Base, Installed, 0, 86278144
1094, 5893eb6e11a5e7fd00000002, 0xFDE7A5116EEB9358, , ../../../TPSGunsDemo/Plugins/GameFeatures/ShooterMaps/Content/Meshes/Expanse_Blockout/CapsulePanelA_3EE9F1.ubulk, pakchunk1-Windows, 311033856, 86282240, 306104, 6265, 0x184cbc6f1418f99eaa96a6d121ed75a329f9a3d1, BulkData, , pakchunk1, Windows, Base, Installed, 0, 86282240
1095, 879123404206eef400000002, 0xF4EE064240239187, , ../../../TPSGunsDemo/Plugins/GameFeatures/ShooterMaps/Content/Meshes/Expanse_Blockout/WindowFrameB_D9E5E1.ubulk, pakchunk1-Windows, 311361536, 86290432, 61924, 3482, 0x667d37da52bd41c3bda52f90ea89ef3bca18c996, BulkData, , pakchunk1, Windows, Base, Installed, 0, 86290432
1096, 50974985a83b18f000000002, 0xF0183BA885499750, , ../../../TPSGunsDemo/Plugins/GameFeatures/ShooterMaps/Content/Meshes/Expanse_Blockout/CurvedFrameI_70EB60.ubulk, pakchunk1-Windows, 311427072, 86294528, 49684, 4558, 0xa3b9e9d195a10a10e4a50e3321b66359d0522bb2, BulkData, , pakchunk1, Windows, Base, Installed, 0, 86294528
1097, dc59a112d5ed67ee00000002, 0xEE67EDD512A159DC, , ../../../TPSGunsDemo/Plugins/GameFeatures/ShooterMaps/Content/Meshes/Expanse_Blockout/RampA_1402A7.ubulk, pakchunk1-Windows, 311492608, 86299088, 18064, 1101, 0x2d1017d71e9bd44043c91de65f6079f6115e8dfb, BulkData, , pakchunk1, Windows, Base, Installed, 0, 86299088
1098, 2bd29641e782e7eb00000002, 0xEBE782E74196D22B, , ../../../TPSGunsDemo/Plugins/GameFeatures/ShooterMaps/Content/Meshes/Expanse_Blockout/WallN_CC89C4.ubulk, pakchunk1-Windows, 311558144, 86300672, 441195, 22757, 0x303865094a5dbb530bce2b550c29342ee25b09f1, BulkData, , pakchunk1, Windows, Base, Installed, 0, 86300672
1099, 7f005fd3e7c12de000000002, 0xE02DC1E7D35F007F, , ../../../TPSGunsDemo/Plugins/GameFeatures/ShooterMaps/Content/Meshes/Expanse_Blockout/PanelFloorC_3E49C5.ubulk, pakchunk1-Windows, 312016896, 86325248, 116104, 2407, 0x1449ed5af6c92afb47023b659ae63d2704858195, BulkData, , pakchunk1, Windows, Base, Installed, 0, 86325248
1100, 3064b8eec051b4da00000002, 0xDAB451C0EEB86430, , ../../../TPSGunsDemo/Plugins/GameFeatures/ShooterMaps/Content/Meshes/Expanse_Blockout/WallG_1C05FB.ubulk, pakchunk1-Windows, 312147968, 86329344, 1875120, 34803, 0x927a55f3a3a41e09621f677d698ea4347fbfbda6, BulkData, , pakchunk1, Windows, Base, Installed, 0, 86329344
1101, f7d20e90ad40f5cd00000002, 0xCDF540AD900ED2F7, , ../../../TPSGunsDemo/Plugins/GameFeatures/ShooterMaps/Content/Meshes/Expanse_Blockout/WallL_2DDDBA.ubulk, pakchunk1-Windows, 314048512, 86366208, 199768, 3348, 0xf6bda803a85d7685986a696600ed8899508e563a, BulkData, , pakchunk1, Windows, Base, Installed, 0, 86366208
1102, 733e52215255b2bc00000002, 0xBCB2555221523E73, , ../../../TPSGunsDemo/Plugins/GameFeatures/ShooterMaps/Content/Meshes/Expanse_Blockout/CurvedCornerD_B066FD.ubulk, pakchunk1-Windows, 314310656, 86370304, 163032, 3654, 0x03d6dee42d72e01e8fe8470216f5a3dbfce27157, BulkData, , pakchunk1, Windows, Base, Installed, 0, 86370304
1103, e07643b347db1fb700000002, 0xB71FDB47B34376E0, , ../../../TPSGunsDemo/Plugins/GameFeatures/ShooterMaps/Content/Meshes/Expanse_Blockout/CurvedCornerM_37DFB0.ubulk, pakchunk1-Windows, 314507264, 86374400, 643120, 12575, 0xe982825fd8b4b676a6b7540e449bd67a75efbdf6, BulkData, , pakchunk1, Windows, Base, Installed, 0, 86374400
1104, 3038503c8598fab000000002, 0xB0FA98853C503830, , ../../../TPSGunsDemo/Plugins/GameFeatures/ShooterMaps/Content/Meshes/Expanse_Blockout/WallT_1C5B93.ubulk, pakchunk1-Windows, 315162624, 86388736, 334372, 5696, 0x77403ec234c47547ea6ffec338283b20e2997486, BulkData, , pakchunk1, Windows, Base, Installed, 0, 86388736
1105, 4592e121dc6dc1b000000002, 0xB0C16DDC21E19245, , ../../../TPSGunsDemo/Plugins/GameFeatures/ShooterMaps/Content/Meshes/Expanse_Blockout/CurvedFrameB_A96453.ubulk, pakchunk1-Windows, 315555840, 86394880, 1138624, 17929, 0x3b9ba32e4f39ceaee0fd567b07ea300afed42160, BulkData, , pakchunk1, Windows, Base, Installed, 0, 86394880
1106, 613a5797ff3273ad00000002, 0xAD7332FF97573A61, , ../../../TPSGunsDemo/Plugins/GameFeatures/ShooterMaps/Content/Meshes/Expanse_Blockout/WallW_ADBE4B.ubulk, pakchunk1-Windows, 316735488, 86413312, 46444, 2259, 0x1ffee4bd741bda2409277356d1aa3d856c3ca057, BulkData, , pakchunk1, Windows, Base, Installed, 0, 86413312
1107, eeddb603708c45ab00000002, 0xAB458C7003B6DDEE, , ../../../TPSGunsDemo/Plugins/GameFeatures/ShooterMaps/Content/Meshes/Expanse_Blockout/CurvedCornerI_9DE3E7.ubulk, pakchunk1-Windows, 316801024, 86417408, 1649444, 40600, 0x442407359b2416cf6cad1b97114c462b7ec8bc1b, BulkData, , pakchunk1, Windows, Base, Installed, 0, 86417408
1108, 75e7cfe4cababca900000002, 0xA9BCBACAE4CFE775, , ../../../TPSGunsDemo/Plugins/GameFeatures/ShooterMaps/Content/Meshes/Expanse_Blockout/CurvedCornerH_B658E9.ubulk, pakchunk1-Windows, 318504960, 86458368, 773680, 15623, 0x5f08905e42b1a6cf45d7b668813cb4df52f27613, BulkData, , pakchunk1, Windows, Base, Installed, 0, 86458368
1109, 0452dbb244a263a700000002, 0xA763A244B2DB5204, , ../../../TPSGunsDemo/Plugins/GameFeatures/ShooterMaps/Content/Meshes/Expanse_Blockout/CurvedFrameC_BBCBA1.ubulk, pakchunk1-Windows, 319291392, 86474752, 95832, 3144, 0x39d50a702852fd50e812399694804a8d6fe5bdd7, BulkData, , pakchunk1, Windows, Base, Installed, 0, 86474752
1110, 96be85be73475fa500000002, 0xA55F4773BE85BE96, , ../../../TPSGunsDemo/Plugins/GameFeatures/ShooterMaps/Content/Meshes/Expanse_Blockout/SM_WallJ_5BB90A.ubulk, pakchunk1-Windows, 319422464, 86478848, 339304, 5619, 0xd819e0aac7b8fc2095d6c8be726e739d3b67e0e5, BulkData, , pakchunk1, Windows, Base, Installed, 0, 86478848
1111, 00fd4441fcdc9d9f00000002, 0x9F9DDCFC4144FD00, , ../../../TPSGunsDemo/Plugins/GameFeatures/ShooterMaps/Content/Meshes/Expanse_Blockout/PanelFloorB_2EEFC7.ubulk, pakchunk1-Windows, 319815680, 86484992, 83596, 1762, 0xda2cf40d91418c566ade39d59fe584a896550f37, BulkData, , pakchunk1, Windows, Base, Installed, 0, 86484992
1112, ed0c72499bd0e09b00000002, 0x9BE0D09B49720CED, , ../../../TPSGunsDemo/Plugins/GameFeatures/ShooterMaps/Content/Meshes/Expanse_Blockout/WallV_52386B.ubulk, pakchunk1-Windows, 319946752, 86487040, 499464, 10474, 0x56a09289c859eaedfd2ce1d89d116fbd2788ffcd, BulkData, , pakchunk1, Windows, Base, Installed, 0, 86487040
1113, bbefe740e139869700000002, 0x978639E140E7EFBB, , ../../../TPSGunsDemo/Plugins/GameFeatures/ShooterMaps/Content/Meshes/Expanse_Blockout/PanelFloorC_38C6C5.ubulk, pakchunk1-Windows, 320471040, 86499328, 130036, 2339, 0x356d278d12e5bd263d358ffbc157aed4f9f2103f, BulkData, , pakchunk1, Windows, Base, Installed, 0, 86499328
1114, 0e5e2923ba65b89400000002, 0x94B865BA23295E0E, , ../../../TPSGunsDemo/Plugins/GameFeatures/ShooterMaps/Content/Meshes/Expanse_Blockout/WallH_457ECD.ubulk, pakchunk1-Windows, 320602112, 86503424, 110068, 2905, 0x723982fc4d82a1180b7a189ce7e97b465c31688f, BulkData, , pakchunk1, Windows, Base, Installed, 0, 86503424
1115, 7f3dda427d97b09000000002, 0x90B0977D42DA3D7F, , ../../../TPSGunsDemo/Plugins/GameFeatures/ShooterMaps/Content/Meshes/Expanse_Blockout/BridgeI_F882AC.ubulk, pakchunk1-Windows, 320733184, 86507520, 1574628, 36688, 0xe76fbf92103521e65c74fdd67d7c00b2bbcfd5c5, BulkData, , pakchunk1, Windows, Base, Installed, 0, 86507520
1116, c7d077c5970e8f8400000002, 0x848F0E97C577D0C7, , ../../../TPSGunsDemo/Plugins/GameFeatures/ShooterMaps/Content/Meshes/Expanse_Blockout/WallB_77E966.ubulk, pakchunk1-Windows, 322371584, 86544384, 153256, 1420, 0x7c6f06dc27d97d61d8896263c7ce0173256ae960, BulkData, , pakchunk1, Windows, Base, Installed, 0, 86544384
1117, 32531afdd1a7017d00000002, 0x7D01A7D1FD1A5332, , ../../../TPSGunsDemo/Plugins/GameFeatures/ShooterMaps/Content/Meshes/Expanse_Blockout/StairsD_09167C.ubulk, pakchunk1-Windows, 322568192, 86546432, 274612, 13919, 0xfa19a8f76f9112ac87d05e00f1bf1f44ad501d67, BulkData, , pakchunk1, Windows, Base, Installed, 0, 86546432
1118, 04d9eceb8f89577a00000002, 0x7A57898FEBECD904, , ../../../TPSGunsDemo/Plugins/GameFeatures/ShooterMaps/Content/Meshes/Expanse_Blockout/BridgePlatformA_5DAD14.ubulk, pakchunk1-Windows, 322895872, 86560768, 137304, 3956, 0xd1c82f7e6f01d5f604278b2fffc7cd3c8d51908e, BulkData, , pakchunk1, Windows, Base, Installed, 0, 86560768
1119, 16ea8c1285f42d7a00000002, 0x7A2DF485128CEA16, , ../../../TPSGunsDemo/Plugins/GameFeatures/ShooterMaps/Content/Meshes/Expanse_Blockout/WallD_B1D74E.ubulk, pakchunk1-Windows, 323092480, 86564864, 566716, 10501, 0x7b984c3ee0dac0d3e5e5114af44955068f10a6e7, BulkData, , pakchunk1, Windows, Base, Installed, 0, 86564864
1120, 2251980f9fdaba7900000002, 0x79BADA9F0F985122, , ../../../TPSGunsDemo/Plugins/GameFeatures/ShooterMaps/Content/Meshes/Expanse_Blockout/BridgeG_24FE19.ubulk, pakchunk1-Windows, 323682304, 86577152, 1288840, 13391, 0x1d033688c979427fdc046d4af3223eda843fc2cf, BulkData, , pakchunk1, Windows, Base, Installed, 0, 86577152
1121, da481b8ced8e697800000002, 0x78698EED8C1B48DA, , ../../../TPSGunsDemo/Plugins/GameFeatures/ShooterMaps/Content/Meshes/Expanse_Blockout/CurvedCornerK_E291AD.ubulk, pakchunk1-Windows, 324993024, 86591488, 1385608, 15317, 0x858737a43c732e05ca6d0b88cac251b795096e17, BulkData, , pakchunk1, Windows, Base, Installed, 0, 86591488
1122, ca42dca235d0de7700000002, 0x77DED035A2DC42CA, , ../../../TPSGunsDemo/Plugins/GameFeatures/ShooterMaps/Content/Meshes/Expanse_Blockout/CurvedCornerE_CDF25B.ubulk, pakchunk1-Windows, 326434816, 86607872, 466708, 8571, 0x87f411a6292589b32a53e720b8e80abbb466fe90, BulkData, , pakchunk1, Windows, Base, Installed, 0, 86607872
1123, 9fd764bb6706667300000002, 0x73660667BB64D79F, , ../../../TPSGunsDemo/Plugins/GameFeatures/ShooterMaps/Content/Meshes/Expanse_Blockout/PanelFloorA_9F0EC2.ubulk, pakchunk1-Windows, 326959104, 86618112, 130036, 1987, 0x45875ccd0c8fd54f9518eb49681a7014c573cd33, BulkData, , pakchunk1, Windows, Base, Installed, 0, 86618112
1124, 6df7c59fd6af8f7100000002, 0x718FAFD69FC5F76D, , ../../../TPSGunsDemo/Plugins/GameFeatures/ShooterMaps/Content/Meshes/Expanse_Blockout/BridgeD_745AEE.ubulk, pakchunk1-Windows, 327090176, 86620160, 938544, 25291, 0x4624298b04c6be7d333e9a4274b54286d7a8d7d0, BulkData, , pakchunk1, Windows, Base, Installed, 0, 86620160
1125, 351348f6e967fd6e00000002, 0x6EFD67E9F6481335, , ../../../TPSGunsDemo/Plugins/GameFeatures/ShooterMaps/Content/Meshes/Expanse_Blockout/SM_FloorD_968DF8.ubulk, pakchunk1-Windows, 328073216, 86646784, 219272, 26557, 0xb489401548c68c190bc469f7e23d698916bfc158, BulkData, , pakchunk1, Windows, Base, Installed, 0, 86646784
1126, 9a79edabfd5b2f6c00000002, 0x6C2F5BFDABED799A, , ../../../TPSGunsDemo/Plugins/GameFeatures/ShooterMaps/Content/Meshes/Expanse_Blockout/WallM_6F701A.ubulk, pakchunk1-Windows, 328335360, 86673408, 176476, 3905, 0x2018b5a3ac6bf55f96c0d71cd3b28aa5548ec556, BulkData, , pakchunk1, Windows, Base, Installed, 0, 86673408
1127, ac300ed68d83746b00000002, 0x6B74838DD60E30AC, , ../../../TPSGunsDemo/Plugins/GameFeatures/ShooterMaps/Content/Meshes/Expanse_Blockout/WallO_5E167F.ubulk, pakchunk1-Windows, 328531968, 86677504, 376168, 5217, 0x5a664048edadf47ce91036e5fe95a2a4902889a7, BulkData, , pakchunk1, Windows, Base, Installed, 0, 86677504
1128, 6ae25727ef3eb66300000002, 0x63B63EEF2757E26A, , ../../../TPSGunsDemo/Plugins/GameFeatures/ShooterMaps/Content/Meshes/Expanse_Blockout/WindowFrameC_0EB4BF.ubulk, pakchunk1-Windows, 328925184, 86683648, 106816, 3195, 0x1bf8e0984b6e149fb099037025517f63e8bc5638, BulkData, , pakchunk1, Windows, Base, Installed, 0, 86683648
1129, c3e21044f91d526200000002, 0x62521DF94410E2C3, , ../../../TPSGunsDemo/Plugins/GameFeatures/ShooterMaps/Content/Meshes/Expanse_Blockout/SM_BridgeH_1E9B32.ubulk, pakchunk1-Windows, 329056256, 86687744, 983884, 16629, 0xb466b1b3c1507f7d1260a3dffcc6b8f4073cfc2e, BulkData, , pakchunk1, Windows, Base, Installed, 0, 86687744
1130, 9e6fef30a598d56000000002, 0x60D598A530EF6F9E, , ../../../TPSGunsDemo/Plugins/GameFeatures/ShooterMaps/Content/Meshes/Expanse_Blockout/WallF_81EBEC.ubulk, pakchunk1-Windows, 330104832, 86706176, 595372, 14731, 0x492550ef3c5a9f6b9e80550627fe8433ecb56119, BulkData, , pakchunk1, Windows, Base, Installed, 0, 86706176
1131, 79b04c3178ee756000000002, 0x6075EE78314CB079, , ../../../TPSGunsDemo/Plugins/GameFeatures/ShooterMaps/Content/Meshes/Expanse_Blockout/CurvedFrameF_D58171.ubulk, pakchunk1-Windows, 330760192, 86722560, 530584, 13840, 0x63d587dd43b81d8a880cbf85d156250e24bf21e0, BulkData, , pakchunk1, Windows, Base, Installed, 0, 86722560
1132, ee0c5435e5427c5a00000002, 0x5A7C42E535540CEE, , ../../../TPSGunsDemo/Plugins/GameFeatures/ShooterMaps/Content/Meshes/Expanse_Blockout/WallP_4BBE39.ubulk, pakchunk1-Windows, 331350016, 86736896, 1146836, 19190, 0x6ec1b0e1d835af7e430f32619cac400c973eab06, BulkData, , pakchunk1, Windows, Base, Installed, 0, 86736896
1133, 7559c6e8b317ca4b00000002, 0x4BCA17B3E8C65975, , ../../../TPSGunsDemo/Plugins/GameFeatures/ShooterMaps/Content/Meshes/Expanse_Blockout/BridgeC_0FB30D.ubulk, pakchunk1-Windows, 332529664, 86757376, 296380, 5461, 0xf242db5415343d0c8d78e4c743e6f586ca3b7428, BulkData, , pakchunk1, Windows, Base, Installed, 0, 86757376
1134, d234387fe43e914b00000002, 0x4B913EE47F3834D2, , ../../../TPSGunsDemo/Plugins/GameFeatures/ShooterMaps/Content/Meshes/Expanse_Blockout/MixedCornerPanelB_F18C6B.ubulk, pakchunk1-Windows, 332857344, 86763520, 208984, 4348, 0xc7df06dd0b007dd96db31b05170d64a93629afdd, BulkData, , pakchunk1, Windows, Base, Installed, 0, 86763520
1135, 24d4f4c539b8974a00000002, 0x4A97B839C5F4D424, , ../../../TPSGunsDemo/Plugins/GameFeatures/ShooterMaps/Content/Meshes/Expanse_Blockout/CurvedCornerA_79A789.ubulk, pakchunk1-Windows, 333119488, 86769664, 764392, 9214, 0x788814617bf8727a6562a3a147cc4a4eba74dbf3, BulkData, , pakchunk1, Windows, Base, Installed, 0, 86769664
1136, e1712f213618f93d00000002, 0x3DF91836212F71E1, , ../../../TPSGunsDemo/Plugins/GameFeatures/ShooterMaps/Content/Meshes/Expanse_Blockout/BridgeH_79E7F1.ubulk, pakchunk1-Windows, 333905920, 86779904, 820628, 26019, 0x84ae3a9e88a02cc876e77cee4f9b0a97bca56bb1, BulkData, , pakchunk1, Windows, Base, Installed, 0, 86779904
1137, 1b6e785243fc263600000002, 0x3626FC4352786E1B, , ../../../TPSGunsDemo/Plugins/GameFeatures/ShooterMaps/Content/Meshes/Expanse_Blockout/StairsE_0D5A82.ubulk, pakchunk1-Windows, 334757888, 86806528, 872872, 31365, 0x6830b3d02d7b1d1e5f21ebb5fa6e8f64b1f20c04, BulkData, , pakchunk1, Windows, Base, Installed, 0, 86806528
1138, 23faa0540bdec22f00000002, 0x2FC2DE0B54A0FA23, , ../../../TPSGunsDemo/Plugins/GameFeatures/ShooterMaps/Content/Meshes/Expanse_Blockout/CurvedCornerF_0E6296.ubulk, pakchunk1-Windows, 335675392, 86839296, 778060, 19199, 0xead6ca35d9b3a119529de09486351aa3d87c3ec6, BulkData, , pakchunk1, Windows, Base, Installed, 0, 86839296
1139, fa84265a8ec2ec2a00000002, 0x2AECC28E5A2684FA, , ../../../TPSGunsDemo/Plugins/GameFeatures/ShooterMaps/Content/Meshes/Expanse_Blockout/CurvedFrameA_CED960.ubulk, pakchunk1-Windows, 336461824, 86859776, 1738468, 26072, 0x531186c3af60d1a953a66abfa7ccdd19545d46d3, BulkData, , pakchunk1, Windows, Base, Installed, 0, 86859776
1140, a90c378069eae11600000002, 0x16E1EA6980370CA9, , ../../../TPSGunsDemo/Plugins/GameFeatures/ShooterMaps/Content/Meshes/Expanse_Blockout/CurvedCornerB_A1B0FC.ubulk, pakchunk1-Windows, 338231296, 86886400, 629696, 9219, 0xcfde61e99bd2acbded0162bae7bc51f595ce729c, BulkData, , pakchunk1, Windows, Base, Installed, 0, 86886400
1141, dab3eab58294c80900000002, 0x9C89482B5EAB3DA, , ../../../TPSGunsDemo/Plugins/GameFeatures/ShooterMaps/Content/Meshes/Expanse_Blockout/MixedCornerPanelA_983A72.ubulk, pakchunk1-Windows, 338886656, 86896640, 208984, 3863, 0x3834683c760767939e9f11a6f6603c4f6dcf9f99, BulkData, , pakchunk1, Windows, Base, Installed, 0, 86896640
1142, 99f5f356b707fa0100000002, 0x1FA07B756F3F599, , ../../../TPSGunsDemo/Plugins/GameFeatures/ShooterMaps/Content/Meshes/Expanse_Blockout/CurvedPlatformA_44F777.ubulk, pakchunk1-Windows, 339148800, 86900736, 139324, 1707, 0xd8948ed57a3b3a7da1d899bc842eea8642b576d1, BulkData, , pakchunk1, Windows, Base, Installed, 0, 86900736
1143, 28374ecb627a945700000002, 0x57947A62CB4E3728, , ../../../TPSGunsDemo/Plugins/GameFeatures/ShooterMaps/Content/Meshes/Expanse_Blockout/RoundedBlockA_4375F3.ubulk, pakchunk1-Windows, 339345408, 86902784, 130036, 4587, 0xb5f871e9db32d72c028c8a296e12e407131b7f06, BulkData, , pakchunk1, Windows, Base, Installed, 0, 86902784
1144, ff46d884e9e29d3c00000002, 0x3C9DE2E984D846FF, , ../../../TPSGunsDemo/Plugins/GameFeatures/ShooterMaps/Content/Meshes/Expanse_Blockout/PanelPillA_11DB64.ubulk, pakchunk1-Windows, 339476480, 86907376, 7744, 1105, 0x8c0e6248d551d432839c1e935feb441cc7821313, BulkData, , pakchunk1, Windows, Base, Installed, 0, 86907376
1145, 416d3f9af5cafaf900000002, 0xF9FACAF59A3F6D41, , ../../../TPSGunsDemo/Plugins/LyraExampleContent/Content/Materials/Textures/GlassPattern/T_Glass_Opacity_Tiled.ubulk, pakchunk1-Windows, 339542016, 86908928, 2793472, 5908, 0x090a7d817600b9823d02e8d02591f8bee538e1de, BulkData, , pakchunk1, Windows, Base, Installed, 0, 86908928
1146, 367450ef191badda00000002, 0xDAAD1B19EF507436, , ../../../TPSGunsDemo/Plugins/LyraExampleContent/Content/Materials/Textures/GlassPattern/T_GlassTiles_N_1.ubulk, pakchunk1-Windows, 342360064, 86915072, 22364160, 516402, 0x6cdf7276c0a5fba8781857dea4975e5d853a3891, BulkData, , pakchunk1, Windows, Base, Installed, 0, 86915072
1147, 63b55362780a3fa300000002, 0xA33F0A786253B563, , ../../../TPSGunsDemo/Plugins/GameFeatures/ShooterMaps/Content/Meshes/Expanse_Blockout/MeshA_261D01.ubulk, pakchunk1-Windows, 364773376, 87435264, 55972, 4988, 0xbe9c9b2495d0a3e12131eb76767e847853e622be, BulkData, , pakchunk1, Windows, Base, Installed, 0, 87435264
1148, d2833aee305d009500000002, 0x95005D30EE3A83D2, , ../../../TPSGunsDemo/Plugins/GameFeatures/ShooterMaps/Content/Meshes/Expanse_Blockout/MeshA_651DD3.ubulk, pakchunk1-Windows, 364838912, 87441408, 95832, 4980, 0x57e9434a79c240539ac8f957ec0c3baab08ae2f3, BulkData, , pakchunk1, Windows, Base, Installed, 0, 87441408
1149, ee37482324a3cdfc00000002, 0xFCCDA324234837EE, , ../../../TPSGunsDemo/Plugins/GameFeatures/ShooterMaps/Content/Meshes/Convolution_Blockout/MeshA_931D72.ubulk, pakchunk1-Windows, 364969984, 87447552, 1359652, 178239, 0xcdc435904deba0cebeea695ee5df5313db177628, BulkData, , pakchunk1, Windows, Base, Installed, 0, 87447552
1150, f0ac1f37274569fa00000002, 0xFA694527371FACF0, , ../../../TPSGunsDemo/Plugins/GameFeatures/ShooterMaps/Content/Meshes/Convolution_Blockout/MeshA_DEF968.ubulk, pakchunk1-Windows, 366346240, 87627776, 106072, 17418, 0x8f79f0ba3a72e3993f101f19e1a350983ff60ce9, BulkData, , pakchunk1, Windows, Base, Installed, 0, 87627776
1151, 038da517115c6bf900000002, 0xF96B5C1117A58D03, , ../../../TPSGunsDemo/Plugins/GameFeatures/ShooterMaps/Content/Meshes/Expanse_Blockout/MeshA_B007D8.ubulk, pakchunk1-Windows, 366477312, 87646208, 331823, 16324, 0x2724707c96b4bd82e4903f1c16e23559b85ab79a, BulkData, , pakchunk1, Windows, Base, Installed, 0, 87646208
1152, e02a6d7d08105ff600000002, 0xF65F10087D6D2AE0, , ../../../TPSGunsDemo/Plugins/GameFeatures/ShooterMaps/Content/Meshes/Convolution_Blockout/MeshA_E09F18.ubulk, pakchunk1-Windows, 366870528, 87662592, 952370, 156117, 0x3867ffa4c4f0c0062587a627ea64ac9e826110cf, BulkData, , pakchunk1, Windows, Base, Installed, 0, 87662592
1153, a9a20f6ccb46cce300000002, 0xE3CC46CB6C0FA2A9, , ../../../TPSGunsDemo/Plugins/GameFeatures/ShooterMaps/Content/Meshes/Convolution_Blockout/MeshA_EF0433.ubulk, pakchunk1-Windows, 367853568, 87820288, 46756, 1768, 0xb5f228bc936815447d2283372a9386cb493ec89a, BulkData, , pakchunk1, Windows, Base, Installed, 0, 87820288
1154, 8549cff9da406d8e00000002, 0x8E6D40DAF9CF4985, , ../../../TPSGunsDemo/Plugins/GameFeatures/ShooterMaps/Content/Meshes/Expanse_Blockout/MeshA_6580D3.ubulk, pakchunk1-Windows, 367919104, 87822336, 69664, 748, 0x80527bb5472eb65ce470a6ebacec4235983ac53c, BulkData, , pakchunk1, Windows, Base, Installed, 0, 87822336
1155, ecf631d1179f6e8500000002, 0x856E9F17D131F6EC, , ../../../TPSGunsDemo/Plugins/GameFeatures/ShooterMaps/Content/Meshes/Convolution_Blockout/Mesh__08803D.ubulk, pakchunk1-Windows, 368050176, 87824384, 1364728, 19768, 0x8b2d0ba77f6b3356ebef24e29004704623bc7b39, BulkData, , pakchunk1, Windows, Base, Installed, 0, 87824384
1156, 3ada9fb695e4326a00000002, 0x6A32E495B69FDA3A, , ../../../TPSGunsDemo/Plugins/GameFeatures/ShooterMaps/Content/Meshes/Convolution_Blockout/MeshA_236ED6.ubulk, pakchunk1-Windows, 369426432, 87844864, 110168, 12197, 0x6ff79682d5ad266457af1abeea2457a4adad0209, BulkData, , pakchunk1, Windows, Base, Installed, 0, 87844864
1157, 5a2d9dc80af9d85800000002, 0x58D8F90AC89D2D5A, , ../../../TPSGunsDemo/Plugins/GameFeatures/ShooterMaps/Content/Meshes/Convolution_Blockout/MeshA_98BFC7.ubulk, pakchunk1-Windows, 369557504, 87857152, 497283, 28463, 0xc1d74585dce69cf4b698df37777e7c8c74117a6c, BulkData, , pakchunk1, Windows, Base, Installed, 0, 87857152
1158, 689268109a294f4c00000002, 0x4C4F299A10689268, , ../../../TPSGunsDemo/Plugins/GameFeatures/ShooterMaps/Content/Meshes/Convolution_Blockout/MeshA_C5D66C.ubulk, pakchunk1-Windows, 370081792, 87885824, 47704, 1918, 0x50d62179df4326ece70a83228c38617d726fff5b, BulkData, , pakchunk1, Windows, Base, Installed, 0, 87885824
1159, b1a9a50db6ef552f00000002, 0x2F55EFB60DA5A9B1, , ../../../TPSGunsDemo/Plugins/GameFeatures/ShooterMaps/Content/Meshes/Convolution_Blockout/MeshA__85DCA1.ubulk, pakchunk1-Windows, 370147328, 87887872, 10324, 897, 0xce5d52f42cb44f9e81a11bc4c33f89ad8cd20c67, BulkData, , pakchunk1, Windows, Base, Installed, 0, 87887872
1160, 8716de36ecce180f00000002, 0xF18CEEC36DE1687, , ../../../TPSGunsDemo/Plugins/GameFeatures/ShooterMaps/Content/Meshes/Convolution_Blockout/MeshA_5E0D13.ubulk, pakchunk1-Windows, 370212864, 87889920, 923911, 90694, 0xa4b4af1a74ecdc338ab456f3a5e6af8ada5cc001, BulkData, , pakchunk1, Windows, Base, Installed, 0, 87889920
1161, b217f03aa746c84c00000002, 0x4CC846A73AF017B2, , ../../../TPSGunsDemo/Plugins/GameFeatures/ShooterMaps/Content/Meshes/Expanse_Blockout/MeshA_210DB9.ubulk, pakchunk1-Windows, 371195904, 87982080, 208984, 2355, 0xf681eb42b46e1f79a4ccc7671bdc062817cde284, BulkData, , pakchunk1, Windows, Base, Installed, 0, 87982080
1162, a523410aa0afaefc00000002, 0xFCAEAFA00A4123A5, , ../../../TPSGunsDemo/Plugins/GameFeatures/ShooterMaps/Content/Meshes/Convolution_Blockout/MeshA__8CD6AB.ubulk, pakchunk1-Windows, 371458048, 87984448, 5680, 458, 0x35d078d39f00c1fe57ba1c37ce1752f5cd8f5564, BulkData, , pakchunk1, Windows, Base, Installed, 0, 87984448
1163, 2a7020c550044ef300000002, 0xF34E0450C520702A, , ../../../TPSGunsDemo/Plugins/GameFeatures/ShooterMaps/Content/Meshes/Expanse_Blockout/MeshA_8FDDCE.ubulk, pakchunk1-Windows, 371523584, 87986176, 49800, 1831, 0xea1ec5d1c2ded5611b36b59654dfa80da6ddea1f, BulkData, , pakchunk1, Windows, Base, Installed, 0, 87986176
1164, 1d81f2ecd8e3d8e500000002, 0xE5D8E3D8ECF2811D, , ../../../TPSGunsDemo/Plugins/GameFeatures/ShooterMaps/Content/Meshes/Expanse_Blockout/MeshA_F7E137.ubulk, pakchunk1-Windows, 371589120, 87988224, 313188, 5502, 0x50f56a9590ea64acb2b830ef3b805ff00267253d, BulkData, , pakchunk1, Windows, Base, Installed, 0, 87988224
1165, 29d09ed377524edc00000002, 0xDC4E5277D39ED029, , ../../../TPSGunsDemo/Plugins/GameFeatures/ShooterMaps/Content/Meshes/Convolution_Blockout/MeshA_DDDFE0.ubulk, pakchunk1-Windows, 371916800, 87994368, 97600, 3526, 0x3ecde8fa3ed22dfac0770bfa5b1d920edfaaaccb, BulkData, , pakchunk1, Windows, Base, Installed, 0, 87994368
1166, b0890ac39f5cf3db00000002, 0xDBF35C9FC30A89B0, , ../../../TPSGunsDemo/Plugins/GameFeatures/ShooterMaps/Content/Meshes/Expanse_Blockout/MeshA_6D7B2B.ubulk, pakchunk1-Windows, 372047872, 87998464, 194648, 4701, 0x45f4d09a4b9c87a4881c2e0ad069cd6bb085492c, BulkData, , pakchunk1, Windows, Base, Installed, 0, 87998464
1167, 1afd9f3ee6b595db00000002, 0xDB95B5E63E9FFD1A, , ../../../TPSGunsDemo/Plugins/GameFeatures/ShooterMaps/Content/Meshes/Convolution_Blockout/MeshA_8FCD15.ubulk, pakchunk1-Windows, 372244480, 88004608, 26868, 1881, 0x9685298b28cdf2ba739e49ef0f5a20e0cfc11fe6, BulkData, , pakchunk1, Windows, Base, Installed, 0, 88004608
1168, 288dda53dd9b4ddb00000002, 0xDB4D9BDD53DA8D28, , ../../../TPSGunsDemo/Plugins/GameFeatures/ShooterMaps/Content/Meshes/Convolution_Blockout/MeshA_898E56.ubulk, pakchunk1-Windows, 372310016, 88006656, 141163, 10132, 0xafae3d25c90deaaa39b754243f70f93579431e95, BulkData, , pakchunk1, Windows, Base, Installed, 0, 88006656
1169, b27e7874fb051ad800000002, 0xD81A05FB74787EB2, , ../../../TPSGunsDemo/Plugins/GameFeatures/ShooterMaps/Content/Meshes/Convolution_Blockout/MeshA_C223AB.ubulk, pakchunk1-Windows, 372506624, 88016896, 1515124, 172475, 0xdc46679c52306862aa4bbf16cb9e2f2ff5cffe51, BulkData, , pakchunk1, Windows, Base, Installed, 0, 88016896
1170, 50d27d1a18db07d400000002, 0xD407DB181A7DD250, , ../../../TPSGunsDemo/Plugins/GameFeatures/ShooterMaps/Content/Meshes/Convolution_Blockout/MeshA__1155CE.ubulk, pakchunk1-Windows, 374079488, 88190976, 19096, 2076, 0xa1e3b2d22787f77476a35c0d5c91e1b730f5590b, BulkData, , pakchunk1, Windows, Base, Installed, 0, 88190976
1171, 8c154c8b0669e4d300000002, 0xD3E469068B4C158C, , ../../../TPSGunsDemo/Plugins/GameFeatures/ShooterMaps/Content/Meshes/Convolution_Blockout/MeshA__DDFE44.ubulk, pakchunk1-Windows, 374145024, 88195072, 459780, 15480, 0x154ba48a566d5f452628f8d9a1b719953085c5ce, BulkData, , pakchunk1, Windows, Base, Installed, 0, 88195072
1172, 24213070382c24c600000002, 0xC6242C3870302124, , ../../../TPSGunsDemo/Plugins/GameFeatures/ShooterMaps/Content/Meshes/Convolution_Blockout/MeshA_4C179E.ubulk, pakchunk1-Windows, 374669312, 88211456, 383628, 6448, 0x1cf85c47a02f27db78edbf21805fcf22169a5de2, BulkData, , pakchunk1, Windows, Base, Installed, 0, 88211456
1173, ba50d926079794c500000002, 0xC594970726D950BA, , ../../../TPSGunsDemo/Plugins/GameFeatures/ShooterMaps/Content/Meshes/Expanse_Blockout/MeshA_6619EC.ubulk, pakchunk1-Windows, 375062528, 88217936, 23224, 779, 0x3daa181c01d2ea95f17761f937f7460db317140c, BulkData, , pakchunk1, Windows, Base, Installed, 0, 88217936
1174, c6b37e99678a4dc300000002, 0xC34D8A67997EB3C6, , ../../../TPSGunsDemo/Plugins/GameFeatures/ShooterMaps/Content/Meshes/Convolution_Blockout/MeshA_7C4B2B.ubulk, pakchunk1-Windows, 375128064, 88219648, 1268472, 26315, 0x7f33c5884e6c923d67894785bd6c3a6ded2b6f21, BulkData, , pakchunk1, Windows, Base, Installed, 0, 88219648
1175, b308e246d804b5b900000002, 0xB9B504D846E208B3, , ../../../TPSGunsDemo/Plugins/GameFeatures/ShooterMaps/Content/Meshes/Convolution_Blockout/MeshA_FCCF96.ubulk, pakchunk1-Windows, 376438784, 88246272, 106816, 6809, 0x6cdebe43100a1aaf87a1f474e7326c199cccd877, BulkData, , pakchunk1, Windows, Base, Installed, 0, 88246272
1176, 8941d889c9dc7eb700000002, 0xB77EDCC989D84189, , ../../../TPSGunsDemo/Plugins/GameFeatures/ShooterMaps/Content/Meshes/Convolution_Blockout/Mesh__0FA9DE.ubulk, pakchunk1-Windows, 376569856, 88254464, 153176, 3506, 0x2bcf824eb3559a25a71fcde19bb8ca0f7e406107, BulkData, , pakchunk1, Windows, Base, Installed, 0, 88254464
1177, 9751ceef5672deae00000002, 0xAEDE7256EFCE5197, , ../../../TPSGunsDemo/Plugins/GameFeatures/ShooterMaps/Content/Meshes/Expanse_Blockout/MeshA_09FE63.ubulk, pakchunk1-Windows, 376766464, 88258560, 267156, 21942, 0x40e7994e20ab6a5c629e25bf3d56647a00e13080, BulkData, , pakchunk1, Windows, Base, Installed, 0, 88258560
1178, b63a220bcd2a1da500000002, 0xA51D2ACD0B223AB6, , ../../../TPSGunsDemo/Plugins/GameFeatures/ShooterMaps/Content/Meshes/Convolution_Blockout/MeshA__2AE6C2.ubulk, pakchunk1-Windows, 377094144, 88281088, 113032, 3100, 0x9d8478923300432fcb8fcd937d120984ed539873, BulkData, , pakchunk1, Windows, Base, Installed, 0, 88281088
1179, 894a52167093919f00000002, 0x9F91937016524A89, , ../../../TPSGunsDemo/Plugins/GameFeatures/ShooterMaps/Content/Meshes/Convolution_Blockout/MeshA__C44FF5.ubulk, pakchunk1-Windows, 377225216, 88285184, 208984, 1299, 0x47e5d145010e3b9f1ffb3284b5d97697ecf75df8, BulkData, , pakchunk1, Windows, Base, Installed, 0, 88285184
1180, 4946e8bd1cb6749b00000002, 0x9B74B61CBDE84649, , ../../../TPSGunsDemo/Plugins/GameFeatures/ShooterMaps/Content/Meshes/Convolution_Blockout/MeshA_761D63.ubulk, pakchunk1-Windows, 377487360, 88287232, 228464, 68824, 0x06af99a0e2fbd347a956dcae7fcc698403966741, BulkData, , pakchunk1, Windows, Base, Installed, 0, 88287232
1181, 13fd431a6c6def8e00000002, 0x8EEF6D6C1A43FD13, , ../../../TPSGunsDemo/Plugins/GameFeatures/ShooterMaps/Content/Meshes/Expanse_Blockout/MeshA_BE0B22.ubulk, pakchunk1-Windows, 377749504, 88356096, 23224, 414, 0x1b5ebc0f77771a01cdf49f035e99fcd6f11e1349, BulkData, , pakchunk1, Windows, Base, Installed, 0, 88356096
1182, 29b65e628c9fbf7d00000002, 0x7DBF9F8C625EB629, , ../../../TPSGunsDemo/Plugins/GameFeatures/ShooterMaps/Content/Meshes/Expanse_Blockout/MeshA_45E13F.ubulk, pakchunk1-Windows, 377815040, 88356864, 377511, 21163, 0x3702b882ae7fbb5aacafacbc897c6d35abc1c24c, BulkData, , pakchunk1, Windows, Base, Installed, 0, 88356864
1183, a49bc9515cb4e27b00000002, 0x7BE2B45C51C99BA4, , ../../../TPSGunsDemo/Plugins/GameFeatures/ShooterMaps/Content/Meshes/Convolution_Blockout/MeshA_AECA18.ubulk, pakchunk1-Windows, 378208256, 88379392, 363882, 20090, 0xc26fed8a7786ca70c2604038009e2c1506f5352d, BulkData, , pakchunk1, Windows, Base, Installed, 0, 88379392
1184, f925359ea244217200000002, 0x722144A29E3525F9, , ../../../TPSGunsDemo/Plugins/GameFeatures/ShooterMaps/Content/Meshes/Expanse_Blockout/MeshA_5668F6.ubulk, pakchunk1-Windows, 378601472, 88399520, 8776, 259, 0x5b6d7b8a308ed119efc6e2b899dd15de021c24bd, BulkData, , pakchunk1, Windows, Base, Installed, 0, 88399520
1185, 91ea9eeef5f95d7100000002, 0x715DF9F5EE9EEA91, , ../../../TPSGunsDemo/Plugins/GameFeatures/ShooterMaps/Content/Meshes/Expanse_Blockout/MeshA_51846C.ubulk, pakchunk1-Windows, 378667008, 88399872, 459079, 21282, 0x79f23b058e28e97d645f88672ee0ad331d88c936, BulkData, , pakchunk1, Windows, Base, Installed, 0, 88399872
1186, 873c74fc1b5b516e00000002, 0x6E515B1BFC743C87, , ../../../TPSGunsDemo/Plugins/GameFeatures/ShooterMaps/Content/Meshes/Expanse_Blockout/MeshA_57F8E0.ubulk, pakchunk1-Windows, 379191296, 88421232, 65020, 1138, 0x146f46b75b79af177528d8bb8fef51efd8f2531d, BulkData, , pakchunk1, Windows, Base, Installed, 0, 88421232
1187, f7f220ce991c485d00000002, 0x5D481C99CE20F2F7, , ../../../TPSGunsDemo/Plugins/GameFeatures/ShooterMaps/Content/Meshes/Convolution_Blockout/MeshA_F323C3.ubulk, pakchunk1-Windows, 379256832, 88422400, 35152, 2344, 0xf83af4fdcac71da793d8fe816fefd02a9fac13ed, BulkData, , pakchunk1, Windows, Base, Installed, 0, 88422400
1188, a58f84aaccc6065500000002, 0x5506C6CCAA848FA5, , ../../../TPSGunsDemo/Plugins/GameFeatures/ShooterMaps/Content/Meshes/Convolution_Blockout/MeshA_53C696.ubulk, pakchunk1-Windows, 379322368, 88426496, 1554680, 158025, 0x4e40b60376ab1a39efde76876157ef3bc9840f36, BulkData, , pakchunk1, Windows, Base, Installed, 0, 88426496
1189, 06d7232db46eeb4c00000002, 0x4CEB6EB42D23D706, , ../../../TPSGunsDemo/Plugins/GameFeatures/ShooterMaps/Content/Meshes/Convolution_Blockout/MeshA_53AD96.ubulk, pakchunk1-Windows, 380895232, 88586240, 1825120, 309555, 0xb2e0f6aeb9ee94c4dfac6eaca3b58e988ecbafe6, BulkData, , pakchunk1, Windows, Base, Installed, 0, 88586240
1190, 5a922b333814393f00000002, 0x3F391438332B925A, , ../../../TPSGunsDemo/Plugins/GameFeatures/ShooterMaps/Content/Meshes/Convolution_Blockout/MeshA_528CED.ubulk, pakchunk1-Windows, 382730240, 88897536, 1199459, 263883, 0xa672db666f062c88f5ad34466df310fb52f19615, BulkData, , pakchunk1, Windows, Base, Installed, 0, 88897536
1191, 50af011f8728893500000002, 0x358928871F01AF50, , ../../../TPSGunsDemo/Plugins/GameFeatures/ShooterMaps/Content/Meshes/Convolution_Blockout/MeshA_9CD4DD.ubulk, pakchunk1-Windows, 383975424, 89161728, 363880, 80164, 0x02d21f0ee8efd0a455c73be611e55446a130fbf9, BulkData, , pakchunk1, Windows, Base, Installed, 0, 89161728
1192, 021c38005d673e3200000002, 0x323E675D00381C02, , ../../../TPSGunsDemo/Plugins/GameFeatures/ShooterMaps/Content/Meshes/Convolution_Blockout/Mesh__13072C.ubulk, pakchunk1-Windows, 384368640, 89243648, 357592, 8070, 0xe4d6eb301842b898e7318ca31f39387ed80abb1b, BulkData, , pakchunk1, Windows, Base, Installed, 0, 89243648
1193, 5743a3613ac6672d00000002, 0x2D67C63A61A34357, , ../../../TPSGunsDemo/Plugins/GameFeatures/ShooterMaps/Content/Meshes/Convolution_Blockout/MeshA_A0E610.ubulk, pakchunk1-Windows, 384761856, 89251840, 38299, 5852, 0xe794a1428d8409009f8521bb9468e095bcbca896, BulkData, , pakchunk1, Windows, Base, Installed, 0, 89251840
1194, 888746896a918d2800000002, 0x288D916A89468788, , ../../../TPSGunsDemo/Plugins/GameFeatures/ShooterMaps/Content/Meshes/Convolution_Blockout/MeshA_1EAE54.ubulk, pakchunk1-Windows, 384827392, 89257984, 256483, 15051, 0x514b71983f8c455338feb655ee8389d38f64177e, BulkData, , pakchunk1, Windows, Base, Installed, 0, 89257984
1195, f09433c9a561ca2500000002, 0x25CA61A5C93394F0, , ../../../TPSGunsDemo/Plugins/GameFeatures/ShooterMaps/Content/Meshes/Expanse_Blockout/MeshA_11A71C.ubulk, pakchunk1-Windows, 385089536, 89274368, 158932, 3066, 0x852588debfa97f2851335e912f2cd99bc32e085f, BulkData, , pakchunk1, Windows, Base, Installed, 0, 89274368
1196, 9baa08fa1ad5002400000002, 0x2400D51AFA08AA9B, , ../../../TPSGunsDemo/Plugins/GameFeatures/ShooterMaps/Content/Meshes/Convolution_Blockout/MeshA_B85A18.ubulk, pakchunk1-Windows, 385286144, 89278464, 462064, 110998, 0x9dab98a29ad4db53e1e9e30beb4b4c17bc6ab163, BulkData, , pakchunk1, Windows, Base, Installed, 0, 89278464
1197, 91ca81a6bbc6022300000002, 0x2302C6BBA681CA91, , ../../../TPSGunsDemo/Plugins/GameFeatures/ShooterMaps/Content/Meshes/Expanse_Blockout/MeshA_BB4365.ubulk, pakchunk1-Windows, 385810432, 89391104, 196696, 4223, 0x23805e9ae0d990da5960478a0420daabf2b447cf, BulkData, , pakchunk1, Windows, Base, Installed, 0, 89391104
1198, 33da54707577672200000002, 0x226777757054DA33, , ../../../TPSGunsDemo/Plugins/GameFeatures/ShooterMaps/Content/Meshes/Convolution_Blockout/Mesh__150F7B.ubulk, pakchunk1-Windows, 386072576, 89397248, 817528, 14074, 0xa8617e053f413fe7dc5e8219daf0a77f22477f77, BulkData, , pakchunk1, Windows, Base, Installed, 0, 89397248
1199, 1ff53e2c24f4791f00000002, 0x1F79F4242C3EF51F, , ../../../TPSGunsDemo/Plugins/GameFeatures/ShooterMaps/Content/Meshes/Convolution_Blockout/MeshA_4B79A0.ubulk, pakchunk1-Windows, 386924544, 89411584, 1091089, 258812, 0x4eb42ff838295dfa01fe8f2267d0f9af6cb01f1e, BulkData, , pakchunk1, Windows, Base, Installed, 0, 89411584
1200, 3bc70b69dbd7e5fc00000002, 0xFCE5D7DB690BC73B, , ../../../TPSGunsDemo/Plugins/GameFeatures/ShooterMaps/Content/Meshes/Expanse_Blockout/MeshA_68DC05.ubulk, pakchunk1-Windows, 388038656, 89670528, 36124, 931, 0x952a69f43208738e997e7671888be2f949b7a79f, BulkData, , pakchunk1, Windows, Base, Installed, 0, 89670528
1201, 34f299a0f1a9d6e500000002, 0xE5D6A9F1A099F234, , ../../../TPSGunsDemo/Plugins/GameFeatures/ShooterMaps/Content/Meshes/Convolution_Blockout/MeshA_544E7E.ubulk, pakchunk1-Windows, 388104192, 89671680, 302723, 13489, 0x8c947a55ab521ea9cbde6310bcafa21996f23c11, BulkData, , pakchunk1, Windows, Base, Installed, 0, 89671680
1202, b2e6eaf54c4cf5e400000002, 0xE4F54C4CF5EAE6B2, , ../../../TPSGunsDemo/Plugins/GameFeatures/ShooterMaps/Content/Meshes/Expanse_Blockout/MeshA_2D5981.ubulk, pakchunk1-Windows, 388431872, 89685216, 46444, 726, 0x2472d8277b1416eac362d4b880f10b4405e309b1, BulkData, , pakchunk1, Windows, Base, Installed, 0, 89685216
1203, 40ed0babd9167adc00000002, 0xDC7A16D9AB0BED40, , ../../../TPSGunsDemo/Plugins/GameFeatures/ShooterMaps/Content/Meshes/Expanse_Blockout/MeshA_0F7922.ubulk, pakchunk1-Windows, 388497408, 89686016, 267624, 3883, 0x3b8a3abd5adab4b831a162ba83162cdd569c17fa, BulkData, , pakchunk1, Windows, Base, Installed, 0, 89686016
1204, af7f22ecace80dd900000002, 0xD90DE8ACEC227FAF, , ../../../TPSGunsDemo/Plugins/GameFeatures/ShooterMaps/Content/Meshes/Convolution_Blockout/MeshA_26DCF6.ubulk, pakchunk1-Windows, 388825088, 89690112, 44380, 2020, 0x5e46900dd1a9cc16f64087d5034dad5ee1a0b5d3, BulkData, , pakchunk1, Windows, Base, Installed, 0, 89690112
1205, a5e3a56227af1cc100000002, 0xC11CAF2762A5E3A5, , ../../../TPSGunsDemo/Plugins/GameFeatures/ShooterMaps/Content/Meshes/Convolution_Blockout/MeshA_2B2BFB.ubulk, pakchunk1-Windows, 388890624, 89692160, 229990, 62350, 0xa1c6b5ef47a0762861b82e6c5d9adbb8e4eda3a6, BulkData, , pakchunk1, Windows, Base, Installed, 0, 89692160
1206, 30cb9860ea1219bf00000002, 0xBF1912EA6098CB30, , ../../../TPSGunsDemo/Plugins/GameFeatures/ShooterMaps/Content/Meshes/Convolution_Blockout/MeshA__D24D1A.ubulk, pakchunk1-Windows, 389152768, 89755648, 36637, 9690, 0x7f38735994cf96b90c7440e2f1007e165ec45e0a, BulkData, , pakchunk1, Windows, Base, Installed, 0, 89755648
1207, bfd017572f7e04aa00000002, 0xAA047E2F5717D0BF, , ../../../TPSGunsDemo/Plugins/GameFeatures/ShooterMaps/Content/Meshes/Convolution_Blockout/MeshA_51F752.ubulk, pakchunk1-Windows, 389218304, 89765888, 319215, 81648, 0x11bbae4302e0332aac766f09fccfded02dc37bec, BulkData, , pakchunk1, Windows, Base, Installed, 0, 89765888
1208, 9c9d92eafaa398a600000002, 0xA698A3FAEA929D9C, , ../../../TPSGunsDemo/Plugins/GameFeatures/ShooterMaps/Content/Meshes/Expanse_Blockout/MeshA_F9C7A5.ubulk, pakchunk1-Windows, 389545984, 89847808, 18580, 465, 0x9e75e87a4393b003b739e4c78d08698ddab76f2e, BulkData, , pakchunk1, Windows, Base, Installed, 0, 89847808
1209, 702e1ca27681e8a300000002, 0xA3E88176A21C2E70, , ../../../TPSGunsDemo/Plugins/GameFeatures/ShooterMaps/Content/Meshes/Convolution_Blockout/MeshA_42F814.ubulk, pakchunk1-Windows, 389611520, 89849856, 477641, 81286, 0xb1b9888abb8415b8c80d3aaca841b33e407cf3f4, BulkData, , pakchunk1, Windows, Base, Installed, 0, 89849856
1210, 692499c92b5031a100000002, 0xA131502BC9992469, , ../../../TPSGunsDemo/Plugins/GameFeatures/ShooterMaps/Content/Meshes/Convolution_Blockout/MeshA_FE219F.ubulk, pakchunk1-Windows, 390135808, 89931776, 326504, 32110, 0x478c4e254c91ee41f66d107ac9a8f467a2214eec, BulkData, , pakchunk1, Windows, Base, Installed, 0, 89931776
1211, 7c21e3521e455c6800000002, 0x685C451E52E3217C, , ../../../TPSGunsDemo/Plugins/GameFeatures/ShooterMaps/Content/Meshes/Convolution_Blockout/MeshA_7EB701.ubulk, pakchunk1-Windows, 390463488, 89964544, 238928, 7300, 0x996732f1ca212e948e58fb0d6af55a6e83b394a6, BulkData, , pakchunk1, Windows, Base, Installed, 0, 89964544
1212, f10ec38fe1626b5900000002, 0x596B62E18FC30EF1, , ../../../TPSGunsDemo/Plugins/GameFeatures/ShooterMaps/Content/Meshes/Convolution_Blockout/MeshA_9E0475.ubulk, pakchunk1-Windows, 390725632, 89971872, 2584, 447, 0x8d18e2fb64f335a13a5993df6f0f62b1970594c4, BulkData, , pakchunk1, Windows, Base, Installed, 0, 89971872
1213, d5723cbd0f9b104400000002, 0x44109B0FBD3C72D5, , ../../../TPSGunsDemo/Plugins/GameFeatures/ShooterMaps/Content/Meshes/Expanse_Blockout/MeshA_0AEAE9.ubulk, pakchunk1-Windows, 390791168, 89972736, 19096, 769, 0x54fd90c77a2a6c714c32447f6b7404908b4c36ce, BulkData, , pakchunk1, Windows, Base, Installed, 0, 89972736
1214, a574b8fbaa53363b00000002, 0x3B3653AAFBB874A5, , ../../../TPSGunsDemo/Plugins/GameFeatures/ShooterMaps/Content/Meshes/Convolution_Blockout/MeshA_468CEA.ubulk, pakchunk1-Windows, 390856704, 89974784, 83596, 1372, 0x42e8cf561c2c7344b70efbd534d6bb54384e814d, BulkData, , pakchunk1, Windows, Base, Installed, 0, 89974784
1215, 5ed33b03a919af2200000002, 0x22AF19A9033BD35E, , ../../../TPSGunsDemo/Plugins/GameFeatures/ShooterMaps/Content/Meshes/Convolution_Blockout/MeshA_6A6823.ubulk, pakchunk1-Windows, 390987776, 89976160, 2584, 571, 0xda33fee95f6b27eca42d0fd40c57de7397c08b97, BulkData, , pakchunk1, Windows, Base, Installed, 0, 89976160
1216, 96332b75908afc0d00000002, 0xDFC8A90752B3396, , ../../../TPSGunsDemo/Plugins/GameFeatures/ShooterMaps/Content/Meshes/Expanse_Blockout/MeshA_9F59D5.ubulk, pakchunk1-Windows, 391053312, 89976832, 210512, 7076, 0x0280be407a21f9e45c328f23738ba40db45ada36, BulkData, , pakchunk1, Windows, Base, Installed, 0, 89976832
1217, 3043e19dcab1980600000002, 0x698B1CA9DE14330, , ../../../TPSGunsDemo/Plugins/GameFeatures/ShooterMaps/Content/Meshes/Expanse_Blockout/MeshA_069AB9.ubulk, pakchunk1-Windows, 391315456, 89985024, 75476, 3148, 0xbdd85fe015be3bca370b8d0670ce6bd9cb9a3629, BulkData, , pakchunk1, Windows, Base, Installed, 0, 89985024
1218, 0f624743a277410600000002, 0x64177A24347620F, , ../../../TPSGunsDemo/Plugins/GameFeatures/ShooterMaps/Content/Meshes/Convolution_Blockout/MeshA_17F7D1.ubulk, pakchunk1-Windows, 391446528, 89988192, 1624, 18, 0xacd7962e5924ec17382ca7a365b8679aae643d19, BulkData, , pakchunk1, Windows, Base, Installed, 0, 89988192
1219, 514fdc3ba587f5de00000002, 0xDEF587A53BDC4F51, , ../../../TPSGunsDemo/Plugins/GameFeatures/ShooterMaps/Content/Meshes/Expanse/Mesh_A_2_A35EAD.ubulk, pakchunk1-Windows, 391512064, 89989120, 16516, 983, 0x8a15a4112759d0d93d5b389ec5888e08b7eaecf0, BulkData, , pakchunk1, Windows, Base, Installed, 0, 89989120
1220, c6f5e783378d093b00000002, 0x3B098D3783E7F5C6, , ../../../TPSGunsDemo/Plugins/GameFeatures/ShooterMaps/Content/Meshes/Expanse/Mesh_A_2_C3977A.ubulk, pakchunk1-Windows, 391577600, 89990112, 11872, 819, 0xad1e3c58f5580d694b89c7635805b43beebace31, BulkData, , pakchunk1, Windows, Base, Installed, 0, 89990112
1221, 478ac886324fc62000000002, 0x20C64F3286C88A47, , ../../../TPSGunsDemo/Plugins/GameFeatures/ShooterMaps/Content/Meshes/Expanse/Mesh_A_2_75A517.ubulk, pakchunk1-Windows, 391643136, 89991168, 3100, 422, 0xb82dbeb15db148a8eb3f4e6e7a656fe8310e7051, BulkData, , pakchunk1, Windows, Base, Installed, 0, 89991168
1222, c204017629ccbce700000002, 0xE7BCCC29760104C2, , ../../../TPSGunsDemo/Plugins/GameFeatures/ShooterMaps/Content/Meshes/Expanse/Mesh_A_2_0E1544.ubulk, pakchunk1-Windows, 391708672, 89993216, 460450, 13987, 0x44bc61629c5e362790fa41992745af82a6b160fe, BulkData, , pakchunk1, Windows, Base, Installed, 0, 89993216
1223, 600c5fd4884c74d600000002, 0xD6744C88D45F0C60, , ../../../TPSGunsDemo/Plugins/GameFeatures/ShooterMaps/Content/Meshes/Expanse/Mesh_A_2_AAB9D4.ubulk, pakchunk1-Windows, 392232960, 90007552, 279620, 7385, 0x5641b078b0f04b77e3bc4b1dae4754a1c8eba904, BulkData, , pakchunk1, Windows, Base, Installed, 0, 90007552
1224, 73e6369d668bf4a800000002, 0xA8F48B669D36E673, , ../../../TPSGunsDemo/Plugins/GameFeatures/ShooterMaps/Content/Meshes/Expanse/Mesh_A_2_519C61.ubulk, pakchunk1-Windows, 392560640, 90015744, 331238, 10719, 0x1651adb7acacc5f0ae5662af79fe7cc26aeede62, BulkData, , pakchunk1, Windows, Base, Installed, 0, 90015744
1225, a80d38034caa0f8200000002, 0x820FAA4C03380DA8, , ../../../TPSGunsDemo/Plugins/GameFeatures/ShooterMaps/Content/Meshes/Expanse/Mesh_A_2_BCC5ED.ubulk, pakchunk1-Windows, 392953856, 90028032, 302990, 23383, 0x947f636351e15f510ed1f2a77572247f4f40fbca, BulkData, , pakchunk1, Windows, Base, Installed, 0, 90028032
1226, 0f159f52437bda3f00000002, 0x3FDA7B43529F150F, , ../../../TPSGunsDemo/Plugins/GameFeatures/ShooterMaps/Content/Meshes/Expanse/Mesh_A_2_C85750.ubulk, pakchunk1-Windows, 393281536, 90052608, 713880, 8817, 0x55b2e23a24b1b3e52b2ce830e7be134a19fc522e, BulkData, , pakchunk1, Windows, Base, Installed, 0, 90052608
1227, 3c2ab619f3aaeb3100000002, 0x31EBAAF319B62A3C, , ../../../TPSGunsDemo/Plugins/GameFeatures/ShooterMaps/Content/Meshes/Expanse/Mesh_A_2_C8AD57.ubulk, pakchunk1-Windows, 394002432, 90062848, 46444, 1363, 0x11e0124466ac24790f9c3c3187e24306d33d405b, BulkData, , pakchunk1, Windows, Base, Installed, 0, 90062848
1228, 984ae1cd77016ac700000002, 0xC76A0177CDE14A98, , ../../../TPSGunsDemo/Plugins/GameFeatures/ShooterMaps/Content/Meshes/Expanse_Blockout/RampA_6B19EF.ubulk, pakchunk1-Windows, 394067968, 90064896, 187714, 37921, 0x4e9a2bd0d5e20bb767f7c43a1767c7a309142086, BulkData, , pakchunk1, Windows, Base, Installed, 0, 90064896
1229, 6dea3369aca6f60000000002, 0xF6A6AC6933EA6D, , ../../../TPSGunsDemo/Plugins/GameFeatures/ShooterMaps/Content/Meshes/Expanse/Mesh_A_2_9AC198.ubulk, pakchunk1-Windows, 394264576, 90103808, 250986, 20500, 0x049e24325451cd419159583affc51505397e5e1c, BulkData, , pakchunk1, Windows, Base, Installed, 0, 90103808
1230, 7e2ac81624e81ae200000002, 0xE21AE82416C82A7E, , ../../../TPSGunsDemo/Plugins/GameFeatures/ShooterMaps/Content/Meshes/FiringRange/SM_stairs_1.ubulk, pakchunk1-Windows, 394526720, 90126336, 1118612, 29172, 0x392df67136125382ba76f2277609c3a65c574072, BulkData, , pakchunk1, Windows, Base, Installed, 0, 90126336
1231, 2342e19b3411562500000002, 0x255611349BE14223, , ../../../TPSGunsDemo/Plugins/GameFeatures/ShooterMaps/Content/Meshes/FiringRange/SM_Railing_010.ubulk, pakchunk1-Windows, 395706368, 90157056, 103504, 5308, 0x01885c7a81fefb3a9078be64e7431f546a10727c, BulkData, , pakchunk1, Windows, Base, Installed, 0, 90157056
1232, 26c28b747e1d4c1100000002, 0x114C1D7E748BC226, , ../../../TPSGunsDemo/Plugins/LyraExampleContent/Content/Materials/Textures/T_StainlessBrushed_2K_normal.ubulk, pakchunk1-Windows, 395837440, 90163200, 5586944, 1206929, 0x536ebaf2073ee5ebae4cbe3f664261acd6f85c8b, BulkData, , pakchunk1, Windows, Base, Installed, 0, 90163200
1233, 991277643b54e62f00000006, 0x2FE6543B64771299, , <ContainerHeader>, pakchunk1-Windows, 401473536, 91371520, 35488, 35488, 0x7cba0052d6ad46288916183272ba85e3dacbcc5c, ContainerHeader, , pakchunk1, Windows, Base, Installed, 0, 91371520
